transaction_id,customer_id,transaction_date,transaction_type,transaction_amount,account_balance,created_at
1,100000,2026-01-01,,10487,46826,2025-10-27 14:55:41
2,100000,2025-08-25,debit,11112,35714,2025-12-13 14:55:41
3,100000,2025-13-40,debit,13186,"22,528",2025-10-14 14:55:41
4,100000,2025-08-13,credit,16722,39250,2025-12-31 14:55:41
5,100000,2025-10-18,credit,18494,57744,2025-09-20 14:55:41
6,100000,09/04/2025,credit,14321,72065,2025-10-25 14:55:41
7,100000,2025-11-29,,11334,72065,2025-10-07 14:55:41
8,100001,2025-07-20,credit,479,42353,2025-10-26 14:55:41
9,100001,2025-12-02,,6764,42353,2025-12-09 14:55:41
10,100001,2025-03-18,credit,"10,308",52661,2025-09-01 14:55:41
11,100001,2025-02-06,debit,10532,--,2025-11-19 14:55:41
12,100001,2025-04-23,debit,1094,41035,2025-09-26 14:55:41
13,100002,2025-01-27,debit,14570,11360,2025-12-04 14:55:41
14,100002,2025-10-25,,17124,11360,2025-07-10 14:55:41
15,100002,2025-13-40,credit,7092,18452,2025-09-23 14:55:41
16,100002,2025-07-15,debit,"₹13,317",5135,2025-08-04 14:55:41
17,100002,2025-12-27,credit,"12,969",18104,2026-01-06 14:55:41
18,100002,2025-05-09,credit,467500,485604,2025-08-18 14:55:41
19,100002,2025-12-06,debit,12379,--,2025-12-10 14:55:41
20,100002,2025-12-10,credit,"₹12,162",485387,2025-08-10 14:55:41
21,100002,2025-05-17,,,485387,2025-12-12 14:55:41
22,100002,25/01/2025,,12554,"₹485,387",2025-11-21 14:55:41
23,100002,2025-13-40,credit,15787,501174,2025-08-07 14:55:41
24,100003,2025-05-13,credit,10780,42548,2025-07-10 14:55:41
25,100003,2025-10-21,credit,"₹4,323",46871,2025-12-24 14:55:41
26,100003,2025-05-26,,3648,46871,2025-09-21 14:55:41
27,100003,2025-09-25,,19112,46871,2025-12-11 14:55:41
28,100003,2025-01-19,,12816,"46,871",2025-11-18 14:55:41
29,100003,2025-06-16,credit,18946,65817,2025-10-06 14:55:41
30,100003,2025-04-21,debit,"₹8,811",57006,2025-10-23 14:55:41
31,100003,2025-04-07,debit,11373,45633,2025-10-22 14:55:41
32,100003,2025-05-16,credit,"12,174","57,807",2025-12-20 14:55:41
33,100003,2026-01-01,debit,4338,53469,2025-09-10 14:55:41
34,100003,2025-09-20,credit,,58312,2025-08-17 14:55:41
35,100003,2025-10-17,,17404,58312,2025-12-06 14:55:41
36,100003,2025-02-22,,5627,58312,2025-09-01 14:55:41
37,100003,2025-11-10,debit,6825,51487,2025-10-02 14:55:41
38,100003,2025-08-29,debit,4660,46827,2025-11-25 14:55:41
39,100003,2025-11-11,,2389,46827,2025-11-16 14:55:41
40,100003,2025-03-24,,N/A,"46,827",2025-11-08 14:55:41
41,100003,2025-07-26,credit,--,66226,2026-01-15 14:55:41
42,100003,2025-09-25,debit,17378,48848,2025-12-17 14:55:41
43,100003,2025-11-10,debit,5235,43613,2026-01-07 14:55:41
44,100004,2025-11-18,debit,14156,0,2025-11-21 14:55:41
45,100004,2025-02-16,,19969,0,2025-07-22 14:55:41
46,100004,2025-08-05,credit,3646,0,2025-09-09 14:55:41
47,100004,2025-12-09,debit,"₹11,887",0,2025-08-19 14:55:41
48,100004,2025-13-40,credit,16186,2183,2025-10-12 14:55:41
49,100004,2025-02-26,,"₹3,430",2183,2025-08-16 14:55:41
50,100004,2025-07-22,,1506,2183,2025-10-07 14:55:41
51,100004,2025-11-19,,"14,349","2,183",2025-12-23 14:55:41
52,100004,2025-08-01,credit,15162,17345,2025-11-15 14:55:41
53,100004,2025-01-26,debit,15214,--,2025-08-30 14:55:41
54,100004,2025-07-26,debit,5837,0,2025-11-20 14:55:41
55,100004,2025-06-07,credit,3163,N/A,2025-11-11 14:55:41
56,100004,2025-09-07,debit,11242,0,2025-12-20 14:55:41
57,100005,26/12/2025,,18565,34169,2025-12-25 14:55:41
58,100005,2025-11-04,,"₹13,459",34169,2025-10-11 14:55:41
59,100005,2025-06-01,,18881,34169,2025-12-09 14:55:41
60,100005,2025-05-22,credit,16403,50572,2025-11-23 14:55:41
61,100005,2025-06-02,credit,880,51452,2025-11-29 14:55:41
62,100005,2025-09-24,,13294,51452,2025-10-16 14:55:41
63,100005,2025-05-16,debit,12331,39121,2025-07-24 14:55:41
64,100005,2025-12-27,credit,"17,838",56959,2025-09-02 14:55:41
65,100005,2025-11-07,credit,11614,68573,2025-08-23 14:55:41
66,100005,2025-08-25,,14548,--,2025-08-27 14:55:41
67,100005,2025-13-40,debit,5045,63528,2025-07-15 14:55:41
68,100005,2025-11-04,debit,14317,49211,2025-09-02 14:55:41
69,100005,2025-06-06,debit,7820,"₹41,391",2025-07-27 14:55:41
70,100005,2025-01-05,,1935,41391,2025-09-04 14:55:41
71,100006,2025-04-11,credit,19910,"68,918",2025-07-15 14:55:41
72,100006,2025-02-16,credit,13423,82341,2025-12-13 14:55:41
73,100006,2025-04-05,credit,10397,92738,2025-10-07 14:55:41
74,100006,30/06/2025,,2872,"92,738",2025-08-28 14:55:41
75,100006,2025-07-12,credit,,235763,2025-08-25 14:55:41
76,100006,2025-02-06,credit,6376,242139,2025-07-27 14:55:41
77,100006,2025-13-40,debit,19008,223131,2025-09-26 14:55:41
78,100006,2025-01-21,,4141,223131,2025-09-07 14:55:41
79,100006,2025-02-22,debit,6529,216602,2025-08-30 14:55:41
80,100006,2025-13-40,credit,18368,234970,2025-10-06 14:55:41
81,100007,2025-12-05,,19570,32485,2025-08-23 14:55:41
82,100007,2025-09-26,debit,18103,14382,2025-08-10 14:55:41
83,100007,2025-08-12,debit,2899,11483,2025-09-12 14:55:41
84,100007,2025-05-29,,"2,006",11483,2025-08-24 14:55:41
85,100007,2025-11-26,debit,"1,771",N/A,2026-01-04 14:55:41
86,100007,2025-12-18,debit,--,0,2025-12-23 14:55:41
87,100008,2026-01-01,debit,2590,12930,2025-10-12 14:55:41
88,100008,2025-12-20,credit,242925,255855,2025-10-10 14:55:41
89,100008,2025-07-11,debit,1666,254189,2025-07-27 14:55:41
90,100008,2025-11-18,debit,6913,,2025-10-04 14:55:41
91,100008,2025-04-09,debit,8504,238772,2025-08-01 14:55:41
92,100008,2025-02-07,,3948,N/A,2025-07-12 14:55:41
93,100008,2025-12-16,,13248,238772,2025-10-08 14:55:41
94,100008,2025-04-15,credit,18378,"257,150",2025-12-20 14:55:41
95,100008,2025-07-19,credit,2939,260089,2025-12-12 14:55:41
96,100008,2025-01-23,,N/A,260089,2025-12-09 14:55:41
97,100009,2025-06-30,debit,"6,774",5729,2025-11-21 14:55:41
98,100009,2025-04-11,debit,14580,0,2025-12-07 14:55:41
99,100009,2025-06-13,credit,3849,0,2025-10-27 14:55:41
100,100009,2025-03-16,credit,"196,400",191398,2025-11-21 14:55:41
101,100009,2025-01-20,,18077,191398,2025-11-06 14:55:41
102,100009,2025-07-19,debit,7987,183411,2025-12-09 14:55:41
103,100009,2025-07-05,credit,4931,188342,2025-12-07 14:55:41
104,100009,2025-01-12,debit,10025,178317,2025-10-07 14:55:41
105,100009,2025-11-18,debit,7019,171298,2025-10-10 14:55:41
106,100009,2025-06-23,debit,13270,158028,2025-07-15 14:55:41
107,100009,2025-11-14,debit,15383,142645,2025-12-12 14:55:41
108,100009,2025-10-06,,15021,142645,2025-11-23 14:55:41
109,100009,2025-03-23,,12792,"142,645",2025-08-25 14:55:41
110,100010,2025-12-16,,5307,--,2025-11-16 14:55:41
111,100010,2025-03-09,debit,10561,39327,2025-12-24 14:55:41
112,100010,2025-02-14,credit,484,"39,811",2025-10-18 14:55:41
113,100010,2025-03-20,credit,10278,50089,2025-09-18 14:55:41
114,100010,2025-04-01,debit,10136,--,2025-09-03 14:55:41
115,100010,2025-07-30,credit,18604,58557,2025-12-19 14:55:41
116,100010,2025-03-18,debit,"₹3,380",55177,2026-01-12 14:55:41
117,100010,2025-07-06,debit,,35812,2025-10-21 14:55:41
118,100010,2025-02-14,debit,2457,33355,2025-07-30 14:55:41
119,100010,2025-11-22,debit,9779,23576,2026-01-13 14:55:41
120,100010,2025-10-31,debit,5739,17837,2026-01-11 14:55:41
121,100010,2025-03-28,credit,8025,25862,2025-07-07 14:55:41
122,100010,2025-12-05,credit,"₹11,109",36971,2026-01-13 14:55:41
123,100011,2025-07-15,debit,1379,30430,2025-10-01 14:55:41
124,100011,26/06/2025,credit,11545,41975,2025-07-30 14:55:41
125,100011,2025-12-09,debit,"16,872",25103,2025-12-03 14:55:41
126,100011,21/03/2025,,,"25,103",2025-08-12 14:55:41
127,100011,2025-10-27,,15298,25103,2025-12-13 14:55:41
128,100011,12/02/2025,credit,"3,204",28307,2025-07-18 14:55:41
129,100011,2025-06-15,,17545,28307,2025-09-19 14:55:41
130,100011,2025-12-14,,2207,28307,2025-09-01 14:55:41
131,100011,2025-04-08,,"4,263",28307,2025-12-07 14:55:41
132,100011,2025-11-01,debit,19911,8396,2025-11-17 14:55:41
133,100011,2025-12-03,,--,8396,2026-01-02 14:55:41
134,100012,2025-12-13,,14812,6239,2025-10-17 14:55:41
135,100012,2025-11-08,,2358,6239,2025-10-15 14:55:41
136,100012,2025-09-09,debit,N/A,0,2025-09-20 14:55:41
137,100012,2025-06-17,debit,15392,0,2026-01-11 14:55:41
138,100012,2025-06-13,debit,"5,095",0,2025-08-19 14:55:41
139,100012,2025-04-23,credit,₹737,0,2025-11-01 14:55:41
140,100012,2025-10-10,debit,7662,0,2025-09-15 14:55:41
141,100012,2025-02-01,debit,3673,0,2025-09-13 14:55:41
142,100012,2025-08-03,debit,624,0,2025-08-14 14:55:41
143,100012,09/03/2025,,9437,₹0,2025-09-18 14:55:41
144,100012,2025-08-18,debit,13864,0,2025-08-08 14:55:41
145,100012,2025-09-02,debit,18386,0,2025-08-09 14:55:41
146,100012,2025-04-29,,19626,0,2025-10-29 14:55:41
147,100012,2025-02-19,debit,"5,061",0,2025-07-15 14:55:41
148,100012,2025-08-20,debit,6530,0,2025-11-15 14:55:41
149,100012,2025-01-03,debit,11870,0,2025-10-29 14:55:41
150,100012,2025-10-03,credit,6366,0,2025-11-29 14:55:41
151,100012,2025-09-17,debit,8333,0,2025-12-12 14:55:41
152,100013,2025-11-27,debit,2779,40926,2025-12-08 14:55:41
153,100013,2025-06-11,credit,N/A,50089,2025-10-27 14:55:41
154,100013,2025-03-06,credit,10899,60988,2025-08-10 14:55:41
155,100013,2025-13-40,debit,6032,54956,2025-08-25 14:55:41
156,100013,2025-09-20,credit,4521,"₹59,477",2025-07-19 14:55:41
157,100014,2025-06-24,credit,"13,721","38,122",2025-10-08 14:55:41
158,100014,2025-10-09,credit,"₹6,991",45113,2025-08-05 14:55:41
159,100014,2025-01-14,credit,"7,589",52702,2025-12-13 14:55:41
160,100014,16/06/2025,debit,13169,39533,2025-08-30 14:55:41
161,100014,2025-04-14,,,39533,2025-10-15 14:55:41
162,100014,2025-03-27,debit,"7,172",32361,2025-10-14 14:55:41
163,100014,2025-03-24,credit,8597,"₹40,958",2026-01-10 14:55:41
164,100014,2025-12-01,,16970,40958,2025-11-26 14:55:41
165,100014,2025-10-20,,9984,40958,2026-01-04 14:55:41
166,100014,2025-04-29,,,40958,2025-11-26 14:55:41
167,100014,2025-07-19,,10926,40958,2025-08-18 14:55:41
168,100014,2025-12-09,credit,2745,43703,2025-11-08 14:55:41
169,100014,2025-06-06,debit,12698,31005,2025-10-01 14:55:41
170,100014,2025-07-11,credit,"9,374",40379,2025-11-11 14:55:41
171,100014,2025-04-16,credit,1195,"₹41,574",2025-09-23 14:55:41
172,100014,25/10/2025,,"18,466","41,574",2025-11-23 14:55:41
173,100015,2025-01-21,debit,14371,0,2026-01-01 14:55:41
174,100015,2025-05-25,,9426,0,2025-11-30 14:55:41
175,100015,2025-08-19,credit,1645,0,2025-11-19 14:55:41
176,100015,2025-01-26,debit,12128,0,2025-10-14 14:55:41
177,100015,2025-10-05,credit,10709,0,2025-10-21 14:55:41
178,100015,2025-03-18,,16404,0,2025-12-13 14:55:41
179,100015,2025-07-04,,15488,0,2025-08-10 14:55:41
180,100015,25/06/2025,,5424,0,2025-10-08 14:55:41
181,100015,2025-08-04,credit,16629,5443,2025-12-06 14:55:41
182,100015,2025-12-18,,11173,5443,2025-09-06 14:55:41
183,100015,2025-07-22,credit,19107,"₹24,550",2025-09-23 14:55:41
184,100015,2025-12-23,credit,219,24769,2025-07-24 14:55:41
185,100015,2025-05-05,debit,10124,,2026-01-10 14:55:41
186,100015,2025-04-18,credit,2537,17182,2026-01-15 14:55:41
187,100015,2025-13-40,debit,12905,4277,2025-08-19 14:55:41
188,100015,2025-09-10,credit,"16,583",20860,2025-09-02 14:55:41
189,100015,2025-08-06,,19438,,2026-01-08 14:55:41
190,100016,2025-05-11,,3216,32121,2025-07-10 14:55:41
191,100016,2025-13-40,debit,1325,30796,2025-12-24 14:55:41
192,100016,2025-03-08,,1125,30796,2025-10-10 14:55:41
193,100016,2025-13-40,,"₹1,796",--,2025-12-07 14:55:41
194,100016,2025-11-05,debit,--,N/A,2026-01-16 14:55:41
195,100016,2025-12-02,credit,N/A,29157,2025-11-20 14:55:41
196,100016,2025-12-26,credit,"₹3,527",,2025-09-12 14:55:41
197,100017,30/12/2025,,"₹12,268",2345,2025-10-01 14:55:41
198,100017,2025-02-15,debit,11919,0,2026-01-11 14:55:41
199,100017,2025-10-21,credit,6639,0,2025-08-02 14:55:41
200,100017,01/08/2025,credit,18539,15604,2025-10-14 14:55:41
201,100017,2025-01-08,credit,,32992,2025-11-16 14:55:41
202,100017,2025-04-21,credit,15756,48748,2025-12-30 14:55:41
203,100017,2025-03-08,,"4,964",48748,2025-11-15 14:55:41
204,100017,2025-08-01,,12052,48748,2025-10-27 14:55:41
205,100017,2025-01-16,credit,12444,61192,2025-08-13 14:55:41
206,100017,19/09/2025,debit,5353,"55,839",2025-10-03 14:55:41
207,100017,2025-02-14,,"4,969",55839,2025-10-22 14:55:41
208,100017,2025-10-03,,10918,55839,2025-07-25 14:55:41
209,100017,2025-10-15,,19839,"55,839",2025-10-22 14:55:41
210,100017,2025-11-13,,2262,55839,2025-10-29 14:55:41
211,100017,2025-06-16,credit,18747,74586,2025-11-07 14:55:41
212,100017,2025-08-07,,6371,74586,2025-07-26 14:55:41
213,100017,2026-01-01,,18317,--,2025-11-04 14:55:41
214,100017,2025-04-17,,11255,74586,2025-11-09 14:55:41
215,100018,25/06/2025,credit,8546,44765,2026-01-17 14:55:41
216,100018,12/05/2025,debit,15101,29664,2025-11-10 14:55:41
217,100018,2025-08-08,,16241,"₹29,664",2025-10-17 14:55:41
218,100018,2025-01-29,credit,2502,32166,2025-07-26 14:55:41
219,100018,2025-01-22,,"₹18,765",32166,2025-11-17 14:55:41
220,100018,2025-11-14,,18897,,2025-08-21 14:55:41
221,100018,2025-04-24,credit,12759,"44,925",2025-11-09 14:55:41
222,100018,2025-03-06,credit,8267,--,2025-11-22 14:55:41
223,100018,2025-01-03,credit,10308,63500,2025-12-28 14:55:41
224,100018,2025-08-17,debit,5127,58373,2025-11-09 14:55:41
225,100018,2025-12-12,debit,14508,43865,2025-09-26 14:55:41
226,100018,2025-07-11,credit,2734,46599,2025-10-29 14:55:41
227,100018,2025-05-22,credit,9724,56323,2025-08-26 14:55:41
228,100018,2025-12-25,credit,"15,019",,2025-09-28 14:55:41
229,100018,2025-08-07,credit,14531,85873,2025-12-05 14:55:41
230,100018,2025-10-28,,17146,85873,2025-07-07 14:55:41
231,100018,2025-12-30,credit,3227,89100,2025-12-10 14:55:41
232,100018,2025-08-13,debit,6295,82805,2026-01-04 14:55:41
233,100018,2025-04-02,debit,18154,"64,651",2025-08-16 14:55:41
234,100019,2025-05-19,credit,17696,25348,2025-12-01 14:55:41
235,100019,2025-01-06,debit,,19519,2025-12-14 14:55:41
236,100019,2025-08-30,credit,4534,24053,2025-09-23 14:55:41
237,100019,2025-02-27,,8333,24053,2025-11-05 14:55:41
238,100019,2025-09-09,,13143,24053,2025-09-06 14:55:41
239,100019,2025-11-08,,13477,24053,2026-01-08 14:55:41
240,100019,2025-11-05,debit,9979,,2025-09-15 14:55:41
241,100020,2025-08-12,,5022,"₹15,127",2025-10-08 14:55:41
242,100020,2025-01-10,credit,14586,29713,2025-12-15 14:55:41
243,100020,2025-01-28,credit,4968,"34,681",2025-10-11 14:55:41
244,100020,11/08/2025,credit,19803,"54,484",2025-09-17 14:55:41
245,100020,20/06/2025,credit,--,"₹64,853",2025-11-09 14:55:41
246,100021,25/09/2025,debit,991,41340,2025-10-15 14:55:41
247,100021,2025-09-23,,4240,41340,2025-08-30 14:55:41
248,100021,2025-10-18,,--,41340,2025-07-14 14:55:41
249,100021,2025-05-18,credit,N/A,46199,2026-01-06 14:55:41
250,100021,2025-03-11,credit,13909,--,2025-11-13 14:55:41
251,100021,2025-04-19,credit,"2,370",62478,2025-12-06 14:55:41
252,100021,2025-09-11,credit,2820,65298,2025-09-19 14:55:41
253,100021,2025-05-14,,18503,65298,2025-12-09 14:55:41
254,100021,2025-10-30,,9341,65298,2025-11-09 14:55:41
255,100021,2025-09-19,debit,16547,48751,2025-11-13 14:55:41
256,100021,2025-03-18,,7527,48751,2025-12-23 14:55:41
257,100022,2025-07-25,debit,"18,765",9278,2026-01-01 14:55:41
258,100022,2025-01-31,debit,--,0,2025-12-18 14:55:41
259,100022,2025-09-08,debit,13187,0,2025-12-06 14:55:41
260,100022,2025-11-04,debit,"19,646",,2025-09-01 14:55:41
261,100022,2025-02-18,,"5,177",₹0,2025-10-16 14:55:41
262,100022,2025-12-26,debit,--,0,2025-12-27 14:55:41
263,100022,2025-11-12,credit,6499,0,2025-11-04 14:55:41
264,100022,28/09/2025,credit,9520,--,2025-09-08 14:55:41
265,100022,2025-11-08,credit,9496,0,2025-10-18 14:55:41
266,100022,2025-06-07,debit,13343,0,2025-11-25 14:55:41
267,100022,2025-03-19,,"5,286",₹0,2025-12-16 14:55:41
268,100022,2025-02-08,debit,11102,0,2025-08-06 14:55:41
269,100022,2025-12-11,,19456,0,2025-10-09 14:55:41
270,100022,2025-02-04,credit,1228,0,2025-10-08 14:55:41
271,100022,2025-06-16,debit,4554,0,2025-07-09 14:55:41
272,100022,2025-12-26,credit,--,0,2025-10-24 14:55:41
273,100023,2025-09-21,,16431,16730,2025-08-09 14:55:41
274,100023,2025-06-26,,"₹12,423",16730,2025-12-11 14:55:41
275,100023,2025-12-05,,16747,16730,2025-11-28 14:55:41
276,100023,2025-01-22,debit,19565,0,2025-10-05 14:55:41
277,100023,2025-02-03,debit,13872,0,2025-08-19 14:55:41
278,100023,2025-13-40,debit,1468,,2025-11-20 14:55:41
279,100023,2025-08-20,credit,"330,200",312025,2025-08-31 14:55:41
280,100023,2025-01-10,,10233,312025,2025-08-29 14:55:41
281,100023,2025-03-02,credit,12947,324972,2025-12-28 14:55:41
282,100024,2025-01-12,credit,4455,36903,2025-12-07 14:55:41
283,100024,16/04/2025,,5570,36903,2025-08-07 14:55:41
284,100024,2025-03-22,credit,309,37212,2025-12-03 14:55:41
285,100024,2025-08-21,debit,4179,33033,2025-08-13 14:55:41
286,100024,2025-02-13,debit,3215,29818,2025-08-12 14:55:41
287,100024,2025-02-15,credit,--,35335,2025-07-08 14:55:41
288,100024,2025-01-17,debit,12955,22380,2025-12-06 14:55:41
289,100024,2025-11-24,debit,"19,413",2967,2025-07-02 14:55:41
290,100024,2025-13-40,debit,N/A,,2025-10-19 14:55:41
291,100024,2025-12-08,debit,11299,0,2025-12-24 14:55:41
292,100024,2025-10-16,credit,19627,537,2025-08-11 14:55:41
293,100024,2025-11-24,debit,8262,0,2025-11-02 14:55:41
294,100025,2025-05-14,debit,5214,41392,2025-09-12 14:55:41
295,100025,2025-06-04,debit,944,"40,448",2025-09-05 14:55:41
296,100025,2025-02-22,debit,3915,36533,2025-11-24 14:55:41
297,100025,2025-02-11,credit,1808,38341,2025-07-19 14:55:41
298,100025,2025-10-24,,18093,38341,2026-01-07 14:55:41
299,100025,2025-08-05,credit,"11,120",49461,2025-12-21 14:55:41
300,100025,23/01/2025,debit,"₹12,033",37428,2025-11-15 14:55:41
301,100025,2025-03-29,credit,"₹18,845",56273,2025-12-16 14:55:41
302,100025,2025-12-17,,"8,018",56273,2025-07-03 14:55:41
303,100026,2025-05-03,credit,14281,51166,2025-10-06 14:55:41
304,100026,2025-07-31,,9626,51166,2025-08-16 14:55:41
305,100026,2025-03-01,debit,19557,N/A,2025-12-18 14:55:41
306,100026,2025-05-09,credit,1517,"33,126",2025-11-23 14:55:41
307,100026,2025-02-28,,292,"33,126",2025-11-26 14:55:41
308,100026,2025-03-18,,4238,33126,2025-09-26 14:55:41
309,100026,2025-11-23,credit,N/A,40101,2025-09-14 14:55:41
310,100026,2025-08-13,credit,211525,251626,2025-09-22 14:55:41
311,100026,2025-04-16,debit,"₹3,818",,2025-07-06 14:55:41
312,100026,2025-10-29,debit,11598,236210,2025-10-10 14:55:41
313,100026,2025-09-04,credit,"14,556",250766,2025-08-29 14:55:41
314,100026,2025-03-17,credit,8971,259737,2025-10-30 14:55:41
315,100026,2025-01-12,credit,"₹18,784",278521,2025-07-30 14:55:41
316,100026,2025-11-12,,17564,"278,521",2025-10-26 14:55:41
317,100026,2025-10-12,debit,18810,259711,2025-10-01 14:55:41
318,100026,2025-05-21,,6736,259711,2025-10-12 14:55:41
319,100026,2025-04-12,credit,10840,270551,2025-11-20 14:55:41
320,100026,2025-10-16,credit,2699,273250,2025-10-04 14:55:41
321,100026,2025-13-40,credit,"₹18,175",291425,2025-11-13 14:55:41
322,100026,2025-10-29,debit,4141,287284,2025-11-18 14:55:41
323,100027,2025-11-04,,8103,17404,2026-01-16 14:55:41
324,100027,2025-09-09,credit,"₹13,694",31098,2026-01-17 14:55:41
325,100027,2025-06-29,debit,--,16076,2025-07-31 14:55:41
326,100027,31/03/2025,credit,7874,23950,2025-09-22 14:55:41
327,100027,2025-08-20,credit,4607,28557,2025-07-07 14:55:41
328,100027,2025-12-19,debit,5243,23314,2026-01-09 14:55:41
329,100027,2025-12-18,debit,--,19558,2025-07-22 14:55:41
330,100028,2025-09-25,,18386,47772,2025-08-21 14:55:41
331,100028,2025-08-21,credit,19673,67445,2025-09-26 14:55:41
332,100028,2025-05-15,,7217,N/A,2025-07-04 14:55:41
333,100028,2025-02-17,,"₹3,979",67445,2025-12-20 14:55:41
334,100028,2025-07-23,,19227,--,2025-12-16 14:55:41
335,100028,2025-01-27,,18014,67445,2025-11-12 14:55:41
336,100028,2025-10-10,credit,6042,"₹73,487",2025-07-23 14:55:41
337,100028,2025-09-24,credit,14694,88181,2025-12-06 14:55:41
338,100028,2025-13-40,credit,1284,89465,2025-07-16 14:55:41
339,100028,2025-06-16,credit,19396,108861,2025-09-02 14:55:41
340,100028,2025-01-31,,1046,108861,2025-09-10 14:55:41
341,100028,2025-05-31,debit,5419,103442,2025-09-14 14:55:41
342,100028,2025-02-10,credit,5958,"109,400",2026-01-07 14:55:41
343,100029,2025-01-24,,45000,2720,2025-10-17 14:55:41
344,100029,2025-05-22,,5113,"₹2,720",2025-11-20 14:55:41
345,100029,2025-13-40,,1805,2720,2025-07-19 14:55:41
346,100029,2025-08-30,credit,13527,16247,2026-01-13 14:55:41
347,100029,2025-11-23,,"6,254",16247,2025-11-14 14:55:41
348,100029,2025-03-06,,17543,16247,2025-08-30 14:55:41
349,100029,2025-09-14,credit,17097,33344,2025-11-16 14:55:41
350,100029,2025-02-04,credit,13309,46653,2025-07-14 14:55:41
351,100029,2025-06-03,credit,878,47531,2025-09-04 14:55:41
352,100029,2025-02-24,debit,8452,39079,2025-10-10 14:55:41
353,100029,2025-07-12,debit,1586,37493,2025-12-01 14:55:41
354,100029,2025-01-13,,2972,37493,2025-09-04 14:55:41
355,100029,2025-01-13,credit,3770,--,2025-10-25 14:55:41
356,100029,2025-03-11,debit,2216,39047,2025-11-04 14:55:41
357,100029,2025-04-22,credit,11834,50881,2025-07-15 14:55:41
358,100029,2025-13-40,credit,3151,54032,2025-08-31 14:55:41
359,100029,2025-13-40,credit,19641,"₹73,673",2025-11-21 14:55:41
360,100029,2025-07-29,credit,2717,76390,2025-10-26 14:55:41
361,100029,2025-02-19,debit,16606,,2025-12-01 14:55:41
362,100030,2025-10-29,credit,"₹11,163",14089,2025-11-16 14:55:41
363,100030,2025-06-21,debit,16497,₹0,2025-10-03 14:55:41
364,100030,15/11/2025,,7202,0,2025-08-16 14:55:41
365,100030,2025-03-06,,19042,0,2026-01-11 14:55:41
366,100030,2025-07-29,credit,--,3382,2025-11-17 14:55:41
367,100031,2025-08-04,credit,"3,222",26353,2025-09-02 14:55:41
368,100031,2025-13-40,debit,896,25457,2025-07-11 14:55:41
369,100031,2025-12-23,credit,4017,29474,2026-01-03 14:55:41
370,100031,2025-04-16,debit,12998,16476,2025-07-26 14:55:41
371,100031,2025-06-15,,--,16476,2025-09-29 14:55:41
372,100031,2025-04-05,debit,18944,0,2025-12-12 14:55:41
373,100031,2025-09-27,debit,"9,715",,2025-09-04 14:55:41
374,100031,2025-13-40,debit,9979,0,2025-10-05 14:55:41
375,100031,2025-05-01,,"₹12,465",0,2026-01-13 14:55:41
376,100031,2025-01-26,,12266,0,2026-01-13 14:55:41
377,100031,2025-08-21,debit,19300,0,2025-10-02 14:55:41
378,100031,2025-10-22,debit,9912,0,2025-07-07 14:55:41
379,100031,2025-08-23,credit,17311,0,2025-11-15 14:55:41
380,100031,2025-10-18,credit,9847,0,2025-11-29 14:55:41
381,100031,2025-04-09,credit,6260,0,2025-09-29 14:55:41
382,100032,2025-11-16,,952,"₹27,726",2026-01-10 14:55:41
383,100032,2025-04-01,,7274,27726,2025-07-30 14:55:41
384,100032,2025-07-06,,8194,,2025-11-06 14:55:41
385,100032,2025-06-27,debit,4060,,2025-12-11 14:55:41
386,100032,2025-07-04,,5004,23666,2025-10-05 14:55:41
387,100032,2025-04-22,credit,18608,42274,2025-11-30 14:55:41
388,100033,2025-06-23,credit,8455,"₹46,909",2025-07-04 14:55:41
389,100033,2025-09-19,debit,1529,,2025-07-31 14:55:41
390,100033,2025-08-12,,13001,"₹45,380",2025-10-10 14:55:41
391,100033,2025-02-09,credit,6535,51915,2026-01-01 14:55:41
392,100033,2025-01-30,,9350,51915,2025-10-05 14:55:41
393,100033,2025-11-20,,6619,51915,2025-10-15 14:55:41
394,100033,2025-05-25,debit,751,51164,2025-09-25 14:55:41
395,100033,2025-07-27,debit,4460,"46,704",2025-07-16 14:55:41
396,100033,2025-09-01,debit,1762,"44,942",2026-01-12 14:55:41
397,100033,2025-09-27,,17682,44942,2025-12-15 14:55:41
398,100033,2025-13-40,debit,5811,39131,2025-09-21 14:55:41
399,100033,2025-03-27,,--,39131,2025-09-08 14:55:41
400,100033,2025-06-13,credit,15526,"₹54,657",2025-12-29 14:55:41
401,100033,2025-10-08,debit,"10,262",44395,2025-12-12 14:55:41
402,100033,2025-06-01,,"1,609",44395,2025-11-26 14:55:41
403,100034,30/08/2025,,3748,27106,2025-12-01 14:55:41
404,100034,2025-03-25,,3223,27106,2025-11-29 14:55:41
405,100034,2025-08-04,credit,18960,46066,2025-11-19 14:55:41
406,100034,2025-04-30,,8163,46066,2026-01-10 14:55:41
407,100034,2025-10-22,debit,950,45116,2025-12-18 14:55:41
408,100034,2025-12-26,credit,13394,58510,2026-01-14 14:55:41
409,100034,2025-01-03,debit,17915,40595,2025-07-29 14:55:41
410,100034,2025-07-22,,12194,40595,2025-10-06 14:55:41
411,100035,2025-12-01,credit,"₹2,583",37847,2026-01-07 14:55:41
412,100035,2025-10-02,,8998,37847,2025-12-08 14:55:41
413,100035,2025-01-21,debit,1311,36536,2025-07-17 14:55:41
414,100035,2025-12-22,debit,16825,19711,2025-08-14 14:55:41
415,100035,2025-11-20,credit,2952,22663,2026-01-08 14:55:41
416,100035,2025-08-15,credit,11896,34559,2025-09-01 14:55:41
417,100035,2025-12-04,credit,1059,"35,618",2025-07-17 14:55:41
418,100036,2025-11-10,,"₹16,337",33433,2025-07-18 14:55:41
419,100036,2025-03-09,debit,17112,16321,2025-07-27 14:55:41
420,100036,2025-07-25,,6302,16321,2025-08-01 14:55:41
421,100036,2025-07-05,debit,12682,"3,639",2025-12-06 14:55:41
422,100036,2025-10-06,credit,11427,15066,2025-10-09 14:55:41
423,100036,2025-07-01,,9839,15066,2025-11-10 14:55:41
424,100036,2025-04-25,credit,18097,33163,2025-12-28 14:55:41
425,100036,2025-06-18,credit,17666,--,2025-10-10 14:55:41
426,100036,2025-10-23,credit,13426,64255,2025-07-26 14:55:41
427,100036,2025-04-26,,3680,64255,2025-11-11 14:55:41
428,100036,2025-10-15,debit,712,63543,2026-01-16 14:55:41
429,100036,2025-11-19,,4131,"63,543",2025-09-16 14:55:41
430,100036,2025-03-27,credit,6725,70268,2025-10-16 14:55:41
431,100036,2025-06-08,credit,"₹10,857",81125,2025-12-04 14:55:41
432,100036,2025-13-40,debit,15792,65333,2025-10-28 14:55:41
433,100036,2025-11-15,debit,5104,60229,2026-01-08 14:55:41
434,100036,2025-04-02,debit,12747,47482,2026-01-02 14:55:41
435,100036,2025-03-10,debit,₹420,47062,2025-10-20 14:55:41
436,100036,2025-03-13,debit,18465,"28,597",2025-07-04 14:55:41
437,100037,2025-10-04,debit,--,21117,2025-07-12 14:55:41
438,100037,2025-05-25,,11325,21117,2025-08-13 14:55:41
439,100037,2025-13-40,credit,10179,31296,2025-10-24 14:55:41
440,100037,2025-01-05,credit,1604,32900,2025-12-30 14:55:41
441,100037,2025-03-10,,3992,"32,900",2026-01-09 14:55:41
442,100037,2025-11-22,,N/A,32900,2025-09-05 14:55:41
443,100037,2025-07-18,,16276,32900,2025-08-07 14:55:41
444,100037,2025-05-31,,"13,742",32900,2025-12-06 14:55:41
445,100037,2025-05-29,credit,2480,35380,2025-07-13 14:55:41
446,100037,2025-02-03,credit,6759,42139,2026-01-02 14:55:41
447,100037,2025-01-06,credit,17225,59364,2026-01-11 14:55:41
448,100037,2025-08-31,debit,17196,N/A,2025-09-21 14:55:41
449,100037,06/07/2025,,8904,42168,2025-08-12 14:55:41
450,100037,2025-12-10,,15062,"₹42,168",2025-12-02 14:55:41
451,100037,2025-03-04,,15560,42168,2025-11-23 14:55:41
452,100037,2025-12-03,,6299,--,2025-08-25 14:55:41
453,100037,21/04/2025,,13698,42168,2025-08-21 14:55:41
454,100037,2025-06-06,credit,18325,60493,2025-11-16 14:55:41
455,100038,2025-10-13,debit,8941,13043,2025-11-22 14:55:41
456,100038,2025-07-22,debit,8298,4745,2025-07-03 14:55:41
457,100038,02/03/2025,credit,14841,"19,586",2025-09-27 14:55:41
458,100038,2025-01-30,debit,8276,11310,2025-11-24 14:55:41
459,100038,2025-06-18,credit,19191,,2025-07-29 14:55:41
460,100038,2025-02-21,credit,12137,42638,2026-01-06 14:55:41
461,100038,2025-10-12,debit,15456,27182,2025-07-12 14:55:41
462,100038,2025-07-11,,17053,27182,2025-07-09 14:55:41
463,100038,2025-01-22,credit,768,27950,2025-08-24 14:55:41
464,100038,2025-13-40,credit,--,39516,2025-12-25 14:55:41
465,100038,2025-03-19,,19113,39516,2025-12-25 14:55:41
466,100039,02/12/2025,,16956,"19,165",2025-09-19 14:55:41
467,100039,2025-12-19,,16579,"19,165",2025-12-10 14:55:41
468,100039,23/03/2025,credit,15284,"₹34,449",2025-07-29 14:55:41
469,100039,2025-02-28,debit,13395,21054,2025-12-14 14:55:41
470,100039,2025-12-06,,17539,21054,2026-01-08 14:55:41
471,100039,2025-04-10,debit,12661,8393,2025-11-01 14:55:41
472,100039,2025-02-24,credit,,17835,2025-09-05 14:55:41
473,100039,2025-06-23,credit,19088,36923,2025-08-19 14:55:41
474,100039,2025-07-08,debit,"12,668",24255,2025-11-24 14:55:41
475,100039,2025-10-20,,11512,"24,255",2025-09-23 14:55:41
476,100039,2025-05-23,credit,14089,38344,2025-12-15 14:55:41
477,100039,2025-01-15,debit,,35689,2025-10-01 14:55:41
478,100039,2025-11-12,credit,15906,51595,2025-07-17 14:55:41
479,100039,2025-02-14,debit,"14,165","₹37,430",2025-08-04 14:55:41
480,100039,2025-02-25,debit,10667,26763,2025-11-22 14:55:41
481,100039,2025-05-28,credit,"8,382",35145,2025-08-26 14:55:41
482,100039,2025-11-25,debit,12277,22868,2025-07-02 14:55:41
483,100039,2025-07-11,debit,14131,8737,2025-11-14 14:55:41
484,100039,2025-01-03,credit,1645,10382,2026-01-11 14:55:41
485,100039,2025-13-40,,7731,"10,382",2025-09-07 14:55:41
486,100040,20/02/2025,,"₹12,201",34872,2025-07-21 14:55:41
487,100040,2025-02-14,credit,16858,51730,2025-12-28 14:55:41
488,100040,2025-13-40,debit,17589,34141,2025-11-28 14:55:41
489,100040,2025-10-18,debit,6154,27987,2025-08-18 14:55:41
490,100040,2025-01-17,credit,4148,32135,2025-08-15 14:55:41
491,100041,2025-08-13,debit,"14,513",3147,2025-07-22 14:55:41
492,100041,2025-13-40,credit,2086,5233,2025-08-20 14:55:41
493,100041,2025-02-05,credit,1857,7090,2025-07-10 14:55:41
494,100041,2025-10-28,credit,18021,25111,2025-07-20 14:55:41
495,100041,2025-05-20,,299,25111,2025-11-13 14:55:41
496,100041,2025-09-15,credit,19521,44632,2025-08-15 14:55:41
497,100041,2025-09-11,,N/A,44632,2025-10-12 14:55:41
498,100041,2025-05-31,credit,13663,58295,2025-09-15 14:55:41
499,100041,2025-05-18,credit,7844,66139,2025-09-08 14:55:41
500,100041,2025-11-02,debit,"₹19,299",46840,2025-11-11 14:55:41
501,100041,2025-08-10,,4773,46840,2025-12-05 14:55:41
502,100041,2025-07-31,credit,5389,52229,2025-08-31 14:55:41
503,100041,2025-02-13,credit,12303,64532,2025-07-02 14:55:41
504,100041,2025-03-18,credit,2936,67468,2025-11-04 14:55:41
505,100041,2025-09-19,credit,2513,69981,2025-07-07 14:55:41
506,100041,2025-07-03,,17014,69981,2026-01-15 14:55:41
507,100041,2025-02-02,credit,8703,78684,2025-12-02 14:55:41
508,100041,2025-07-15,,2989,78684,2025-09-09 14:55:41
509,100041,2025-12-13,,9060,78684,2025-07-16 14:55:41
510,100042,2025-11-23,credit,8953,53507,2025-08-22 14:55:41
511,100042,2025-07-02,debit,1642,51865,2025-07-25 14:55:41
512,100042,2025-04-26,debit,12566,39299,2025-07-30 14:55:41
513,100042,2025-04-05,debit,1680,37619,2025-10-11 14:55:41
514,100042,2025-05-17,,14267,,2025-08-27 14:55:41
515,100042,2025-07-18,credit,5436,43055,2025-09-01 14:55:41
516,100042,2025-01-02,,19004,43055,2025-11-20 14:55:41
517,100042,2025-08-13,credit,--,51726,2025-12-31 14:55:41
518,100042,2025-11-17,credit,3122,54848,2025-07-16 14:55:41
519,100042,2025-12-06,,5549,"₹54,848",2025-07-17 14:55:41
520,100042,2025-01-02,debit,"6,313",48535,2025-10-24 14:55:41
521,100042,26/12/2025,credit,5625,54160,2025-08-13 14:55:41
522,100042,2025-06-13,,1234,54160,2026-01-01 14:55:41
523,100042,2025-13-40,,"₹2,340",54160,2025-08-09 14:55:41
524,100042,2025-10-06,,293,"54,160",2025-11-09 14:55:41
525,100042,2025-02-24,credit,10897,65057,2025-08-13 14:55:41
526,100042,2025-11-14,credit,19263,84320,2025-10-30 14:55:41
527,100042,2025-02-17,debit,11350,"72,970",2025-12-14 14:55:41
528,100042,2025-13-40,credit,2119,75089,2025-07-24 14:55:41
529,100042,2025-03-01,credit,15747,90836,2025-07-04 14:55:41
530,100043,2025-08-05,debit,8344,6231,2025-10-14 14:55:41
531,100043,2025-07-15,debit,451,5780,2025-09-04 14:55:41
532,100043,2025-05-10,credit,1738,7518,2025-07-12 14:55:41
533,100043,2025-11-12,debit,"14,334",,2025-10-30 14:55:41
534,100043,2025-07-07,debit,14719,0,2025-10-28 14:55:41
535,100043,2025-04-10,,1146,0,2025-10-12 14:55:41
536,100043,2025-11-22,credit,13921,0,2025-10-21 14:55:41
537,100043,2025-01-29,credit,N/A,6528,2025-09-24 14:55:41
538,100043,2025-09-03,,"₹15,730",,2025-12-28 14:55:41
539,100043,2025-12-31,credit,3224,9752,2025-09-07 14:55:41
540,100043,2025-02-01,credit,17791,27543,2025-08-27 14:55:41
541,100043,2025-02-11,credit,19134,,2025-11-09 14:55:41
542,100043,2025-07-30,debit,5577,"₹41,100",2025-11-26 14:55:41
543,100043,2025-13-40,,15886,41100,2025-09-03 14:55:41
544,100043,2025-10-12,debit,5731,35369,2025-08-28 14:55:41
545,100043,2025-05-01,,10826,35369,2025-07-28 14:55:41
546,100043,2025-05-12,debit,12239,23130,2025-12-29 14:55:41
547,100044,2025-08-19,debit,17805,0,2025-12-27 14:55:41
548,100044,2025-07-24,credit,8159,--,2025-11-29 14:55:41
549,100044,13/10/2025,,12635,,2025-09-01 14:55:41
550,100044,2025-02-05,,12882,1457,2025-10-11 14:55:41
551,100044,2025-13-40,debit,"₹18,069",0,2025-10-31 14:55:41
552,100044,2025-12-26,,3602,0,2025-12-31 14:55:41
553,100044,2025-06-27,credit,9337,0,2025-09-03 14:55:41
554,100044,2025-10-02,debit,2361,0,2025-08-06 14:55:41
555,100044,2025-12-10,debit,"₹8,094",0,2025-11-13 14:55:41
556,100044,2025-07-18,,18808,0,2025-07-06 14:55:41
557,100044,2025-02-02,debit,10505,₹0,2025-07-27 14:55:41
558,100045,2025-01-20,credit,19802,--,2025-11-26 14:55:41
559,100045,2025-11-30,credit,19611,55653,2025-12-20 14:55:41
560,100045,2025-12-05,,16582,55653,2025-12-04 14:55:41
561,100045,2025-09-22,credit,19142,"74,795",2025-12-01 14:55:41
562,100045,2025-01-03,credit,2265,"₹77,060",2025-09-09 14:55:41
563,100045,2025-11-03,,18488,"₹77,060",2025-11-03 14:55:41
564,100045,2025-07-17,credit,9662,86722,2025-11-16 14:55:41
565,100045,2025-02-14,,16922,86722,2025-08-30 14:55:41
566,100045,2025-04-11,debit,10336,76386,2026-01-17 14:55:41
567,100045,2025-01-10,debit,"13,447",62939,2025-07-11 14:55:41
568,100045,2025-08-14,credit,11059,73998,2025-10-01 14:55:41
569,100045,2025-02-08,credit,13077,"87,075",2025-11-21 14:55:41
570,100045,2025-01-02,debit,17948,69127,2025-08-12 14:55:41
571,100045,2025-09-26,,692,69127,2025-08-29 14:55:41
572,100045,2025-10-02,,18794,,2025-11-19 14:55:41
573,100045,2025-10-14,,17240,69127,2025-09-15 14:55:41
574,100045,2025-02-08,debit,1203,67924,2025-09-23 14:55:41
575,100046,2025-11-02,credit,"4,345",50775,2025-09-23 14:55:41
576,100046,2025-11-21,,19117,50775,2026-01-16 14:55:41
577,100046,2025-10-21,debit,4761,46014,2025-12-18 14:55:41
578,100046,2025-08-23,debit,"₹3,156",42858,2025-12-24 14:55:41
579,100046,2025-11-28,,4940,42858,2025-12-03 14:55:41
580,100047,2025-09-21,,2639,22906,2025-07-14 14:55:41
581,100047,2025-03-10,credit,18338,41244,2025-07-02 14:55:41
582,100047,2025-13-40,,4837,"41,244",2025-07-14 14:55:41
583,100047,2025-11-21,debit,7394,33850,2025-11-24 14:55:41
584,100047,2025-13-40,debit,6020,27830,2025-11-07 14:55:41
585,100047,2025-02-16,debit,17244,--,2025-09-24 14:55:41
586,100047,12/03/2025,debit,2575,8011,2025-09-16 14:55:41
587,100047,2025-06-30,,2133,8011,2025-12-21 14:55:41
588,100047,04/12/2025,credit,"10,521",18532,2025-09-27 14:55:41
589,100047,2025-10-20,credit,6740,25272,2026-01-16 14:55:41
590,100047,2025-05-13,,3038,25272,2025-11-20 14:55:41
591,100047,2025-03-15,,17301,25272,2025-12-15 14:55:41
592,100047,2025-05-24,debit,3986,21286,2025-12-12 14:55:41
593,100047,2025-04-15,debit,17842,"3,444",2026-01-06 14:55:41
594,100047,2025-10-16,,N/A,3444,2025-07-15 14:55:41
595,100047,2025-05-13,,8128,"3,444",2025-08-31 14:55:41
596,100047,2025-08-09,debit,6549,0,2025-09-01 14:55:41
597,100047,2025-10-09,debit,5995,0,2025-11-02 14:55:41
598,100047,2025-03-13,,"1,754",0,2025-10-09 14:55:41
599,100047,2025-11-15,debit,11748,0,2026-01-15 14:55:41
600,100048,25/02/2025,credit,,38636,2025-11-19 14:55:41
601,100048,2025-02-13,credit,15361,,2025-10-25 14:55:41
602,100048,2025-12-28,debit,12948,"41,049",2025-10-15 14:55:41
603,100048,2025-06-12,debit,2924,38125,2025-10-29 14:55:41
604,100048,2025-10-18,debit,2150,35975,2025-10-28 14:55:41
605,100048,2025-04-21,,6199,35975,2025-09-27 14:55:41
606,100048,2025-11-14,debit,"1,248","34,727",2025-11-30 14:55:41
607,100048,2025-08-27,,18246,34727,2025-11-19 14:55:41
608,100048,2025-13-40,credit,518,35245,2025-07-17 14:55:41
609,100048,2025-12-21,,102075,35245,2025-09-10 14:55:41
610,100048,2025-05-27,credit,2559,37804,2025-10-23 14:55:41
611,100048,2025-13-40,credit,18073,55877,2025-12-11 14:55:41
612,100048,2025-07-19,credit,1289,57166,2025-10-08 14:55:41
613,100048,2025-10-09,credit,2614,"59,780",2025-11-17 14:55:41
614,100048,2025-09-15,debit,4306,55474,2025-08-22 14:55:41
615,100049,2025-01-12,credit,13065,--,2025-11-23 14:55:41
616,100049,2025-06-29,credit,2588,"₹31,400",2025-11-05 14:55:41
617,100049,2025-10-04,debit,6221,25179,2025-11-22 14:55:41
618,100049,2025-06-08,debit,3321,"21,858",2025-10-02 14:55:41
619,100049,2025-13-40,debit,205100,0,2025-11-16 14:55:41
620,100049,2025-03-02,credit,12783,0,2025-07-28 14:55:41
621,100049,2025-08-23,debit,18634,0,2025-12-26 14:55:41
622,100049,2025-11-01,debit,"10,413",0,2025-12-03 14:55:41
623,100049,2025-12-23,credit,15193,0,2026-01-11 14:55:41
624,100049,2025-03-07,credit,14779,0,2026-01-16 14:55:41
625,100049,2025-08-10,,5713,--,2025-09-05 14:55:41
626,100049,2025-09-26,,16218,0,2025-09-11 14:55:41
627,100049,2025-10-03,debit,"11,089",0,2025-07-25 14:55:41
628,100049,2025-03-28,,3286,0,2025-11-18 14:55:41
629,100049,2025-12-26,,7276,--,2025-09-17 14:55:41
630,100049,2025-09-19,debit,11069,0,2025-12-05 14:55:41
631,100050,2025-01-02,credit,6020,17670,2025-11-20 14:55:41
632,100050,2025-03-22,credit,8456,26126,2025-07-10 14:55:41
633,100050,2025-02-27,credit,14010,40136,2025-07-29 14:55:41
634,100050,2025-11-19,,627,40136,2025-12-10 14:55:41
635,100050,2025-03-10,credit,14582,54718,2025-07-18 14:55:41
636,100050,2025-03-09,,3265,,2026-01-03 14:55:41
637,100050,2025-11-02,credit,14616,"69,334",2025-12-15 14:55:41
638,100050,2025-12-18,credit,"5,505",74839,2025-12-30 14:55:41
639,100050,2025-07-14,,--,74839,2026-01-10 14:55:41
640,100050,2025-10-06,debit,2391,"72,448",2025-12-18 14:55:41
641,100050,2025-01-09,,2030,72448,2025-10-09 14:55:41
642,100050,22/01/2025,debit,7863,64585,2025-10-17 14:55:41
643,100050,2025-10-26,debit,"8,547",56038,2025-10-31 14:55:41
644,100050,2025-04-08,,7563,56038,2025-11-30 14:55:41
645,100050,2025-03-29,debit,4613,51425,2025-10-04 14:55:41
646,100050,2025-06-26,,18379,51425,2025-08-08 14:55:41
647,100050,2025-01-22,,16354,"51,425",2025-10-05 14:55:41
648,100050,2025-05-04,,10395,51425,2025-11-22 14:55:41
649,100050,2025-06-24,credit,4590,56015,2025-10-16 14:55:41
650,100050,07/07/2025,,7928,56015,2025-11-17 14:55:41
651,100051,2025-09-29,debit,13492,31316,2025-10-10 14:55:41
652,100051,2025-10-17,,9000,31316,2025-11-10 14:55:41
653,100051,2025-11-23,debit,6732,24584,2025-10-09 14:55:41
654,100051,2025-11-02,,"12,727",24584,2025-10-22 14:55:41
655,100051,2025-01-13,,459,24584,2025-12-26 14:55:41
656,100051,2025-04-06,debit,19727,4857,2025-09-25 14:55:41
657,100051,2025-05-04,credit,15050,19907,2025-12-18 14:55:41
658,100051,2025-07-18,credit,9568,29475,2025-12-08 14:55:41
659,100051,2025-03-02,debit,10578,18897,2025-08-02 14:55:41
660,100051,2025-04-27,credit,792,19689,2025-10-18 14:55:41
661,100051,2025-03-15,credit,2801,22490,2025-12-08 14:55:41
662,100051,2025-12-04,debit,5974,16516,2025-08-04 14:55:41
663,100051,2025-09-14,credit,3884,20400,2026-01-11 14:55:41
664,100051,2025-07-31,debit,5036,15364,2025-10-27 14:55:41
665,100051,2025-04-11,debit,311,"15,053",2025-07-22 14:55:41
666,100051,2025-13-40,debit,17796,0,2026-01-06 14:55:41
667,100052,2025-13-40,credit,N/A,37104,2025-10-01 14:55:41
668,100052,2025-06-05,credit,"₹18,997",56101,2025-08-10 14:55:41
669,100052,2025-09-12,credit,N/A,57450,2025-07-03 14:55:41
670,100052,2025-01-15,,6310,57450,2025-10-14 14:55:41
671,100052,2025-07-01,,"₹7,186",57450,2025-11-20 14:55:41
672,100052,2025-04-09,,"19,971",57450,2025-11-22 14:55:41
673,100052,2025-04-27,credit,"7,626","65,076",2026-01-05 14:55:41
674,100052,2025-08-25,credit,16959,"₹82,035",2025-12-08 14:55:41
675,100052,2025-04-14,debit,1464,"80,571",2025-08-29 14:55:41
676,100053,2025-02-16,debit,14445,32829,2025-11-27 14:55:41
677,100053,2025-05-16,credit,4956,37785,2025-12-07 14:55:41
678,100053,2025-09-19,credit,3677,41462,2025-07-12 14:55:41
679,100053,2025-12-08,,6233,41462,2025-08-12 14:55:41
680,100053,2025-06-23,credit,12376,53838,2025-09-17 14:55:41
681,100053,2025-13-40,credit,3959,57797,2025-11-18 14:55:41
682,100053,2025-12-10,debit,7707,50090,2026-01-14 14:55:41
683,100053,2025-02-07,credit,12827,62917,2025-08-24 14:55:41
684,100053,2025-09-01,,12172,62917,2025-11-14 14:55:41
685,100053,2025-04-01,,2405,"62,917",2025-07-29 14:55:41
686,100054,2025-01-10,,3192,18800,2025-09-12 14:55:41
687,100054,2025-13-40,credit,,--,2025-07-31 14:55:41
688,100054,2025-11-16,,16457,34635,2025-08-24 14:55:41
689,100054,2025-08-10,,13422,"34,635",2025-09-18 14:55:41
690,100054,2025-03-27,debit,16274,18361,2025-09-27 14:55:41
691,100054,2025-12-13,credit,15285,33646,2025-08-31 14:55:41
692,100054,2025-05-03,,7015,33646,2025-12-19 14:55:41
693,100054,2025-11-20,debit,"10,974",22672,2025-10-24 14:55:41
694,100054,2025-03-06,credit,1696,"24,368",2025-10-13 14:55:41
695,100054,2025-05-26,,,"24,368",2025-08-27 14:55:41
696,100054,2025-06-07,debit,18050,6318,2025-10-30 14:55:41
697,100054,2025-13-40,debit,6796,0,2026-01-09 14:55:41
698,100054,2025-05-07,debit,10513,0,2025-08-26 14:55:41
699,100054,2025-04-07,debit,14663,0,2025-10-12 14:55:41
700,100054,2025-04-17,credit,12355,0,2025-12-07 14:55:41
701,100054,2025-12-13,credit,14177,878,2025-08-12 14:55:41
702,100054,2025-10-20,debit,13093,0,2025-07-09 14:55:41
703,100054,2025-05-31,,7455,0,2025-10-08 14:55:41
704,100055,2025-13-40,,8669,40810,2025-11-11 14:55:41
705,100055,2025-12-14,,18594,40810,2025-07-16 14:55:41
706,100055,2025-04-23,,17671,40810,2025-12-08 14:55:41
707,100055,2025-01-06,,14799,40810,2025-10-26 14:55:41
708,100055,2025-09-24,debit,6514,34296,2025-12-15 14:55:41
709,100055,2025-03-07,credit,8209,42505,2026-01-01 14:55:41
710,100055,2025-11-10,credit,"18,765",61270,2025-07-02 14:55:41
711,100055,2025-08-26,debit,13093,N/A,2025-08-10 14:55:41
712,100055,2025-08-31,credit,18398,66575,2025-12-31 14:55:41
713,100055,2025-07-05,,9976,66575,2025-09-01 14:55:41
714,100055,2025-01-26,credit,N/A,76494,2026-01-09 14:55:41
715,100055,2025-04-11,debit,15191,"₹61,303",2025-08-01 14:55:41
716,100056,2025-12-22,,,34058,2025-08-04 14:55:41
717,100056,30/12/2025,credit,18847,"52,905",2025-08-03 14:55:41
718,100056,07/12/2025,debit,"14,557",38348,2025-10-28 14:55:41
719,100056,2025-04-28,,--,38348,2025-10-09 14:55:41
720,100056,2025-13-40,debit,"₹5,425",32923,2025-12-14 14:55:41
721,100056,2025-06-20,debit,18996,13927,2025-11-14 14:55:41
722,100056,2025-08-15,credit,4225,,2025-09-30 14:55:41
723,100056,2025-09-03,,11582,"18,152",2025-10-15 14:55:41
724,100056,2025-02-11,credit,7763,25915,2025-11-23 14:55:41
725,100056,2025-13-40,credit,4363,30278,2025-07-04 14:55:41
726,100056,2025-08-22,,5542,"30,278",2025-09-27 14:55:41
727,100056,2025-08-01,debit,18106,12172,2025-07-25 14:55:41
728,100056,2025-05-15,debit,3669,N/A,2025-10-11 14:55:41
729,100056,2025-10-06,credit,17790,26293,2025-09-10 14:55:41
730,100056,2025-02-03,credit,"5,297",31590,2025-10-09 14:55:41
731,100056,2025-05-26,,8546,31590,2025-11-30 14:55:41
732,100056,2025-02-10,credit,"3,467",35057,2026-01-07 14:55:41
733,100056,2025-06-28,,18314,35057,2025-12-30 14:55:41
734,100057,2025-05-31,,1381,32767,2025-08-12 14:55:41
735,100057,2025-12-23,debit,6039,"₹26,728",2025-12-04 14:55:41
736,100057,2025-09-11,debit,8540,"18,188",2025-12-10 14:55:41
737,100057,2025-07-13,credit,12549,30737,2025-11-29 14:55:41
738,100057,2025-01-02,,17880,30737,2026-01-13 14:55:41
739,100057,2025-09-24,debit,,13873,2026-01-15 14:55:41
740,100058,2025-12-18,debit,2538,31720,2025-08-11 14:55:41
741,100058,2025-04-05,debit,14196,17524,2025-11-19 14:55:41
742,100058,2025-08-21,debit,--,,2025-12-28 14:55:41
743,100058,2025-06-29,,,1787,2025-12-08 14:55:41
744,100058,2025-05-28,credit,2537,4324,2025-08-19 14:55:41
745,100058,2025-12-08,,19256,4324,2025-10-05 14:55:41
746,100058,2025-11-16,,9920,4324,2025-11-12 14:55:41
747,100058,2025-13-40,,N/A,4324,2026-01-07 14:55:41
748,100058,2025-10-22,,--,"4,324",2025-12-24 14:55:41
749,100058,2025-03-31,credit,12393,"₹16,717",2025-12-09 14:55:41
750,100058,2025-10-07,debit,17756,₹0,2025-09-04 14:55:41
751,100058,2025-10-13,,2116,0,2026-01-07 14:55:41
752,100058,2025-04-02,,16665,0,2025-09-06 14:55:41
753,100058,2025-07-19,,13363,0,2025-09-28 14:55:41
754,100058,2025-04-23,debit,"₹6,107",0,2025-11-29 14:55:41
755,100058,2025-06-07,,--,0,2025-11-06 14:55:41
756,100058,2025-09-20,,3867,0,2025-08-14 14:55:41
757,100059,2025-12-21,,3363,,2025-11-22 14:55:41
758,100059,2025-08-06,debit,886,"37,821",2025-11-28 14:55:41
759,100059,2025-10-05,debit,N/A,31284,2025-12-03 14:55:41
760,100059,2025-09-30,credit,18216,--,2025-08-13 14:55:41
761,100059,2025-10-18,,2246,--,2025-09-28 14:55:41
762,100059,2025-04-28,credit,18412,67912,2025-11-26 14:55:41
763,100059,2025-09-06,debit,2929,64983,2025-07-09 14:55:41
764,100059,2025-07-27,credit,13230,78213,2025-12-29 14:55:41
765,100059,2025-12-07,,5339,"78,213",2025-09-09 14:55:41
766,100059,2025-04-26,debit,6322,71891,2025-07-06 14:55:41
767,100059,2025-12-26,credit,13505,85396,2025-08-09 14:55:41
768,100059,2025-10-26,credit,405,85801,2025-11-15 14:55:41
769,100059,2025-11-16,credit,15505,101306,2025-10-19 14:55:41
770,100060,2025-10-02,,8292,--,2025-07-18 14:55:41
771,100060,2025-03-20,,13005,38981,2025-08-14 14:55:41
772,100060,2025-10-23,credit,4733,43714,2025-12-07 14:55:41
773,100060,2025-04-26,,,43714,2025-12-14 14:55:41
774,100060,09/11/2025,credit,14783,58497,2025-11-01 14:55:41
775,100060,2025-08-14,,13187,58497,2025-07-27 14:55:41
776,100060,2025-10-15,debit,18909,N/A,2025-09-10 14:55:41
777,100060,2025-02-28,debit,15340,24248,2025-07-14 14:55:41
778,100060,2025-10-02,credit,,,2025-08-16 14:55:41
779,100060,2025-11-25,,13126,36926,2025-12-07 14:55:41
780,100060,2025-08-24,credit,13199,"50,125",2025-11-09 14:55:41
781,100060,2025-05-11,debit,17242,32883,2025-07-31 14:55:41
782,100060,2025-06-19,debit,10198,22685,2025-07-11 14:55:41
783,100060,2025-13-40,debit,13831,8854,2026-01-14 14:55:41
784,100060,2025-04-20,credit,11502,20356,2025-08-18 14:55:41
785,100060,2025-04-16,credit,"11,912",32268,2025-09-01 14:55:41
786,100060,2025-06-01,debit,14907,,2025-12-18 14:55:41
787,100060,2025-03-25,debit,1344,16017,2026-01-05 14:55:41
788,100061,2025-05-11,credit,"19,908",40766,2025-08-27 14:55:41
789,100061,2025-07-26,debit,"5,601",35165,2025-10-21 14:55:41
790,100061,2025-13-40,debit,4686,30479,2025-08-15 14:55:41
791,100061,2025-05-02,credit,"9,863",40342,2025-09-01 14:55:41
792,100061,2025-06-17,debit,19771,20571,2025-09-03 14:55:41
793,100061,05/01/2025,debit,2881,17690,2025-08-18 14:55:41
794,100061,2025-05-09,debit,4385,"13,305",2025-09-19 14:55:41
795,100061,2025-11-25,credit,15381,28686,2025-08-12 14:55:41
796,100061,2025-06-15,,--,28686,2025-10-21 14:55:41
797,100061,2025-06-11,credit,13506,42192,2026-01-03 14:55:41
798,100061,2025-01-28,,1745,42192,2025-11-20 14:55:41
799,100061,2025-11-24,credit,11885,54077,2025-11-03 14:55:41
800,100061,2025-08-26,credit,11878,65955,2025-08-16 14:55:41
801,100061,2025-06-21,credit,"16,201",82156,2025-12-31 14:55:41
802,100062,25/09/2025,,"6,170",43225,2025-08-28 14:55:41
803,100062,2025-04-01,debit,"18,003",25222,2026-01-01 14:55:41
804,100062,05/03/2025,debit,10218,15004,2025-09-08 14:55:41
805,100062,2025-09-21,,3718,15004,2025-12-26 14:55:41
806,100062,2025-08-16,,12615,15004,2025-11-21 14:55:41
807,100062,23/07/2025,credit,19456,34460,2025-10-22 14:55:41
808,100062,2025-10-29,,19396,34460,2025-09-17 14:55:41
809,100062,2025-01-10,,7866,"34,460",2025-08-18 14:55:41
810,100062,2025-09-26,debit,9620,24840,2025-11-02 14:55:41
811,100062,2025-12-11,,15201,24840,2025-09-14 14:55:41
812,100062,2025-12-31,,"₹11,620","₹24,840",2025-12-03 14:55:41
813,100062,2025-08-15,,19330,24840,2025-12-30 14:55:41
814,100063,2025-10-05,credit,15006,50662,2025-11-11 14:55:41
815,100063,21/02/2025,debit,6953,43709,2025-12-22 14:55:41
816,100063,2025-04-23,,1172,43709,2025-12-28 14:55:41
817,100063,2025-11-10,debit,17854,"25,855",2025-07-13 14:55:41
818,100063,2025-12-04,,--,25855,2025-10-29 14:55:41
819,100063,2025-08-07,debit,19375,6480,2025-07-11 14:55:41
820,100063,2025-13-40,,"15,426",6480,2025-10-08 14:55:41
821,100063,2025-03-05,credit,,25543,2025-08-24 14:55:41
822,100063,2025-06-08,credit,10526,36069,2025-10-26 14:55:41
823,100063,2025-02-22,,4231,36069,2025-11-26 14:55:41
824,100063,2025-06-26,,17597,36069,2025-07-25 14:55:41
825,100063,2025-11-04,debit,18823,,2025-10-24 14:55:41
826,100063,2025-08-10,credit,12216,"29,462",2025-10-11 14:55:41
827,100063,2025-05-04,,16169,"₹29,462",2025-11-15 14:55:41
828,100064,2025-03-11,,,--,2025-07-05 14:55:41
829,100064,2025-07-30,credit,11443,55698,2025-12-31 14:55:41
830,100064,2025-12-17,debit,"₹2,708",52990,2025-08-08 14:55:41
831,100064,2025-06-22,,10017,52990,2025-07-30 14:55:41
832,100064,2025-01-02,credit,"16,269",69259,2025-09-09 14:55:41
833,100064,2025-05-16,,8692,69259,2025-11-24 14:55:41
834,100065,2025-01-24,debit,16429,22262,2025-07-24 14:55:41
835,100065,2025-10-20,credit,5873,28135,2025-11-09 14:55:41
836,100065,2025-06-30,credit,7970,36105,2025-09-14 14:55:41
837,100065,2025-05-18,credit,897,37002,2025-12-21 14:55:41
838,100065,2025-05-20,,1350,37002,2025-09-10 14:55:41
839,100065,2025-10-09,debit,14722,22280,2025-11-06 14:55:41
840,100065,2025-08-20,credit,8427,30707,2025-10-20 14:55:41
841,100065,2025-11-24,debit,₹959,29748,2026-01-07 14:55:41
842,100065,2025-02-05,,5783,"29,748",2025-09-24 14:55:41
843,100065,05/01/2025,debit,"9,358",20390,2025-11-09 14:55:41
844,100065,2025-04-22,credit,9071,29461,2025-09-16 14:55:41
845,100065,2025-06-09,credit,4933,"34,394",2025-08-28 14:55:41
846,100065,2025-07-20,debit,N/A,15375,2025-12-12 14:55:41
847,100065,2025-01-09,debit,"7,211",8164,2025-10-31 14:55:41
848,100065,10/08/2025,credit,12700,20864,2025-12-05 14:55:41
849,100065,20/03/2025,credit,1241,22105,2025-12-14 14:55:41
850,100065,05/07/2025,credit,,35715,2026-01-10 14:55:41
851,100065,2025-09-12,credit,4674,"40,389",2025-08-13 14:55:41
852,100066,2025-12-03,debit,"₹5,825",0,2025-09-09 14:55:41
853,100066,2025-02-09,,,0,2025-07-20 14:55:41
854,100066,2025-07-29,credit,--,13895,2026-01-16 14:55:41
855,100066,2025-06-07,credit,13538,27433,2025-12-15 14:55:41
856,100066,2025-03-16,credit,13219,40652,2025-12-12 14:55:41
857,100066,2025-12-08,,757,40652,2025-12-02 14:55:41
858,100066,13/01/2025,credit,6184,46836,2025-10-05 14:55:41
859,100066,2025-08-28,,"10,033","₹46,836",2025-07-24 14:55:41
860,100066,2025-10-05,debit,"₹3,868",42968,2025-09-02 14:55:41
861,100066,2025-02-17,credit,14285,57253,2025-09-02 14:55:41
862,100066,2025-05-12,debit,18419,38834,2025-09-21 14:55:41
863,100067,2025-09-15,,9022,1633,2025-08-28 14:55:41
864,100067,18/10/2025,credit,18939,"₹20,572",2026-01-06 14:55:41
865,100067,2025-10-21,,17537,20572,2025-07-15 14:55:41
866,100067,2025-04-13,debit,7751,12821,2025-09-10 14:55:41
867,100067,2025-04-26,,17494,,2026-01-01 14:55:41
868,100067,2025-04-14,,16310,12821,2025-11-25 14:55:41
869,100068,2025-01-12,credit,18174,23169,2025-11-17 14:55:41
870,100068,2025-11-11,credit,310,23479,2025-12-18 14:55:41
871,100068,2025-01-03,credit,19193,42672,2025-11-18 14:55:41
872,100068,2025-09-12,credit,15166,57838,2025-07-12 14:55:41
873,100068,2025-01-24,debit,491,57347,2025-08-30 14:55:41
874,100069,2025-05-07,credit,1860,28321,2025-11-22 14:55:41
875,100069,2025-03-03,credit,"8,205",36526,2025-08-01 14:55:41
876,100069,2025-11-28,debit,"₹8,691",27835,2026-01-13 14:55:41
877,100069,2025-05-15,,594,27835,2025-09-25 14:55:41
878,100069,2025-10-23,,19770,27835,2025-12-11 14:55:41
879,100069,2025-02-19,credit,18239,46074,2025-09-01 14:55:41
880,100069,2025-12-20,,5187,46074,2026-01-17 14:55:41
881,100069,2025-07-21,credit,1303,47377,2025-12-14 14:55:41
882,100069,2025-07-04,,--,47377,2026-01-15 14:55:41
883,100069,2025-03-24,,3303,47377,2025-12-19 14:55:41
884,100069,2025-02-06,,5989,"47,377",2025-10-08 14:55:41
885,100069,2025-01-18,credit,15425,62802,2025-12-16 14:55:41
886,100069,2025-09-26,credit,"15,216",78018,2025-12-16 14:55:41
887,100070,2025-06-30,credit,4299,,2025-07-13 14:55:41
888,100070,2025-06-17,credit,8672,18469,2025-12-12 14:55:41
889,100070,2025-08-04,credit,10025,"28,494",2025-10-16 14:55:41
890,100070,2025-11-18,credit,"₹10,329",38823,2025-09-14 14:55:41
891,100070,2025-10-02,credit,5547,"₹44,370",2025-12-02 14:55:41
892,100070,2025-01-03,,13044,44370,2025-10-07 14:55:41
893,100070,2025-03-09,debit,2709,41661,2025-09-26 14:55:41
894,100070,2025-13-40,,9815,41661,2025-10-17 14:55:41
895,100070,2025-08-01,credit,16920,58581,2025-10-29 14:55:41
896,100070,2025-04-19,debit,1957,56624,2025-12-20 14:55:41
897,100070,2025-13-40,,14382,--,2025-12-04 14:55:41
898,100070,2025-07-25,,9257,"₹56,624",2025-08-14 14:55:41
899,100070,2025-04-12,,"₹18,236",56624,2025-10-31 14:55:41
900,100070,2025-12-14,,9620,56624,2025-11-08 14:55:41
901,100070,2025-08-04,,960,"56,624",2025-12-23 14:55:41
902,100070,2025-04-05,credit,5475,62099,2025-07-16 14:55:41
903,100070,2025-01-17,credit,13354,75453,2025-11-17 14:55:41
904,100070,2025-02-22,,16755,"75,453",2025-12-22 14:55:41
905,100071,2025-02-16,debit,1262,4992,2025-12-21 14:55:41
906,100071,2025-09-13,,3440,4992,2025-12-22 14:55:41
907,100071,2025-07-19,credit,11825,"16,817",2025-12-23 14:55:41
908,100071,2025-05-27,,15491,"16,817",2025-11-26 14:55:41
909,100071,2025-06-25,credit,,28082,2025-07-28 14:55:41
910,100071,2025-08-17,,313,"28,082",2025-12-20 14:55:41
911,100072,2025-01-16,,16976,--,2025-07-28 14:55:41
912,100072,2025-13-40,,12789,N/A,2025-11-20 14:55:41
913,100072,2025-08-04,,"3,674",28967,2025-07-18 14:55:41
914,100072,2025-07-01,debit,--,12367,2025-07-05 14:55:41
915,100072,2025-07-23,credit,"₹5,517",17884,2025-07-30 14:55:41
916,100072,11/10/2025,debit,,2746,2025-10-18 14:55:41
917,100072,15/11/2025,,4079,2746,2025-12-12 14:55:41
918,100072,2025-01-30,,3982,,2026-01-15 14:55:41
919,100073,2025-11-30,,--,4042,2025-08-12 14:55:41
920,100073,2025-04-25,,4687,,2025-12-21 14:55:41
921,100073,2025-11-05,credit,706,4748,2025-09-18 14:55:41
922,100073,2025-10-10,debit,9728,0,2025-10-25 14:55:41
923,100073,2025-10-10,credit,"81,550",76570,2025-10-02 14:55:41
924,100073,2025-03-22,debit,16766,59804,2025-11-15 14:55:41
925,100073,2025-06-15,,3842,59804,2025-12-23 14:55:41
926,100073,2025-13-40,debit,"18,641",--,2025-08-07 14:55:41
927,100073,2025-12-11,,,41163,2025-07-07 14:55:41
928,100073,2025-07-10,debit,14055,"27,108",2025-09-22 14:55:41
929,100073,2025-09-15,debit,4214,22894,2025-07-09 14:55:41
930,100073,2025-12-08,,2205,,2025-12-01 14:55:41
931,100073,2025-06-02,credit,10086,N/A,2025-08-26 14:55:41
932,100073,2025-05-14,debit,"₹17,504",15476,2026-01-06 14:55:41
933,100073,2025-08-09,debit,4659,10817,2025-12-31 14:55:41
934,100073,2025-12-29,credit,11284,22101,2025-10-18 14:55:41
935,100074,2025-08-10,,16713,35669,2025-11-11 14:55:41
936,100074,2025-13-40,debit,--,16093,2025-11-12 14:55:41
937,100074,2025-01-15,,17397,16093,2025-12-27 14:55:41
938,100074,2025-06-18,,,N/A,2025-10-27 14:55:41
939,100074,2025-01-31,,15721,16093,2025-09-28 14:55:41
940,100074,2025-10-29,,1105,16093,2025-10-06 14:55:41
941,100074,2025-03-09,debit,6958,9135,2025-12-21 14:55:41
942,100074,2025-08-27,debit,"₹16,259",0,2025-11-03 14:55:41
943,100074,2025-10-07,debit,3936,0,2025-12-04 14:55:41
944,100074,2025-08-07,,457,0,2025-10-04 14:55:41
945,100074,20/10/2025,,655,0,2025-12-29 14:55:41
946,100075,2025-13-40,debit,833,4849,2025-07-02 14:55:41
947,100075,2025-06-26,,553,N/A,2025-12-02 14:55:41
948,100075,2025-05-25,debit,"₹19,125",--,2025-09-26 14:55:41
949,100075,05/05/2025,,374,0,2025-11-12 14:55:41
950,100075,2025-06-30,,18223,0,2025-07-22 14:55:41
951,100076,2025-10-05,credit,"₹5,445",18253,2025-07-04 14:55:41
952,100076,2025-08-09,credit,4310,22563,2025-09-23 14:55:41
953,100076,2025-13-40,,10152,22563,2025-10-14 14:55:41
954,100076,2025-01-02,,18095,22563,2025-10-04 14:55:41
955,100076,2025-01-13,credit,1661,24224,2025-12-05 14:55:41
956,100076,2025-03-27,credit,2747,26971,2026-01-09 14:55:41
957,100076,2025-13-40,,--,26971,2025-12-04 14:55:41
958,100076,2025-03-28,credit,--,38886,2026-01-02 14:55:41
959,100076,2025-04-27,debit,9495,29391,2025-09-10 14:55:41
960,100076,2025-10-15,debit,7020,22371,2025-11-15 14:55:41
961,100076,2025-03-26,,,22371,2025-08-05 14:55:41
962,100076,2025-03-07,debit,9054,13317,2025-10-09 14:55:41
963,100076,2025-11-11,,"₹4,587",13317,2025-09-16 14:55:41
964,100076,30/10/2025,debit,9304,4013,2025-08-06 14:55:41
965,100076,2025-04-16,debit,11403,N/A,2025-07-22 14:55:41
966,100076,2025-09-05,debit,"₹7,806",0,2025-12-10 14:55:41
967,100076,2025-09-19,,"₹13,262",0,2025-10-01 14:55:41
968,100076,2025-04-29,credit,--,0,2025-12-13 14:55:41
969,100076,2025-04-09,credit,3669,0,2025-11-09 14:55:41
970,100076,2025-03-14,credit,19267,"8,087",2025-09-15 14:55:41
971,100077,2025-03-14,debit,"₹15,474",27319,2025-12-25 14:55:41
972,100077,2025-05-02,,8535,27319,2025-12-02 14:55:41
973,100077,2025-01-05,debit,"17,984",9335,2025-11-25 14:55:41
974,100077,2025-03-30,,19518,9335,2025-12-06 14:55:41
975,100077,2025-10-06,,9697,9335,2025-10-18 14:55:41
976,100077,2025-09-30,credit,17943,27278,2025-10-06 14:55:41
977,100077,2025-01-11,,16843,27278,2025-11-23 14:55:41
978,100077,2025-13-40,debit,12430,--,2025-10-20 14:55:41
979,100077,2025-02-25,,6208,14848,2025-11-02 14:55:41
980,100077,2025-10-11,debit,6383,"8,465",2025-12-05 14:55:41
981,100077,2025-05-07,debit,3057,5408,2025-08-03 14:55:41
982,100077,2025-03-30,,,5408,2026-01-04 14:55:41
983,100077,05/07/2025,debit,6563,0,2025-08-13 14:55:41
984,100077,14/02/2025,,7396,--,2025-09-21 14:55:41
985,100077,2025-11-01,credit,12727,"11,572",2025-09-21 14:55:41
986,100077,2025-01-21,debit,"₹13,306",0,2025-09-18 14:55:41
987,100077,2025-03-09,debit,9420,0,2025-11-20 14:55:41
988,100077,2025-04-14,debit,14082,0,2025-11-26 14:55:41
989,100077,2025-04-13,debit,3957,0,2025-09-28 14:55:41
990,100078,2025-02-21,debit,11634,36251,2025-09-21 14:55:41
991,100078,2025-07-19,,12062,"36,251",2025-11-25 14:55:41
992,100078,2025-11-07,debit,"6,100",30151,2025-10-26 14:55:41
993,100078,2025-02-22,,18238,30151,2025-11-30 14:55:41
994,100078,2025-12-25,credit,1549,31700,2025-12-29 14:55:41
995,100078,2025-03-29,credit,9003,40703,2025-11-13 14:55:41
996,100078,2025-01-07,credit,11961,52664,2025-12-13 14:55:41
997,100078,2025-13-40,credit,--,62067,2025-08-03 14:55:41
998,100078,2025-01-03,,11305,62067,2025-11-10 14:55:41
999,100078,2025-07-21,,9326,62067,2025-07-02 14:55:41
1000,100078,2025-10-02,credit,"8,780",70847,2025-12-24 14:55:41
1001,100079,2025-09-26,debit,"9,237","24,871",2025-08-04 14:55:41
1002,100079,2025-06-30,debit,8601,16270,2025-10-06 14:55:41
1003,100079,2025-02-05,debit,"9,929",6341,2026-01-09 14:55:41
1004,100079,2025-13-40,debit,--,0,2025-10-24 14:55:41
1005,100079,2025-08-22,,18618,0,2026-01-09 14:55:41
1006,100079,2025-01-20,credit,8325,,2025-09-16 14:55:41
1007,100079,2025-12-08,credit,929,0,2025-12-14 14:55:41
1008,100079,2025-04-05,debit,13645,0,2026-01-13 14:55:41
1009,100079,2025-08-21,,16815,0,2026-01-06 14:55:41
1010,100079,2025-04-17,,13789,0,2025-09-11 14:55:41
1011,100079,2025-07-25,credit,10519,0,2025-08-24 14:55:41
1012,100079,2025-03-03,,15122,0,2025-08-31 14:55:41
1013,100079,2025-12-17,,14709,0,2025-07-06 14:55:41
1014,100079,14/12/2025,credit,15750,12442,2025-08-13 14:55:41
1015,100079,2025-10-19,,5434,12442,2025-11-26 14:55:41
1016,100079,2025-05-01,debit,,9279,2025-08-14 14:55:41
1017,100079,2025-07-28,,9766,9279,2025-11-18 14:55:41
1018,100079,2025-02-15,,7979,,2025-11-06 14:55:41
1019,100079,2025-10-18,,13914,"9,279",2025-09-02 14:55:41
1020,100080,2025-05-14,,17583,25108,2025-11-07 14:55:41
1021,100080,2025-05-07,credit,5007,"30,115",2025-12-20 14:55:41
1022,100080,2025-09-16,credit,12860,42975,2025-08-05 14:55:41
1023,100080,2025-01-28,credit,12639,55614,2025-08-03 14:55:41
1024,100080,2025-06-19,credit,6744,"62,358",2025-12-09 14:55:41
1025,100081,2025-08-18,credit,6871,10658,2026-01-01 14:55:41
1026,100081,2025-07-26,credit,17524,28182,2025-11-02 14:55:41
1027,100081,2025-06-18,credit,830,29012,2025-12-01 14:55:41
1028,100081,2025-08-29,,,29012,2025-07-17 14:55:41
1029,100081,2025-07-18,credit,5819,34831,2026-01-13 14:55:41
1030,100081,2025-03-04,debit,2061,32770,2025-11-11 14:55:41
1031,100081,2025-04-23,debit,19692,13078,2025-09-15 14:55:41
1032,100081,2025-02-12,credit,558,13636,2025-08-02 14:55:41
1033,100081,2025-13-40,debit,"19,751",0,2025-11-15 14:55:41
1034,100081,2025-10-11,debit,18873,0,2025-08-04 14:55:41
1035,100081,2025-01-02,credit,9822,0,2025-10-19 14:55:41
1036,100081,2025-12-25,debit,"8,583",0,2025-11-07 14:55:41
1037,100081,2025-05-06,debit,9112,₹0,2025-08-25 14:55:41
1038,100081,2025-09-14,credit,17166,--,2025-12-16 14:55:41
1039,100082,2025-07-27,debit,17532,8447,2025-09-15 14:55:41
1040,100082,2025-12-09,credit,4620,13067,2025-10-04 14:55:41
1041,100082,2025-03-08,credit,"12,777",25844,2025-12-03 14:55:41
1042,100082,2025-06-27,debit,19533,--,2025-08-16 14:55:41
1043,100082,2025-10-09,credit,7256,13567,2025-09-21 14:55:41
1044,100082,2025-13-40,,,"₹13,567",2025-12-04 14:55:41
1045,100083,2025-05-08,credit,10927,51773,2025-12-16 14:55:41
1046,100083,2025-01-17,credit,"2,379",54152,2025-12-11 14:55:41
1047,100083,2025-13-40,debit,7632,46520,2025-12-18 14:55:41
1048,100083,2025-09-23,,16443,46520,2025-08-14 14:55:41
1049,100083,2025-11-27,debit,12774,33746,2026-01-15 14:55:41
1050,100083,2025-12-31,,N/A,33746,2025-09-15 14:55:41
1051,100083,2025-08-09,,3552,33746,2025-08-25 14:55:41
1052,100083,2025-10-08,credit,,46070,2025-08-10 14:55:41
1053,100083,2025-08-19,,13585,46070,2025-07-08 14:55:41
1054,100083,2025-11-26,debit,420,45650,2025-10-28 14:55:41
1055,100083,2025-02-08,,6562,"45,650",2025-09-14 14:55:41
1056,100083,2025-11-26,credit,2601,48251,2025-07-06 14:55:41
1057,100083,2025-01-25,credit,11128,59379,2025-09-07 14:55:41
1058,100084,2025-01-22,credit,9973,41094,2025-11-05 14:55:41
1059,100084,2025-01-02,debit,16367,24727,2025-11-21 14:55:41
1060,100084,2025-02-04,credit,"15,615","40,342",2026-01-09 14:55:41
1061,100084,20/12/2025,,11907,--,2025-10-21 14:55:41
1062,100084,2025-07-01,debit,"6,510",33832,2026-01-17 14:55:41
1063,100084,2025-10-07,,2790,33832,2025-07-18 14:55:41
1064,100084,2025-13-40,,12184,"33,832",2025-09-18 14:55:41
1065,100084,2025-05-27,credit,,53294,2025-12-18 14:55:41
1066,100084,2025-01-11,credit,19998,"73,292",2025-07-27 14:55:41
1067,100084,2025-07-16,debit,5453,67839,2025-08-31 14:55:41
1068,100084,2025-12-18,debit,,66950,2025-07-23 14:55:41
1069,100085,2025-12-22,debit,19871,0,2026-01-03 14:55:41
1070,100085,2025-11-07,debit,"10,029",0,2025-09-29 14:55:41
1071,100085,2025-09-17,,18497,0,2025-12-18 14:55:41
1072,100085,12/11/2025,credit,17922,7534,2025-12-28 14:55:41
1073,100085,2025-12-16,credit,"12,972",20506,2025-10-22 14:55:41
1074,100085,2025-07-25,credit,"₹6,310","26,816",2025-07-26 14:55:41
1075,100085,2025-03-24,credit,792,"27,608",2025-11-09 14:55:41
1076,100085,2025-05-24,debit,15936,11672,2025-07-04 14:55:41
1077,100085,2025-11-25,credit,"2,819","14,491",2025-10-23 14:55:41
1078,100085,2025-10-24,debit,14002,489,2025-12-02 14:55:41
1079,100085,2025-12-27,,12518,₹489,2025-07-12 14:55:41
1080,100085,2025-13-40,credit,12454,12943,2025-10-07 14:55:41
1081,100085,2025-01-28,debit,7949,"4,994",2025-07-14 14:55:41
1082,100085,2025-13-40,credit,"14,255","₹19,249",2025-08-20 14:55:41
1083,100085,2025-03-03,credit,,,2025-11-11 14:55:41
1084,100085,2025-12-20,credit,15275,36647,2025-08-23 14:55:41
1085,100085,2025-04-07,debit,1565,"₹35,082",2025-10-20 14:55:41
1086,100086,2025-12-06,debit,8647,"₹11,704",2025-07-10 14:55:41
1087,100086,2025-11-07,debit,9549,2155,2025-12-18 14:55:41
1088,100086,2025-11-02,debit,11598,0,2025-10-25 14:55:41
1089,100086,2025-07-28,credit,5700,0,2025-10-29 14:55:41
1090,100086,2025-13-40,credit,7891,4148,2025-10-01 14:55:41
1091,100086,2025-01-07,debit,--,,2025-11-28 14:55:41
1092,100086,2025-02-03,debit,"16,714",0,2025-11-20 14:55:41
1093,100086,2025-11-23,credit,"14,066",0,2026-01-02 14:55:41
1094,100086,2025-04-03,debit,10103,0,2025-07-20 14:55:41
1095,100086,17/05/2025,,12172,0,2025-08-21 14:55:41
1096,100086,2025-08-25,credit,"18,965",0,2025-10-08 14:55:41
1097,100086,2025-06-04,,13458,₹0,2025-10-27 14:55:41
1098,100086,2025-09-12,debit,,0,2025-12-01 14:55:41
1099,100086,2025-12-23,debit,"15,733",0,2025-12-23 14:55:41
1100,100086,2025-03-26,credit,19974,0,2025-07-21 14:55:41
1101,100086,2025-09-04,credit,4566,0,2025-08-27 14:55:41
1102,100086,2025-06-15,credit,5569,0,2025-08-19 14:55:41
1103,100086,2025-05-14,credit,14594,--,2025-10-23 14:55:41
1104,100086,2025-01-25,credit,"8,008",,2025-10-01 14:55:41
1105,100086,2025-04-28,credit,"₹17,116",31012,2025-08-19 14:55:41
1106,100087,2025-09-06,debit,10721,34362,2026-01-03 14:55:41
1107,100087,2025-13-40,debit,14500,19862,2026-01-10 14:55:41
1108,100087,2025-07-22,debit,--,11606,2025-07-02 14:55:41
1109,100087,2025-03-08,debit,14925,0,2025-07-22 14:55:41
1110,100087,2025-07-24,debit,"9,989",0,2026-01-04 14:55:41
1111,100088,2025-11-12,debit,5753,17205,2026-01-08 14:55:41
1112,100088,2025-12-30,debit,,15248,2025-07-07 14:55:41
1113,100088,2025-13-40,debit,15058,190,2025-12-08 14:55:41
1114,100088,2025-01-22,credit,13465,13655,2025-10-06 14:55:41
1115,100088,2025-05-16,debit,2525,11130,2025-12-22 14:55:41
1116,100088,2025-04-23,,18901,11130,2025-08-17 14:55:41
1117,100089,2025-12-29,,14200,,2025-11-06 14:55:41
1118,100089,2025-12-06,credit,4883,45122,2025-11-22 14:55:41
1119,100089,13/05/2025,debit,--,41599,2025-08-04 14:55:41
1120,100089,2025-02-24,debit,9647,"31,952",2025-07-26 14:55:41
1121,100089,2025-12-25,credit,4704,36656,2025-09-12 14:55:41
1122,100089,2025-11-24,credit,11374,48030,2025-07-03 14:55:41
1123,100089,15/03/2025,credit,6918,"54,948",2025-11-04 14:55:41
1124,100089,2025-09-26,credit,12796,67744,2025-10-15 14:55:41
1125,100089,2025-08-29,,19040,67744,2025-10-26 14:55:41
1126,100089,2025-12-19,debit,9025,58719,2026-01-17 14:55:41
1127,100089,17/08/2025,credit,"₹6,797","65,516",2025-10-03 14:55:41
1128,100089,2025-07-26,credit,442,65958,2025-10-05 14:55:41
1129,100089,2025-06-20,debit,17329,48629,2025-12-23 14:55:41
1130,100090,2025-08-30,debit,"229,950",0,2025-10-03 14:55:41
1131,100090,2025-03-10,debit,2083,0,2025-11-13 14:55:41
1132,100090,2025-05-15,credit,16986,₹0,2025-11-27 14:55:41
1133,100090,29/07/2025,,14152,0,2025-07-15 14:55:41
1134,100090,2025-01-12,credit,13576,0,2025-11-24 14:55:41
1135,100090,2025-13-40,credit,5880,0,2025-11-21 14:55:41
1136,100090,2025-11-09,debit,,0,2025-08-15 14:55:41
1137,100090,2025-09-07,,16157,0,2025-10-17 14:55:41
1138,100090,2025-05-20,,631,0,2025-07-09 14:55:41
1139,100090,2025-06-04,,664,0,2026-01-13 14:55:41
1140,100091,2025-12-04,debit,235,9963,2026-01-06 14:55:41
1141,100091,2025-02-17,debit,17581,0,2026-01-13 14:55:41
1142,100091,2025-06-10,credit,1539,0,2025-09-28 14:55:41
1143,100091,2025-11-10,debit,"3,925",0,2025-07-26 14:55:41
1144,100091,2025-03-24,credit,321,0,2025-09-06 14:55:41
1145,100091,2025-13-40,,9258,0,2025-09-30 14:55:41
1146,100092,2025-10-09,debit,9373,38981,2025-09-26 14:55:41
1147,100092,03/01/2025,debit,13400,25581,2025-10-14 14:55:41
1148,100092,2025-09-30,credit,"₹15,559",41140,2025-10-22 14:55:41
1149,100092,2025-08-02,,"18,181",--,2025-07-16 14:55:41
1150,100092,2025-12-02,debit,4100,37040,2025-11-20 14:55:41
1151,100092,2025-10-22,credit,1376,38416,2025-07-19 14:55:41
1152,100092,2025-11-24,debit,2022,36394,2025-07-21 14:55:41
1153,100092,2025-11-19,debit,13986,"22,408",2025-08-31 14:55:41
1154,100092,18/12/2025,credit,15025,37433,2025-08-16 14:55:41
1155,100092,2025-10-26,debit,12310,25123,2025-08-30 14:55:41
1156,100092,2025-05-16,,,,2025-09-17 14:55:41
1157,100092,2025-03-20,credit,"₹19,653",44776,2026-01-10 14:55:41
1158,100092,2025-06-21,,3090,44776,2025-09-01 14:55:41
1159,100092,2025-07-19,,"₹3,420",44776,2025-10-07 14:55:41
1160,100092,2025-11-03,credit,4080,48856,2025-12-12 14:55:41
1161,100092,2025-11-08,credit,7536,56392,2025-08-15 14:55:41
1162,100093,2025-06-12,credit,13986,30885,2025-11-21 14:55:41
1163,100093,2025-04-09,debit,"11,810",19075,2025-12-05 14:55:41
1164,100093,2025-12-04,credit,3481,22556,2025-07-28 14:55:41
1165,100093,2025-07-04,credit,3267,25823,2025-07-20 14:55:41
1166,100093,2025-05-16,credit,10396,36219,2025-10-31 14:55:41
1167,100093,2025-01-28,,3555,36219,2025-11-28 14:55:41
1168,100094,2025-06-17,,13095,8460,2025-09-27 14:55:41
1169,100094,2025-08-20,,14827,8460,2025-07-02 14:55:41
1170,100094,2025-07-03,debit,16989,,2025-07-07 14:55:41
1171,100094,2025-08-06,,14200,0,2025-10-28 14:55:41
1172,100094,2025-09-14,,7025,0,2025-12-07 14:55:41
1173,100094,2025-12-28,,5026,0,2025-11-25 14:55:41
1174,100094,2025-03-12,,3107,0,2025-11-20 14:55:41
1175,100094,2025-06-04,credit,12517,3988,2025-09-02 14:55:41
1176,100094,2025-08-11,debit,985,3003,2025-07-20 14:55:41
1177,100094,2025-04-02,,4208,3003,2025-08-10 14:55:41
1178,100094,2025-11-10,credit,,--,2025-09-08 14:55:41
1179,100094,2025-07-28,,18281,17119,2025-07-06 14:55:41
1180,100094,2025-05-22,,15912,17119,2025-07-24 14:55:41
1181,100094,2025-08-20,debit,"₹1,046",16073,2025-11-05 14:55:41
1182,100094,2025-05-05,credit,1139,17212,2026-01-10 14:55:41
1183,100094,2025-11-28,,N/A,N/A,2025-09-22 14:55:41
1184,100094,2025-07-14,debit,"13,761",3451,2025-11-17 14:55:41
1185,100094,2025-01-18,credit,4394,7845,2025-12-30 14:55:41
1186,100094,18/04/2025,,14543,7845,2026-01-13 14:55:41
1187,100095,2025-02-07,debit,5106,,2025-12-06 14:55:41
1188,100095,2025-06-30,credit,15205,51355,2025-10-13 14:55:41
1189,100095,2025-02-27,,12774,"51,355",2025-07-09 14:55:41
1190,100095,2025-11-27,debit,11172,40183,2025-11-11 14:55:41
1191,100095,2025-06-03,,1673,40183,2026-01-17 14:55:41
1192,100095,2025-06-22,debit,2282,37901,2025-11-05 14:55:41
1193,100095,2025-05-12,,N/A,,2025-09-19 14:55:41
1194,100095,2025-05-01,credit,8480,46381,2025-09-16 14:55:41
1195,100095,2025-04-13,credit,11917,58298,2025-08-20 14:55:41
1196,100095,2025-04-21,credit,,62889,2025-09-13 14:55:41
1197,100095,2025-08-07,credit,17037,79926,2025-07-16 14:55:41
1198,100095,2025-09-04,credit,3010,82936,2025-09-29 14:55:41
1199,100095,2025-08-01,credit,"3,604","86,540",2026-01-06 14:55:41
1200,100095,2025-07-28,,17386,86540,2025-08-06 14:55:41
1201,100095,2025-01-03,credit,14218,100758,2025-11-11 14:55:41
1202,100095,2025-04-12,credit,N/A,114204,2025-10-24 14:55:41
1203,100095,2025-12-21,debit,818,113386,2025-11-04 14:55:41
1204,100095,2025-13-40,debit,"₹13,597",99789,2025-12-12 14:55:41
1205,100095,2025-13-40,debit,8387,"₹91,402",2026-01-08 14:55:41
1206,100096,2025-10-29,credit,"6,235",22446,2025-08-01 14:55:41
1207,100096,2025-01-25,credit,3931,26377,2025-11-20 14:55:41
1208,100096,2025-07-07,credit,17141,--,2025-11-13 14:55:41
1209,100096,2025-07-31,,9483,43518,2025-11-02 14:55:41
1210,100096,2025-08-09,credit,5877,49395,2025-07-15 14:55:41
1211,100096,2025-07-03,credit,14528,63923,2025-11-08 14:55:41
1212,100096,2025-10-10,,12013,63923,2025-10-24 14:55:41
1213,100096,2025-07-17,debit,12354,51569,2025-12-08 14:55:41
1214,100096,2025-05-08,,16941,"₹51,569",2025-10-15 14:55:41
1215,100096,2025-07-28,,12352,51569,2025-10-09 14:55:41
1216,100096,2025-06-13,,7845,51569,2025-07-06 14:55:41
1217,100096,2025-10-24,,--,51569,2025-10-10 14:55:41
1218,100096,2025-11-01,credit,9958,61527,2025-10-02 14:55:41
1219,100096,2025-11-18,,7559,61527,2025-07-10 14:55:41
1220,100096,2025-12-10,,"₹1,056","₹61,527",2025-08-19 14:55:41
1221,100097,2025-02-20,debit,7559,20656,2025-11-28 14:55:41
1222,100097,2025-02-16,credit,8223,28879,2025-12-06 14:55:41
1223,100097,2025-01-04,credit,9174,38053,2025-08-28 14:55:41
1224,100097,2025-07-18,,"₹9,214",38053,2025-11-28 14:55:41
1225,100097,2025-06-03,debit,13204,24849,2025-08-08 14:55:41
1226,100097,2025-12-27,debit,11487,13362,2025-07-10 14:55:41
1227,100097,2025-10-30,,10049,13362,2025-07-31 14:55:41
1228,100098,2025-07-17,,"9,772",,2025-07-27 14:55:41
1229,100098,2025-04-26,credit,"₹10,968",58008,2025-07-04 14:55:41
1230,100098,2025-03-01,debit,8290,49718,2025-11-21 14:55:41
1231,100098,2025-05-21,credit,15805,65523,2025-11-08 14:55:41
1232,100098,2025-02-22,debit,1693,"63,830",2025-12-30 14:55:41
1233,100098,2025-09-11,,7294,"63,830",2025-11-06 14:55:41
1234,100098,2025-12-31,,"2,920",63830,2026-01-08 14:55:41
1235,100098,2025-10-16,debit,13864,"49,966",2025-08-12 14:55:41
1236,100098,2025-05-08,debit,4931,45035,2025-10-25 14:55:41
1237,100098,15/05/2025,credit,N/A,47198,2025-07-30 14:55:41
1238,100098,2025-10-31,credit,6930,54128,2025-07-22 14:55:41
1239,100098,2025-09-12,credit,6861,60989,2026-01-13 14:55:41
1240,100098,2025-06-06,debit,341,60648,2025-12-18 14:55:41
1241,100098,2025-10-02,debit,10000,"50,648",2025-11-24 14:55:41
1242,100098,2025-13-40,,12275,50648,2025-12-28 14:55:41
1243,100098,2025-11-24,debit,"₹10,084","₹40,564",2025-11-05 14:55:41
1244,100098,2025-11-26,credit,4098,44662,2025-11-23 14:55:41
1245,100098,2025-07-31,,N/A,44662,2025-10-23 14:55:41
1246,100099,2025-12-03,debit,"10,419",2082,2026-01-01 14:55:41
1247,100099,2025-08-28,,17986,2082,2025-10-10 14:55:41
1248,100099,2025-09-18,,"19,791",2082,2025-07-14 14:55:41
1249,100099,2025-08-21,debit,13369,0,2025-12-01 14:55:41
1250,100099,2025-02-15,debit,"₹5,313",,2025-10-12 14:55:41
1251,100099,2025-09-02,credit,1603,0,2026-01-16 14:55:41
1252,100099,2025-07-14,,13994,0,2025-12-22 14:55:41
1253,100099,2025-01-03,,13695,0,2025-12-23 14:55:41
1254,100099,2025-10-03,credit,--,₹0,2025-08-02 14:55:41
1255,100099,2025-04-29,credit,--,"3,749",2025-10-26 14:55:41
1256,100099,2025-09-28,credit,11928,"15,677",2025-07-16 14:55:41
1257,100099,2025-13-40,debit,3995,"₹11,682",2025-07-31 14:55:41
1258,100099,2025-06-11,credit,10642,--,2025-08-19 14:55:41
1259,100099,2025-01-05,debit,9678,12646,2026-01-07 14:55:41
1260,100099,2025-08-27,,,"12,646",2025-12-22 14:55:41
1261,100100,2025-06-05,credit,"₹11,109",28007,2025-08-03 14:55:41
1262,100100,2025-08-30,,13634,"₹28,007",2025-12-27 14:55:41
1263,100100,2025-12-13,,7516,28007,2025-07-20 14:55:41
1264,100100,2025-12-12,credit,15425,"43,432",2025-08-12 14:55:41
1265,100100,2025-08-17,debit,8049,35383,2025-10-27 14:55:41
1266,100100,2025-13-40,debit,,15773,2025-07-13 14:55:41
1267,100100,2025-08-04,,"14,287",15773,2025-08-31 14:55:41
1268,100100,2025-07-14,credit,1788,17561,2025-09-26 14:55:41
1269,100100,2025-02-13,debit,10631,6930,2025-11-02 14:55:41
1270,100100,2025-10-11,credit,4787,N/A,2025-08-13 14:55:41
1271,100100,2025-11-25,,13234,11717,2025-10-27 14:55:41
1272,100100,2025-13-40,,9440,11717,2025-09-08 14:55:41
1273,100100,2025-01-18,debit,"₹2,821",8896,2025-10-08 14:55:41
1274,100100,2025-06-18,,11276,8896,2025-09-12 14:55:41
1275,100100,2025-07-14,credit,5513,14409,2025-08-02 14:55:41
1276,100101,2025-11-05,debit,11958,33321,2025-12-13 14:55:41
1277,100101,2025-04-27,credit,9359,42680,2025-07-25 14:55:41
1278,100101,17/02/2025,debit,5375,"₹37,305",2025-11-01 14:55:41
1279,100101,2025-08-27,,5994,--,2025-08-16 14:55:41
1280,100101,2025-01-04,debit,7451,29854,2025-11-19 14:55:41
1281,100101,2025-09-15,credit,10098,N/A,2025-12-24 14:55:41
1282,100101,2025-01-26,credit,19089,59041,2025-12-27 14:55:41
1283,100101,2025-01-03,credit,910,"59,951",2025-10-22 14:55:41
1284,100101,2025-12-14,debit,16329,,2025-09-24 14:55:41
1285,100101,2025-11-16,credit,190875,234497,2025-07-11 14:55:41
1286,100101,2025-07-18,,15559,234497,2025-09-27 14:55:41
1287,100101,2025-05-07,debit,₹621,233876,2025-08-13 14:55:41
1288,100101,2025-02-24,credit,14990,248866,2025-12-03 14:55:41
1289,100101,2025-11-29,debit,2392,"246,474",2025-10-27 14:55:41
1290,100101,2025-01-30,debit,2630,243844,2025-10-09 14:55:41
1291,100102,2025-07-18,,15857,--,2025-12-17 14:55:41
1292,100102,2025-10-28,credit,2546,5121,2025-10-15 14:55:41
1293,100102,2025-09-13,credit,--,,2025-07-10 14:55:41
1294,100102,2025-06-23,credit,18871,26915,2025-12-30 14:55:41
1295,100102,2025-05-14,debit,11491,15424,2025-09-17 14:55:41
1296,100102,03/10/2025,,8649,15424,2025-08-25 14:55:41
1297,100102,2025-06-25,credit,"17,363",32787,2025-10-10 14:55:41
1298,100102,26/03/2025,,N/A,32787,2025-10-15 14:55:41
1299,100102,2025-03-16,debit,6199,26588,2025-09-14 14:55:41
1300,100102,2025-07-08,,13053,26588,2025-09-27 14:55:41
1301,100102,2025-10-30,debit,5434,21154,2026-01-12 14:55:41
1302,100102,2025-11-18,credit,262950,284104,2025-09-03 14:55:41
1303,100102,2025-02-27,credit,1977,286081,2025-12-03 14:55:41
1304,100102,2025-04-30,,10671,286081,2025-11-10 14:55:41
1305,100102,2025-02-08,credit,19058,,2025-12-11 14:55:41
1306,100102,2025-05-31,debit,15321,289818,2026-01-16 14:55:41
1307,100102,27/06/2025,debit,18787,271031,2025-08-03 14:55:41
1308,100102,2025-01-14,credit,7742,278773,2025-12-12 14:55:41
1309,100102,2025-04-10,debit,5313,273460,2025-10-08 14:55:41
1310,100103,2025-07-23,credit,13536,15306,2025-09-30 14:55:41
1311,100103,2025-02-28,credit,,20038,2025-07-17 14:55:41
1312,100103,2025-05-31,,8995,20038,2025-07-09 14:55:41
1313,100103,2025-08-21,,19082,20038,2025-08-16 14:55:41
1314,100103,2025-11-24,credit,6977,27015,2025-09-28 14:55:41
1315,100103,2025-11-04,credit,987,28002,2025-12-19 14:55:41
1316,100103,2025-03-17,debit,"12,310",15692,2025-08-03 14:55:41
1317,100103,2025-01-02,credit,3748,19440,2025-07-18 14:55:41
1318,100103,2025-12-30,,"2,166",19440,2025-07-08 14:55:41
1319,100103,2025-01-20,debit,"8,565",10875,2025-10-11 14:55:41
1320,100103,2025-06-25,credit,N/A,"₹18,073",2025-11-23 14:55:41
1321,100103,2025-08-24,debit,N/A,"6,331",2025-09-07 14:55:41
1322,100103,2025-13-40,debit,14859,0,2025-08-15 14:55:41
1323,100103,2025-08-26,,3565,0,2025-07-22 14:55:41
1324,100103,2025-02-18,credit,12186,3658,2025-12-27 14:55:41
1325,100103,2025-08-30,debit,14570,0,2026-01-01 14:55:41
1326,100103,2025-01-23,,10713,0,2025-10-18 14:55:41
1327,100103,2025-02-05,,11595,0,2025-11-17 14:55:41
1328,100103,2025-10-25,,19640,0,2025-12-24 14:55:41
1329,100104,2025-10-15,credit,2380,25344,2025-08-16 14:55:41
1330,100104,2025-01-04,credit,411,25755,2025-09-17 14:55:41
1331,100104,10/08/2025,,18555,25755,2025-07-20 14:55:41
1332,100104,2025-06-14,credit,17169,42924,2025-09-20 14:55:41
1333,100104,2025-01-05,,"₹18,691","42,924",2025-11-21 14:55:41
1334,100104,2025-03-28,debit,15768,"₹27,156",2025-09-11 14:55:41
1335,100104,2025-06-14,credit,15952,43108,2025-09-26 14:55:41
1336,100104,2025-03-17,credit,1774,N/A,2025-09-14 14:55:41
1337,100104,2025-12-15,credit,11629,56511,2025-12-24 14:55:41
1338,100104,2026-01-01,debit,4142,52369,2025-09-28 14:55:41
1339,100104,2025-07-25,debit,"15,117",37252,2025-11-18 14:55:41
1340,100104,2025-05-18,credit,772,38024,2025-12-13 14:55:41
1341,100104,2025-07-15,,12144,38024,2025-12-26 14:55:41
1342,100104,2025-05-14,credit,635,38659,2025-07-06 14:55:41
1343,100104,2025-09-11,,19426,38659,2025-12-31 14:55:41
1344,100104,2025-03-20,debit,492,38167,2025-07-30 14:55:41
1345,100104,2025-08-29,debit,19791,18376,2025-09-11 14:55:41
1346,100104,2025-07-04,debit,"₹3,124",15252,2025-11-14 14:55:41
1347,100104,2025-12-31,,13738,15252,2026-01-12 14:55:41
1348,100104,2025-02-17,debit,4745,10507,2025-10-09 14:55:41
1349,100105,2025-03-28,,16520,"39,813",2025-07-29 14:55:41
1350,100105,2025-01-12,,"13,016",,2025-12-26 14:55:41
1351,100105,15/10/2025,debit,"₹9,368",30445,2025-07-15 14:55:41
1352,100105,2025-11-28,,6692,30445,2025-08-17 14:55:41
1353,100105,2025-04-14,credit,"3,129","33,574",2025-08-20 14:55:41
1354,100105,2025-10-12,debit,"17,273",16301,2026-01-06 14:55:41
1355,100105,2025-11-27,credit,11207,27508,2025-12-02 14:55:41
1356,100105,2025-01-27,,7740,27508,2025-11-16 14:55:41
1357,100105,2025-07-22,credit,"17,691","45,199",2025-07-29 14:55:41
1358,100105,2025-09-25,credit,11629,56828,2025-11-13 14:55:41
1359,100105,2025-01-03,debit,7418,"49,410",2025-08-30 14:55:41
1360,100105,2025-12-13,,205300,49410,2025-09-11 14:55:41
1361,100105,2025-03-14,credit,"₹18,474",67884,2025-09-18 14:55:41
1362,100106,2025-01-16,,3602,43443,2025-09-17 14:55:41
1363,100106,2025-03-07,,17592,43443,2025-07-31 14:55:41
1364,100106,2025-01-14,credit,13192,56635,2025-12-08 14:55:41
1365,100106,2025-08-11,debit,,41891,2025-08-06 14:55:41
1366,100106,2025-13-40,debit,5738,36153,2025-08-15 14:55:41
1367,100106,2025-05-31,,19327,"₹36,153",2025-09-17 14:55:41
1368,100106,2025-03-20,debit,10774,"25,379",2025-08-28 14:55:41
1369,100106,2025-10-01,credit,"10,590",35969,2025-09-27 14:55:41
1370,100106,2025-07-19,debit,N/A,19948,2025-10-19 14:55:41
1371,100106,30/06/2025,credit,"17,710",37658,2026-01-07 14:55:41
1372,100106,2025-12-01,debit,40700,0,2025-09-06 14:55:41
1373,100106,2025-10-16,debit,11655,0,2025-08-20 14:55:41
1374,100106,2025-03-06,credit,"5,112",0,2025-09-13 14:55:41
1375,100106,2025-10-21,credit,13356,N/A,2025-11-30 14:55:41
1376,100106,2025-13-40,credit,--,22347,2025-11-28 14:55:41
1377,100106,2025-03-12,debit,5861,16486,2025-09-24 14:55:41
1378,100107,2025-11-23,debit,1015,48139,2025-07-06 14:55:41
1379,100107,2025-07-21,,19780,48139,2025-10-12 14:55:41
1380,100107,2025-09-11,credit,12058,60197,2025-11-07 14:55:41
1381,100107,2025-08-09,,17778,60197,2025-11-10 14:55:41
1382,100107,2025-06-02,,7692,60197,2025-10-03 14:55:41
1383,100107,2025-04-22,debit,13033,"47,164",2025-09-22 14:55:41
1384,100107,2025-09-27,debit,349,--,2025-10-05 14:55:41
1385,100107,2025-11-10,,7357,46815,2025-08-18 14:55:41
1386,100107,2025-13-40,credit,11866,58681,2025-07-17 14:55:41
1387,100107,2025-04-01,,--,"58,681",2025-12-04 14:55:41
1388,100107,2025-11-06,credit,18784,77465,2025-08-19 14:55:41
1389,100107,2025-11-23,debit,356,"₹77,109",2025-10-20 14:55:41
1390,100107,21/01/2025,,4546,77109,2025-08-27 14:55:41
1391,100107,2025-04-19,debit,"₹7,637",69472,2025-07-29 14:55:41
1392,100107,2025-04-26,debit,11033,"₹58,439",2025-08-02 14:55:41
1393,100107,2025-01-16,debit,N/A,52772,2025-07-29 14:55:41
1394,100107,2025-04-05,,"11,470",52772,2025-07-18 14:55:41
1395,100107,29/06/2025,debit,11413,41359,2025-08-10 14:55:41
1396,100107,2025-04-30,debit,3272,38087,2025-07-08 14:55:41
1397,100107,2025-12-20,debit,1224,36863,2025-09-23 14:55:41
1398,100108,2025-07-18,credit,4800,22195,2025-07-17 14:55:41
1399,100108,2025-03-28,debit,--,13563,2025-09-09 14:55:41
1400,100108,2025-12-03,debit,13053,510,2025-08-16 14:55:41
1401,100108,2025-05-05,credit,7896,8406,2026-01-02 14:55:41
1402,100108,2025-01-18,,11011,8406,2025-07-28 14:55:41
1403,100108,2025-08-04,debit,"7,656",750,2025-11-20 14:55:41
1404,100108,2025-09-30,,17586,750,2025-08-04 14:55:41
1405,100108,2025-03-17,debit,8139,₹0,2025-07-17 14:55:41
1406,100108,2025-05-08,debit,4542,0,2026-01-01 14:55:41
1407,100108,2025-06-20,debit,19548,0,2025-07-20 14:55:41
1408,100108,2025-06-04,credit,14482,0,2025-08-03 14:55:41
1409,100108,2025-12-08,,16053,0,2025-08-21 14:55:41
1410,100108,2025-12-12,debit,4345,0,2025-12-07 14:55:41
1411,100108,2025-08-08,credit,2932,0,2025-12-23 14:55:41
1412,100108,2025-05-08,debit,18786,0,2025-09-16 14:55:41
1413,100108,2025-01-15,debit,4686,0,2025-08-18 14:55:41
1414,100108,2025-02-12,debit,6638,0,2025-12-15 14:55:41
1415,100108,2025-07-14,,17263,0,2025-10-30 14:55:41
1416,100108,2025-01-30,credit,19678,0,2026-01-05 14:55:41
1417,100109,2025-07-29,,15248,18900,2025-10-01 14:55:41
1418,100109,2025-02-20,credit,2674,21574,2025-07-09 14:55:41
1419,100109,2025-05-06,credit,"₹9,401","₹30,975",2025-09-02 14:55:41
1420,100109,2025-03-29,debit,7934,23041,2025-07-09 14:55:41
1421,100109,2025-09-26,credit,13670,36711,2025-12-26 14:55:41
1422,100109,2025-12-27,debit,8245,28466,2025-08-05 14:55:41
1423,100109,2025-09-05,credit,1712,30178,2026-01-05 14:55:41
1424,100109,2025-01-06,debit,3940,26238,2025-07-30 14:55:41
1425,100109,2025-11-08,debit,3614,"22,624",2025-07-02 14:55:41
1426,100109,2025-02-12,,8877,22624,2025-12-12 14:55:41
1427,100109,2025-06-27,debit,12962,9662,2025-09-25 14:55:41
1428,100110,2025-12-13,,"₹16,599",46095,2025-12-14 14:55:41
1429,100110,2025-07-16,debit,"18,022",28073,2025-08-31 14:55:41
1430,100110,2025-09-27,debit,"9,587",18486,2025-07-18 14:55:41
1431,100110,2025-05-29,,12677,18486,2025-10-01 14:55:41
1432,100110,2025-04-23,credit,"₹9,927",28413,2025-11-02 14:55:41
1433,100110,2025-12-11,credit,12474,40887,2025-10-02 14:55:41
1434,100110,2025-08-02,debit,15902,24985,2025-08-19 14:55:41
1435,100110,2025-09-06,credit,7292,"32,277",2025-11-22 14:55:41
1436,100111,2025-04-28,,2780,27316,2025-07-21 14:55:41
1437,100111,2025-13-40,credit,"5,694",33010,2025-11-11 14:55:41
1438,100111,2025-12-19,credit,19172,52182,2025-12-17 14:55:41
1439,100111,2025-01-12,credit,17779,69961,2025-09-17 14:55:41
1440,100111,2025-08-19,,17260,69961,2025-08-11 14:55:41
1441,100111,2025-06-12,credit,"₹4,617",74578,2025-10-03 14:55:41
1442,100111,2025-02-19,,17715,"74,578",2025-11-24 14:55:41
1443,100111,2025-12-18,,10468,74578,2025-08-18 14:55:41
1444,100111,2025-07-08,debit,14900,"₹59,678",2025-08-15 14:55:41
1445,100111,2025-09-08,,16817,59678,2025-08-19 14:55:41
1446,100111,2025-10-28,credit,13043,"₹72,721",2026-01-14 14:55:41
1447,100111,2025-08-08,debit,11605,61116,2025-07-25 14:55:41
1448,100112,2025-02-10,debit,17464,0,2026-01-03 14:55:41
1449,100112,2025-12-12,credit,19905,19305,2025-07-24 14:55:41
1450,100112,2025-05-02,,19785,--,2025-07-14 14:55:41
1451,100112,2025-11-21,credit,4967,"₹24,272",2025-12-31 14:55:41
1452,100112,2025-12-26,,6237,24272,2025-11-13 14:55:41
1453,100112,2025-08-05,credit,3683,27955,2025-07-23 14:55:41
1454,100112,2025-05-01,,19802,27955,2025-10-28 14:55:41
1455,100112,2025-06-11,debit,,20624,2025-10-07 14:55:41
1456,100113,2025-01-25,,19439,41747,2025-12-14 14:55:41
1457,100113,2025-01-18,,5961,41747,2025-07-07 14:55:41
1458,100113,2025-08-04,debit,16853,24894,2025-09-30 14:55:41
1459,100113,2025-09-03,,4659,24894,2025-12-02 14:55:41
1460,100113,2025-12-01,credit,5794,30688,2025-07-17 14:55:41
1461,100113,02/02/2025,debit,8248,22440,2025-08-31 14:55:41
1462,100113,2025-13-40,debit,8996,13444,2025-07-30 14:55:41
1463,100113,2025-12-22,debit,,5228,2025-10-20 14:55:41
1464,100113,2025-02-17,credit,"17,067",,2025-08-23 14:55:41
1465,100113,2025-06-09,debit,11719,10576,2025-10-28 14:55:41
1466,100113,2025-11-23,credit,10033,20609,2025-12-03 14:55:41
1467,100113,2025-02-09,,N/A,20609,2025-08-23 14:55:41
1468,100113,2025-04-01,credit,5918,26527,2025-10-01 14:55:41
1469,100113,2025-03-28,,11569,26527,2025-08-10 14:55:41
1470,100113,2025-04-10,,732,26527,2025-08-09 14:55:41
1471,100114,2025-07-14,debit,N/A,0,2025-09-07 14:55:41
1472,100114,2025-04-29,credit,8632,3754,2025-08-14 14:55:41
1473,100114,2025-01-21,,14442,3754,2025-12-03 14:55:41
1474,100114,2025-11-15,credit,"18,369",22123,2025-08-23 14:55:41
1475,100114,2025-03-26,,17339,22123,2025-08-09 14:55:41
1476,100114,09/05/2025,,14189,22123,2025-08-17 14:55:41
1477,100114,2025-08-30,debit,10952,,2025-07-06 14:55:41
1478,100114,2025-10-30,debit,9177,1994,2025-07-12 14:55:41
1479,100114,2025-13-40,debit,12563,0,2025-09-23 14:55:41
1480,100114,26/12/2025,credit,,4624,2025-08-21 14:55:41
1481,100114,2025-05-15,,"14,628",4624,2025-07-18 14:55:41
1482,100114,19/08/2025,credit,11233,,2025-10-23 14:55:41
1483,100114,2025-09-17,debit,855,15002,2025-07-27 14:55:41
1484,100114,2025-13-40,,6998,15002,2025-10-26 14:55:41
1485,100115,2025-01-10,,11181,22247,2025-10-22 14:55:41
1486,100115,2025-03-12,,8860,22247,2025-08-20 14:55:41
1487,100115,2025-06-20,debit,"4,275","17,972",2025-11-17 14:55:41
1488,100115,2025-12-29,debit,14219,3753,2025-12-30 14:55:41
1489,100115,2025-05-09,,9621,3753,2025-10-11 14:55:41
1490,100115,2025-09-21,debit,,0,2025-09-27 14:55:41
1491,100115,2025-07-14,,11126,0,2025-09-11 14:55:41
1492,100115,2025-03-18,,16247,0,2025-10-26 14:55:41
1493,100115,2025-01-28,credit,14043,10363,2025-09-09 14:55:41
1494,100115,2025-07-14,,8215,--,2025-09-27 14:55:41
1495,100115,2025-02-16,debit,1766,8597,2025-10-18 14:55:41
1496,100115,2025-08-09,credit,13748,22345,2026-01-07 14:55:41
1497,100115,2025-10-12,,16203,22345,2025-11-09 14:55:41
1498,100116,2025-09-16,,11153,19694,2026-01-10 14:55:41
1499,100116,2025-05-04,debit,12956,6738,2025-09-17 14:55:41
1500,100116,2025-07-02,credit,10296,"17,034",2025-07-05 14:55:41
1501,100116,2025-04-18,credit,"19,479",36513,2026-01-09 14:55:41
1502,100116,2025-07-11,debit,--,24613,2025-09-05 14:55:41
1503,100116,2025-06-21,,14049,24613,2025-10-04 14:55:41
1504,100116,18/01/2025,,641,24613,2025-12-28 14:55:41
1505,100116,2025-05-07,debit,19366,"5,247",2025-07-06 14:55:41
1506,100116,2025-10-19,,13277,"₹5,247",2025-09-11 14:55:41
1507,100116,2025-08-19,debit,13365,0,2025-09-09 14:55:41
1508,100116,2025-11-29,debit,"16,948",0,2025-07-30 14:55:41
1509,100116,2025-07-17,,"5,025",₹0,2025-08-17 14:55:41
1510,100117,2025-11-26,,--,35521,2025-08-23 14:55:41
1511,100117,2025-09-13,debit,9564,25957,2025-10-01 14:55:41
1512,100117,2025-03-22,credit,"8,502",34459,2025-10-31 14:55:41
1513,100117,2025-08-20,credit,7186,41645,2025-12-06 14:55:41
1514,100117,2025-06-04,debit,110000,₹0,2025-07-10 14:55:41
1515,100118,2025-04-27,,15956,48317,2025-07-22 14:55:41
1516,100118,2025-07-29,debit,10361,"37,956",2025-11-26 14:55:41
1517,100118,2025-02-10,,158925,37956,2025-10-02 14:55:41
1518,100118,2025-10-02,credit,11644,49600,2025-07-24 14:55:41
1519,100118,2025-10-10,,10943,49600,2025-07-21 14:55:41
1520,100118,2025-02-09,credit,18353,67953,2025-12-20 14:55:41
1521,100118,2025-06-27,,6026,67953,2025-07-06 14:55:41
1522,100118,2025-02-17,,1545,"67,953",2025-10-11 14:55:41
1523,100118,2025-03-08,,--,67953,2025-07-11 14:55:41
1524,100118,2025-01-28,,3529,67953,2025-12-26 14:55:41
1525,100119,2025-04-12,credit,2947,9722,2025-10-27 14:55:41
1526,100119,2025-04-09,credit,10269,19991,2026-01-05 14:55:41
1527,100119,2025-07-29,debit,18190,1801,2025-09-29 14:55:41
1528,100119,2025-06-07,debit,10147,0,2025-10-05 14:55:41
1529,100119,2025-13-40,debit,11381,0,2025-12-22 14:55:41
1530,100119,2025-02-24,,12731,0,2025-07-22 14:55:41
1531,100119,2025-11-23,credit,"₹5,444",0,2025-09-11 14:55:41
1532,100119,2025-03-20,,2943,0,2025-10-12 14:55:41
1533,100119,2025-10-20,debit,N/A,0,2025-12-26 14:55:41
1534,100119,2025-01-07,debit,18835,0,2025-10-19 14:55:41
1535,100119,2025-03-10,,15137,0,2025-09-21 14:55:41
1536,100119,2025-05-18,,11328,N/A,2025-12-17 14:55:41
1537,100119,2025-13-40,credit,9874,0,2025-08-06 14:55:41
1538,100119,2025-03-18,,17108,0,2025-12-02 14:55:41
1539,100119,2025-13-40,debit,10044,0,2025-10-22 14:55:41
1540,100119,2025-10-25,credit,8627,0,2025-10-09 14:55:41
1541,100119,2025-05-14,credit,1355,0,2025-11-22 14:55:41
1542,100120,2025-09-19,,14709,35789,2025-08-11 14:55:41
1543,100120,2025-13-40,credit,"12,958",48747,2025-08-19 14:55:41
1544,100120,2025-02-16,credit,"6,541",55288,2025-07-09 14:55:41
1545,100120,2025-02-11,,705,55288,2025-09-06 14:55:41
1546,100120,2025-06-16,,8257,55288,2025-07-09 14:55:41
1547,100120,2025-08-25,,1765,55288,2025-12-25 14:55:41
1548,100120,2025-07-30,debit,7246,48042,2025-10-09 14:55:41
1549,100120,2025-10-13,debit,16929,31113,2025-10-25 14:55:41
1550,100120,2025-12-06,credit,19631,50744,2025-12-08 14:55:41
1551,100120,2025-13-40,,17780,50744,2025-11-25 14:55:41
1552,100120,2025-09-20,,11434,50744,2025-10-05 14:55:41
1553,100120,2025-09-16,credit,13281,64025,2025-08-23 14:55:41
1554,100120,2025-10-23,debit,11168,"52,857",2025-10-21 14:55:41
1555,100120,2025-12-31,debit,19850,33007,2025-09-22 14:55:41
1556,100120,2025-02-15,,2309,33007,2025-12-08 14:55:41
1557,100120,2025-06-16,credit,4060,37067,2025-10-05 14:55:41
1558,100120,2025-06-13,credit,11937,49004,2025-08-17 14:55:41
1559,100120,2025-01-06,credit,18737,N/A,2025-10-08 14:55:41
1560,100120,2025-01-21,credit,10924,78665,2025-09-05 14:55:41
1561,100120,2025-10-06,,7244,78665,2025-08-25 14:55:41
1562,100121,2025-12-03,,1815,29566,2025-11-26 14:55:41
1563,100121,2025-06-04,,364,29566,2025-09-05 14:55:41
1564,100121,2025-13-40,credit,11535,41101,2025-10-09 14:55:41
1565,100121,2025-08-13,debit,8959,32142,2026-01-05 14:55:41
1566,100121,2025-04-17,debit,"9,994",--,2025-10-20 14:55:41
1567,100121,2025-11-18,,5231,22148,2025-10-18 14:55:41
1568,100121,2025-11-30,,7327,22148,2025-08-30 14:55:41
1569,100121,2025-03-24,debit,6176,15972,2025-11-10 14:55:41
1570,100121,2025-07-23,credit,,30780,2025-07-31 14:55:41
1571,100121,2025-10-17,,18861,30780,2025-12-09 14:55:41
1572,100121,2025-12-20,debit,9995,20785,2025-09-30 14:55:41
1573,100121,2025-11-15,,6027,20785,2025-08-24 14:55:41
1574,100121,2025-08-15,debit,14433,,2025-10-26 14:55:41
1575,100122,2025-12-30,credit,10224,53733,2025-10-04 14:55:41
1576,100122,2025-04-01,credit,287,54020,2025-07-24 14:55:41
1577,100122,2025-02-28,debit,7097,"46,923",2025-12-17 14:55:41
1578,100122,2025-11-27,debit,15350,31573,2025-12-30 14:55:41
1579,100122,2025-12-05,debit,--,13792,2025-10-07 14:55:41
1580,100122,2025-04-26,debit,9059,"4,733",2025-08-04 14:55:41
1581,100122,2025-04-21,,10491,4733,2026-01-13 14:55:41
1582,100122,2025-12-13,,19273,4733,2025-10-17 14:55:41
1583,100122,2025-02-21,,--,4733,2025-08-10 14:55:41
1584,100122,2025-04-11,debit,5693,0,2026-01-17 14:55:41
1585,100122,2025-08-28,credit,8445,7485,2025-07-15 14:55:41
1586,100122,2025-12-10,,16228,7485,2025-10-20 14:55:41
1587,100122,2025-10-21,debit,1567,5918,2026-01-08 14:55:41
1588,100123,2025-11-09,debit,3502,"10,012",2025-07-07 14:55:41
1589,100123,2025-01-20,debit,15273,0,2025-08-18 14:55:41
1590,100123,2025-09-29,debit,10483,₹0,2025-08-22 14:55:41
1591,100123,2025-05-03,,18211,0,2025-11-28 14:55:41
1592,100123,2025-09-08,credit,12259,0,2026-01-03 14:55:41
1593,100124,2025-10-04,credit,9050,45044,2025-11-29 14:55:41
1594,100124,2025-02-09,debit,6411,--,2025-08-13 14:55:41
1595,100124,2025-07-28,,7573,38633,2026-01-01 14:55:41
1596,100124,2025-05-19,,932,38633,2025-09-23 14:55:41
1597,100124,2025-04-28,debit,14518,24115,2025-10-22 14:55:41
1598,100124,2025-12-10,debit,7975,16140,2025-12-31 14:55:41
1599,100124,2025-09-18,,12990,"₹16,140",2025-11-28 14:55:41
1600,100124,2025-03-28,credit,--,24985,2025-12-21 14:55:41
1601,100124,2025-11-26,,"₹18,799",24985,2025-07-07 14:55:41
1602,100125,2025-11-20,,9140,18308,2025-11-07 14:55:41
1603,100125,10/02/2025,credit,17264,35572,2025-10-22 14:55:41
1604,100125,2025-07-16,debit,"6,346","29,226",2025-08-05 14:55:41
1605,100125,2025-02-22,,19635,29226,2025-09-02 14:55:41
1606,100125,2025-05-25,debit,2830,26396,2025-09-06 14:55:41
1607,100125,2025-13-40,debit,8947,17449,2025-10-10 14:55:41
1608,100125,2025-13-40,,15983,17449,2025-08-24 14:55:41
1609,100125,2025-08-05,,16032,17449,2025-08-16 14:55:41
1610,100125,2025-09-06,debit,"16,019",1430,2026-01-07 14:55:41
1611,100125,2025-09-27,,13135,1430,2026-01-06 14:55:41
1612,100125,2025-12-11,credit,12885,14315,2025-11-02 14:55:41
1613,100125,2025-11-11,credit,13349,27664,2025-10-10 14:55:41
1614,100125,2025-05-10,,1287,27664,2025-12-15 14:55:41
1615,100125,06/12/2025,credit,"19,735",47399,2025-08-24 14:55:41
1616,100125,2025-07-24,,,47399,2025-10-24 14:55:41
1617,100125,2025-02-05,,8358,47399,2025-10-07 14:55:41
1618,100125,2025-03-14,credit,3905,51304,2025-10-16 14:55:41
1619,100125,2025-09-22,credit,4838,56142,2025-11-19 14:55:41
1620,100125,2025-06-03,credit,72725,128867,2025-09-17 14:55:41
1621,100126,22/10/2025,credit,11510,37242,2025-07-06 14:55:41
1622,100126,2025-10-07,credit,6406,43648,2025-08-26 14:55:41
1623,100126,2025-13-40,debit,19955,23693,2025-11-29 14:55:41
1624,100126,2025-07-31,,15007,"₹23,693",2025-07-23 14:55:41
1625,100126,2025-06-19,credit,13050,36743,2025-11-25 14:55:41
1626,100126,2025-07-18,,8682,36743,2025-07-31 14:55:41
1627,100126,2025-02-02,credit,12906,49649,2025-08-20 14:55:41
1628,100126,2025-08-22,,7840,49649,2025-12-03 14:55:41
1629,100126,2025-08-05,,14984,49649,2025-10-22 14:55:41
1630,100126,2025-01-02,debit,17987,31662,2025-09-27 14:55:41
1631,100126,23/04/2025,credit,,49602,2025-09-16 14:55:41
1632,100126,2025-11-02,,11992,49602,2025-12-22 14:55:41
1633,100126,2025-09-06,,15688,49602,2025-10-22 14:55:41
1634,100127,2025-03-28,debit,19094,,2025-11-26 14:55:41
1635,100127,2025-11-09,,8648,,2025-09-28 14:55:41
1636,100127,2025-10-31,,19777,0,2025-09-07 14:55:41
1637,100127,2025-07-30,,15809,0,2025-08-18 14:55:41
1638,100127,2025-01-22,,6921,0,2025-08-20 14:55:41
1639,100127,2025-08-17,credit,2998,0,2025-08-18 14:55:41
1640,100127,2025-04-07,,1264,--,2025-11-19 14:55:41
1641,100127,2025-05-05,credit,4889,,2025-10-07 14:55:41
1642,100127,2025-01-16,debit,18746,0,2025-10-21 14:55:41
1643,100127,2025-04-09,debit,14540,0,2025-09-10 14:55:41
1644,100127,2025-09-05,,1791,0,2025-08-28 14:55:41
1645,100127,2025-10-01,debit,"₹11,362",0,2026-01-15 14:55:41
1646,100127,2025-07-06,debit,,0,2025-07-07 14:55:41
1647,100127,2025-03-10,debit,11112,0,2025-08-07 14:55:41
1648,100127,2025-10-07,debit,"1,098",0,2025-11-15 14:55:41
1649,100127,2025-09-05,credit,3248,0,2025-11-25 14:55:41
1650,100127,2025-10-24,,4516,0,2025-09-07 14:55:41
1651,100127,2025-12-26,credit,8444,0,2025-12-20 14:55:41
1652,100127,2025-12-09,,,N/A,2025-08-28 14:55:41
1653,100128,2025-01-11,debit,--,0,2026-01-12 14:55:41
1654,100128,2025-03-24,,318,0,2025-10-08 14:55:41
1655,100128,2025-09-14,,4705,0,2025-12-15 14:55:41
1656,100128,2025-06-14,,786,0,2025-11-08 14:55:41
1657,100128,2025-01-28,credit,13249,11769,2025-11-30 14:55:41
1658,100128,2025-10-22,debit,"₹16,835",0,2025-07-20 14:55:41
1659,100128,08/08/2025,credit,3081,--,2025-09-15 14:55:41
1660,100128,2025-12-07,,"11,414",0,2025-07-17 14:55:41
1661,100128,2025-08-11,debit,"16,039",0,2025-12-18 14:55:41
1662,100128,2025-03-22,,11761,0,2025-11-10 14:55:41
1663,100128,2025-04-13,debit,--,0,2025-08-09 14:55:41
1664,100128,2025-06-16,credit,2733,0,2025-12-06 14:55:41
1665,100128,2025-08-28,debit,15256,0,2025-11-02 14:55:41
1666,100128,2025-08-29,credit,19297,0,2025-11-18 14:55:41
1667,100128,2025-04-03,debit,19045,0,2025-08-05 14:55:41
1668,100128,2025-08-26,debit,5831,0,2025-10-22 14:55:41
1669,100128,2025-11-16,debit,17203,0,2025-10-06 14:55:41
1670,100128,2025-06-08,credit,17191,0,2025-07-06 14:55:41
1671,100128,2025-13-40,,₹814,0,2025-08-10 14:55:41
1672,100128,2025-01-27,,"240,175",0,2025-12-16 14:55:41
1673,100129,2025-07-16,,4735,"27,575",2025-08-17 14:55:41
1674,100129,2025-11-02,credit,8995,"₹36,570",2025-09-20 14:55:41
1675,100129,2025-12-31,credit,N/A,"51,847",2025-10-25 14:55:41
1676,100129,2025-01-08,credit,"₹2,355",54202,2025-08-14 14:55:41
1677,100129,2025-05-21,debit,10232,43970,2025-08-05 14:55:41
1678,100129,2025-11-13,debit,13813,30157,2025-11-15 14:55:41
1679,100129,2025-01-12,credit,5644,35801,2025-10-06 14:55:41
1680,100129,2025-01-23,,6845,35801,2025-09-29 14:55:41
1681,100129,2025-08-22,debit,2413,33388,2025-07-13 14:55:41
1682,100129,2025-06-13,debit,1920,"₹31,468",2025-08-17 14:55:41
1683,100130,2025-08-11,debit,12117,37032,2025-11-19 14:55:41
1684,100130,2025-07-25,,829,37032,2025-07-25 14:55:41
1685,100130,2025-09-21,debit,18482,18550,2025-12-23 14:55:41
1686,100130,2025-05-08,credit,15974,34524,2025-12-02 14:55:41
1687,100130,2025-08-06,debit,--,,2025-08-25 14:55:41
1688,100130,2025-04-09,,15228,31000,2026-01-05 14:55:41
1689,100131,2025-02-20,credit,16173,38580,2025-08-20 14:55:41
1690,100131,2025-05-18,,--,38580,2025-10-22 14:55:41
1691,100131,2025-02-07,credit,19655,"58,235",2025-09-09 14:55:41
1692,100131,2025-01-20,debit,"17,136",41099,2025-10-21 14:55:41
1693,100131,2025-06-29,,7514,41099,2025-08-13 14:55:41
1694,100131,2025-08-30,credit,11117,52216,2025-10-09 14:55:41
1695,100131,2025-04-30,credit,"₹17,073",69289,2025-09-29 14:55:41
1696,100131,2025-07-31,credit,2639,71928,2025-11-18 14:55:41
1697,100131,2025-01-06,credit,"15,214",--,2025-08-27 14:55:41
1698,100132,2025-13-40,debit,19718,25036,2025-10-01 14:55:41
1699,100132,2025-09-17,credit,"19,626",44662,2025-12-24 14:55:41
1700,100132,2025-04-22,,5075,"44,662",2026-01-08 14:55:41
1701,100132,2025-07-21,,3954,44662,2025-07-20 14:55:41
1702,100132,2025-13-40,credit,17483,62145,2025-08-10 14:55:41
1703,100132,2025-13-40,debit,11146,--,2025-09-05 14:55:41
1704,100132,2025-09-04,credit,"16,199",67198,2025-11-04 14:55:41
1705,100132,2025-11-21,credit,,82409,2025-07-19 14:55:41
1706,100132,2025-10-02,credit,1829,84238,2025-08-10 14:55:41
1707,100132,2025-07-11,credit,8565,92803,2025-11-12 14:55:41
1708,100132,2025-05-16,,1357,92803,2025-08-27 14:55:41
1709,100132,2025-09-10,credit,2952,95755,2025-10-07 14:55:41
1710,100132,2025-06-06,credit,3129,98884,2026-01-13 14:55:41
1711,100132,2025-03-11,debit,17542,81342,2025-09-19 14:55:41
1712,100132,2025-09-05,credit,803,82145,2025-12-07 14:55:41
1713,100132,2025-02-26,debit,,"₹72,667",2026-01-03 14:55:41
1714,100133,2025-06-23,debit,979,19031,2025-07-11 14:55:41
1715,100133,2025-12-08,,19406,19031,2025-11-18 14:55:41
1716,100133,2025-09-03,credit,,29384,2025-11-15 14:55:41
1717,100133,2025-12-11,credit,"1,101",--,2025-11-21 14:55:41
1718,100133,2025-09-10,,9308,30485,2025-11-09 14:55:41
1719,100133,2025-07-19,credit,16976,47461,2025-12-08 14:55:41
1720,100133,2025-13-40,debit,"10,925",36536,2025-11-05 14:55:41
1721,100133,2025-07-16,,15538,N/A,2025-10-15 14:55:41
1722,100133,2025-01-24,debit,3551,32985,2026-01-14 14:55:41
1723,100133,2025-08-01,debit,14334,--,2025-09-15 14:55:41
1724,100133,2025-06-01,debit,"16,122",2529,2025-10-26 14:55:41
1725,100133,2025-07-21,,10782,2529,2026-01-14 14:55:41
1726,100133,2025-05-14,,18396,N/A,2025-09-21 14:55:41
1727,100133,2025-02-10,debit,12225,0,2026-01-09 14:55:41
1728,100133,2025-07-15,,12673,0,2025-11-15 14:55:41
1729,100133,2025-07-30,credit,12757,3061,2025-08-25 14:55:41
1730,100134,2025-10-26,,4302,7680,2025-11-01 14:55:41
1731,100134,30/07/2025,,18294,"7,680",2025-11-07 14:55:41
1732,100134,2025-02-06,,3596,7680,2025-10-22 14:55:41
1733,100134,2025-12-25,,7784,,2025-10-30 14:55:41
1734,100134,2025-09-16,debit,344200,0,2025-09-23 14:55:41
1735,100134,2025-12-06,,"15,233",0,2025-07-06 14:55:41
1736,100134,2025-05-21,debit,15725,0,2025-11-10 14:55:41
1737,100134,2025-08-22,,8972,0,2025-08-10 14:55:41
1738,100135,2025-11-07,credit,8291,9534,2025-12-26 14:55:41
1739,100135,2025-11-20,debit,,--,2025-09-24 14:55:41
1740,100135,04/02/2025,,18436,0,2026-01-08 14:55:41
1741,100135,2025-10-02,,13505,--,2026-01-08 14:55:41
1742,100135,2025-05-29,credit,2213,1702,2025-08-27 14:55:41
1743,100135,2025-11-23,,19332,1702,2025-08-04 14:55:41
1744,100135,2025-02-25,credit,1954,3656,2025-07-06 14:55:41
1745,100135,2025-12-02,debit,10462,0,2026-01-08 14:55:41
1746,100135,2025-02-23,credit,2621,0,2025-11-07 14:55:41
1747,100135,2025-03-30,credit,"8,983",4798,2025-10-01 14:55:41
1748,100135,2025-04-28,credit,7844,12642,2025-10-22 14:55:41
1749,100135,2025-03-25,credit,18797,31439,2025-10-17 14:55:41
1750,100135,2025-01-02,credit,10394,41833,2025-10-20 14:55:41
1751,100135,2025-07-18,,3859,41833,2025-09-23 14:55:41
1752,100135,2025-10-19,debit,--,27623,2025-11-28 14:55:41
1753,100135,2025-10-15,debit,17437,10186,2025-09-17 14:55:41
1754,100135,2025-07-19,,15051,10186,2025-08-23 14:55:41
1755,100135,2025-03-06,debit,,0,2025-09-17 14:55:41
1756,100135,2025-06-14,debit,4305,0,2025-08-20 14:55:41
1757,100136,2025-05-16,debit,10104,,2025-11-03 14:55:41
1758,100136,2025-11-19,,"10,936",15209,2025-08-01 14:55:41
1759,100136,2025-12-24,credit,17927,33136,2025-12-16 14:55:41
1760,100136,2025-11-30,credit,10989,"44,125",2025-12-28 14:55:41
1761,100136,2025-02-27,,2014,"44,125",2025-11-29 14:55:41
1762,100136,2025-05-11,,17051,"44,125",2025-08-28 14:55:41
1763,100136,2025-12-03,credit,17595,61720,2025-07-27 14:55:41
1764,100136,2025-12-30,,N/A,"61,720",2025-11-11 14:55:41
1765,100136,2025-09-11,,15476,61720,2025-10-28 14:55:41
1766,100136,2025-02-06,,"4,738",61720,2026-01-12 14:55:41
1767,100136,2025-02-12,,"₹13,229",61720,2025-07-18 14:55:41
1768,100137,2025-04-09,debit,8778,2415,2025-10-28 14:55:41
1769,100137,2025-11-10,,2366,2415,2025-08-23 14:55:41
1770,100137,2025-10-21,,7674,2415,2025-08-08 14:55:41
1771,100137,2025-08-22,credit,5928,8343,2025-08-25 14:55:41
1772,100137,2025-03-27,credit,10457,18800,2025-11-07 14:55:41
1773,100138,2025-11-20,debit,"₹17,964","₹31,990",2025-11-22 14:55:41
1774,100138,2025-08-08,debit,996,30994,2025-10-24 14:55:41
1775,100138,2025-06-29,,2028,--,2025-09-17 14:55:41
1776,100138,2025-01-28,credit,,42870,2025-11-18 14:55:41
1777,100138,2025-03-02,debit,6051,"36,819",2025-10-27 14:55:41
1778,100138,2025-02-08,,419,36819,2025-09-20 14:55:41
1779,100138,2025-08-23,,6608,36819,2025-12-31 14:55:41
1780,100138,2025-11-27,credit,8551,"45,370",2025-10-09 14:55:41
1781,100138,2025-08-23,credit,7357,52727,2025-09-29 14:55:41
1782,100138,2025-03-25,debit,18406,,2026-01-07 14:55:41
1783,100138,2025-05-09,credit,16851,51172,2025-12-13 14:55:41
1784,100138,2025-04-26,credit,3825,54997,2025-08-08 14:55:41
1785,100139,2025-05-30,,"11,633","24,143",2026-01-12 14:55:41
1786,100139,2025-03-13,,15599,24143,2025-07-23 14:55:41
1787,100139,2025-04-19,,--,24143,2025-07-26 14:55:41
1788,100139,2025-01-11,debit,"₹2,846",21297,2025-12-16 14:55:41
1789,100139,2025-03-31,credit,1761,"₹23,058",2026-01-08 14:55:41
1790,100139,2025-12-02,,194150,23058,2025-08-07 14:55:41
1791,100139,2025-08-23,debit,6907,"₹16,151",2026-01-10 14:55:41
1792,100139,2025-02-28,debit,13189,2962,2025-08-28 14:55:41
1793,100139,2025-12-14,debit,503,2459,2026-01-13 14:55:41
1794,100139,2025-08-13,debit,"8,847",0,2025-10-25 14:55:41
1795,100139,2025-13-40,debit,3312,0,2025-09-07 14:55:41
1796,100139,2025-03-09,debit,"3,342",0,2025-10-05 14:55:41
1797,100139,2025-12-29,debit,3434,0,2025-10-14 14:55:41
1798,100139,2025-05-07,,5529,0,2025-08-30 14:55:41
1799,100139,2025-08-23,,14783,0,2025-07-19 14:55:41
1800,100139,2025-07-28,credit,11336,0,2025-12-19 14:55:41
1801,100139,2025-03-24,debit,10664,0,2025-09-02 14:55:41
1802,100139,2025-01-22,credit,2901,,2025-10-18 14:55:41
1803,100140,2025-11-01,debit,4057,43257,2025-12-15 14:55:41
1804,100140,2025-04-24,debit,10963,32294,2026-01-06 14:55:41
1805,100140,2025-07-01,,13528,32294,2025-07-27 14:55:41
1806,100140,2025-08-19,,18165,32294,2025-09-26 14:55:41
1807,100140,2025-06-17,,3610,32294,2025-09-04 14:55:41
1808,100141,29/06/2025,,5701,8145,2025-10-13 14:55:41
1809,100141,2025-09-22,credit,9122,17267,2025-09-07 14:55:41
1810,100141,2025-04-28,credit,16447,33714,2025-08-24 14:55:41
1811,100141,2025-11-25,debit,19117,"₹14,597",2025-10-25 14:55:41
1812,100141,2025-01-26,credit,7122,21719,2025-12-11 14:55:41
1813,100141,2025-11-27,,16980,21719,2025-08-23 14:55:41
1814,100142,2026-01-01,,480,4352,2025-08-14 14:55:41
1815,100142,2025-12-02,debit,9266,0,2025-11-08 14:55:41
1816,100142,2025-01-24,debit,13405,₹0,2025-10-22 14:55:41
1817,100142,2025-04-30,debit,15008,0,2025-07-14 14:55:41
1818,100142,2025-06-25,,17088,0,2025-08-25 14:55:41
1819,100142,2025-08-26,,18953,0,2025-07-29 14:55:41
1820,100142,2025-13-40,,18293,0,2025-07-28 14:55:41
1821,100142,23/12/2025,credit,2060,0,2025-10-10 14:55:41
1822,100142,2025-12-19,,"6,534",0,2025-10-10 14:55:41
1823,100142,2025-03-19,credit,6667,0,2025-08-22 14:55:41
1824,100142,2025-06-25,credit,18364,0,2025-12-13 14:55:41
1825,100142,2025-12-17,debit,10523,0,2025-12-18 14:55:41
1826,100143,2025-05-16,,1957,11215,2025-10-01 14:55:41
1827,100143,2025-06-19,credit,19374,30589,2026-01-07 14:55:41
1828,100143,2025-03-19,credit,1541,32130,2025-10-17 14:55:41
1829,100143,2025-08-30,debit,"₹3,842",28288,2025-08-08 14:55:41
1830,100143,2025-12-14,,667,28288,2025-12-05 14:55:41
1831,100143,2025-10-06,,7961,28288,2025-07-24 14:55:41
1832,100143,2025-12-11,credit,8610,36898,2025-10-05 14:55:41
1833,100143,2025-06-21,debit,416,36482,2025-11-23 14:55:41
1834,100143,2025-13-40,debit,N/A,"22,850",2025-10-04 14:55:41
1835,100143,2025-09-25,credit,8201,31051,2025-10-01 14:55:41
1836,100143,2025-13-40,credit,N/A,37271,2025-07-28 14:55:41
1837,100143,2025-02-24,debit,1416,35855,2025-10-22 14:55:41
1838,100143,2025-03-31,credit,2029,37884,2025-08-17 14:55:41
1839,100143,2025-03-26,credit,"12,730",50614,2025-11-19 14:55:41
1840,100143,2025-11-23,credit,19738,70352,2025-10-23 14:55:41
1841,100143,2025-09-04,credit,5430,75782,2025-12-11 14:55:41
1842,100143,2025-12-02,debit,N/A,61018,2025-10-27 14:55:41
1843,100143,2025-10-06,,14778,"61,018",2025-12-08 14:55:41
1844,100143,2025-09-24,,1045,61018,2025-11-04 14:55:41
1845,100144,2025-09-16,,10818,"24,964",2025-07-24 14:55:41
1846,100144,2025-11-29,debit,8892,16072,2025-10-17 14:55:41
1847,100144,2025-08-21,,15462,,2026-01-17 14:55:41
1848,100144,2025-12-25,,9132,16072,2025-12-26 14:55:41
1849,100144,2025-11-12,,16588,16072,2026-01-02 14:55:41
1850,100144,2025-03-12,,5004,16072,2025-12-18 14:55:41
1851,100144,2025-01-02,debit,"6,618",9454,2025-07-15 14:55:41
1852,100144,2025-10-06,,546,9454,2025-09-19 14:55:41
1853,100144,2025-10-24,debit,2300,"₹7,154",2025-07-06 14:55:41
1854,100144,11/03/2025,,12028,"7,154",2026-01-13 14:55:41
1855,100144,2025-13-40,credit,18431,"25,585",2025-09-19 14:55:41
1856,100144,2025-09-22,,13319,"25,585",2025-12-22 14:55:41
1857,100144,2025-01-30,debit,9546,16039,2025-09-26 14:55:41
1858,100144,2025-13-40,,5169,"16,039",2025-12-25 14:55:41
1859,100144,2025-10-21,credit,"1,879",17918,2025-07-16 14:55:41
1860,100144,2025-07-11,credit,5069,22987,2025-11-20 14:55:41
1861,100144,2025-11-14,credit,1273,24260,2025-08-11 14:55:41
1862,100144,2025-09-01,debit,15296,8964,2025-08-17 14:55:41
1863,100145,2025-05-12,credit,11555,32820,2025-08-04 14:55:41
1864,100145,2025-05-26,credit,13453,46273,2025-07-27 14:55:41
1865,100145,2025-02-18,credit,8010,54283,2025-10-01 14:55:41
1866,100145,2025-07-23,,18990,54283,2025-10-13 14:55:41
1867,100145,2025-01-04,,10693,54283,2026-01-06 14:55:41
1868,100145,2025-09-25,debit,"13,011",41272,2025-11-24 14:55:41
1869,100145,2025-06-23,,13332,41272,2026-01-11 14:55:41
1870,100145,2025-10-24,,14510,41272,2025-07-13 14:55:41
1871,100145,2025-02-20,credit,"3,166",44438,2025-12-30 14:55:41
1872,100145,10/05/2025,debit,14103,30335,2025-12-06 14:55:41
1873,100145,2025-07-03,,13702,30335,2025-11-28 14:55:41
1874,100145,2025-12-22,,472,30335,2025-12-09 14:55:41
1875,100145,2025-09-12,,114975,30335,2025-09-07 14:55:41
1876,100145,2025-09-06,,"₹3,541",30335,2025-07-27 14:55:41
1877,100145,2025-10-05,debit,"14,842",15493,2025-12-22 14:55:41
1878,100145,2025-10-09,debit,15746,0,2025-09-12 14:55:41
1879,100145,2025-01-26,debit,11476,0,2025-09-30 14:55:41
1880,100145,2025-09-16,,15109,0,2025-10-25 14:55:41
1881,100145,2025-08-21,debit,"2,469",0,2025-08-22 14:55:41
1882,100146,2025-01-03,,10957,28259,2025-07-23 14:55:41
1883,100146,2025-05-10,debit,"8,365",19894,2025-11-05 14:55:41
1884,100146,2025-09-04,,8143,"₹19,894",2025-10-17 14:55:41
1885,100146,2025-07-26,credit,4535,24429,2026-01-10 14:55:41
1886,100146,2025-06-22,,8468,"₹24,429",2025-07-21 14:55:41
1887,100146,2025-11-23,debit,8106,16323,2025-08-04 14:55:41
1888,100146,2025-09-10,credit,17792,34115,2025-10-02 14:55:41
1889,100146,2025-02-03,credit,4461,38576,2025-08-28 14:55:41
1890,100146,2025-10-05,credit,13146,51722,2025-10-25 14:55:41
1891,100146,2025-07-13,credit,11788,,2025-08-10 14:55:41
1892,100146,2025-12-16,,"5,967",63510,2025-10-12 14:55:41
1893,100147,2025-11-12,debit,12983,8732,2025-12-08 14:55:41
1894,100147,2025-10-01,debit,14913,0,2025-07-29 14:55:41
1895,100147,2025-11-13,,18402,0,2025-07-11 14:55:41
1896,100147,2025-01-10,credit,14375,"₹8,194",2025-07-10 14:55:41
1897,100147,2025-07-20,credit,14207,N/A,2025-09-21 14:55:41
1898,100147,2025-01-16,,8169,22401,2025-11-10 14:55:41
1899,100148,2025-01-05,debit,6163,43555,2025-07-08 14:55:41
1900,100148,2025-11-23,,12267,N/A,2025-09-24 14:55:41
1901,100148,2025-01-20,credit,8545,52100,2025-12-16 14:55:41
1902,100148,2025-04-24,,4347,52100,2025-10-30 14:55:41
1903,100148,2025-05-12,credit,5193,57293,2025-07-22 14:55:41
1904,100148,2025-10-25,debit,15212,42081,2025-12-31 14:55:41
1905,100148,2025-10-27,debit,9554,32527,2025-10-22 14:55:41
1906,100149,2025-05-24,,8868,20465,2025-08-11 14:55:41
1907,100149,2025-12-21,credit,9487,29952,2026-01-15 14:55:41
1908,100149,2025-08-06,credit,8036,37988,2025-11-07 14:55:41
1909,100149,2025-08-05,debit,"1,241",36747,2025-12-16 14:55:41
1910,100149,2025-01-26,credit,"8,226",44973,2025-12-25 14:55:41
1911,100150,2025-13-40,credit,8318,18740,2025-12-29 14:55:41
1912,100150,2025-12-12,credit,4032,22772,2025-10-06 14:55:41
1913,100150,2025-03-09,,14940,22772,2025-10-16 14:55:41
1914,100150,2025-12-05,,12261,22772,2025-10-22 14:55:41
1915,100150,2025-11-11,,"12,352",22772,2025-08-09 14:55:41
1916,100150,2025-10-17,,2919,22772,2025-12-29 14:55:41
1917,100150,2025-11-17,debit,"₹5,457",17315,2026-01-02 14:55:41
1918,100150,2025-12-10,,16604,17315,2025-08-14 14:55:41
1919,100150,2025-13-40,credit,10009,27324,2025-11-26 14:55:41
1920,100150,2025-12-08,credit,15718,,2025-07-14 14:55:41
1921,100150,2025-03-15,debit,2057,40985,2025-12-25 14:55:41
1922,100150,2025-05-27,debit,--,40471,2025-08-06 14:55:41
1923,100150,2025-01-13,,8408,40471,2025-07-18 14:55:41
1924,100150,2025-03-27,debit,15869,"24,602",2025-09-17 14:55:41
1925,100150,2025-05-11,credit,4666,29268,2025-12-26 14:55:41
1926,100150,2025-11-02,credit,3930,33198,2025-09-11 14:55:41
1927,100150,2025-09-01,credit,6823,40021,2025-09-30 14:55:41
1928,100151,2025-09-11,credit,"₹9,714","22,880",2025-12-26 14:55:41
1929,100151,2025-12-30,credit,16665,39545,2026-01-09 14:55:41
1930,100151,2025-09-28,,1862,39545,2025-11-01 14:55:41
1931,100151,2025-03-23,credit,"₹4,034",43579,2025-12-31 14:55:41
1932,100151,2025-04-10,debit,13063,"30,516",2025-11-19 14:55:41
1933,100151,18/11/2025,debit,16225,14291,2025-09-16 14:55:41
1934,100151,2025-13-40,credit,"18,152",32443,2025-11-04 14:55:41
1935,100152,2025-05-04,,"6,948",8340,2025-11-11 14:55:41
1936,100152,2025-08-10,credit,16357,24697,2025-07-18 14:55:41
1937,100152,2025-06-28,,5229,24697,2025-07-08 14:55:41
1938,100152,2025-03-03,debit,1055,23642,2025-08-04 14:55:41
1939,100152,2025-12-11,,1997,23642,2025-11-30 14:55:41
1940,100153,2025-02-01,debit,"13,272",1213,2025-08-18 14:55:41
1941,100153,2025-07-24,debit,"₹8,246",0,2026-01-10 14:55:41
1942,100153,2025-13-40,debit,17334,0,2025-08-03 14:55:41
1943,100153,2025-08-05,credit,8380,0,2025-09-03 14:55:41
1944,100153,2025-06-01,debit,17950,0,2025-10-24 14:55:41
1945,100153,2025-01-04,,16350,0,2025-12-12 14:55:41
1946,100153,2025-10-10,debit,9189,0,2025-08-23 14:55:41
1947,100153,2025-01-14,credit,--,0,2025-11-26 14:55:41
1948,100153,2025-09-09,credit,13188,0,2026-01-09 14:55:41
1949,100153,2025-05-02,debit,8566,0,2025-09-29 14:55:41
1950,100153,2026-01-01,debit,3419,0,2025-09-22 14:55:41
1951,100153,2025-03-29,,"14,692",,2025-12-22 14:55:41
1952,100153,2025-05-19,debit,--,0,2025-10-12 14:55:41
1953,100153,08/02/2025,debit,"₹17,862",0,2025-10-13 14:55:41
1954,100153,2025-09-23,,5652,0,2025-11-09 14:55:41
1955,100153,2025-06-30,debit,5949,0,2025-07-02 14:55:41
1956,100153,2025-04-30,debit,,0,2025-11-09 14:55:41
1957,100154,24/06/2025,,,,2025-12-26 14:55:41
1958,100154,2025-08-01,,4711,19403,2025-08-20 14:55:41
1959,100154,2025-05-18,,4319,19403,2025-11-25 14:55:41
1960,100154,2025-09-30,credit,17733,37136,2025-08-09 14:55:41
1961,100154,2025-13-40,credit,8675,45811,2025-10-17 14:55:41
1962,100154,2025-03-01,credit,6392,52203,2026-01-13 14:55:41
1963,100154,2025-09-29,,N/A,52203,2026-01-14 14:55:41
1964,100154,2025-03-31,debit,18891,33312,2025-12-02 14:55:41
1965,100154,2025-07-02,debit,9541,23771,2025-07-12 14:55:41
1966,100154,2025-09-02,,"₹11,790",23771,2025-12-20 14:55:41
1967,100154,2025-02-05,,14841,23771,2025-10-28 14:55:41
1968,100154,2025-05-01,debit,4051,19720,2025-07-14 14:55:41
1969,100154,2025-09-08,,3185,,2025-08-28 14:55:41
1970,100154,2025-02-23,credit,9501,"29,221",2026-01-07 14:55:41
1971,100154,2025-10-18,debit,18531,--,2025-08-07 14:55:41
1972,100155,2025-06-30,credit,17954,39491,2025-10-18 14:55:41
1973,100155,2025-12-05,debit,"₹19,001",20490,2025-10-26 14:55:41
1974,100155,2025-11-24,debit,"15,678","₹4,812",2026-01-01 14:55:41
1975,100155,2025-08-29,credit,17296,22108,2025-08-23 14:55:41
1976,100155,2025-08-03,credit,2692,24800,2025-12-22 14:55:41
1977,100155,2025-09-17,credit,2177,--,2025-09-14 14:55:41
1978,100155,2025-12-11,,18111,N/A,2025-07-17 14:55:41
1979,100155,2025-05-31,,"16,439",26977,2025-10-22 14:55:41
1980,100155,2025-06-22,credit,5338,32315,2025-12-07 14:55:41
1981,100155,2025-07-28,debit,"18,935",13380,2025-12-11 14:55:41
1982,100155,2025-07-05,,6860,13380,2025-10-05 14:55:41
1983,100155,2025-12-10,,,"13,380",2025-07-11 14:55:41
1984,100156,2025-01-25,credit,"16,171",46466,2025-07-19 14:55:41
1985,100156,2025-08-12,,7566,46466,2025-09-08 14:55:41
1986,100156,2025-09-17,debit,19659,26807,2025-10-05 14:55:41
1987,100156,2025-04-02,,13629,26807,2025-10-22 14:55:41
1988,100156,2025-08-16,credit,14194,41001,2025-09-11 14:55:41
1989,100157,2025-09-03,,291725,33663,2025-07-08 14:55:41
1990,100157,2025-04-07,debit,6083,27580,2025-10-10 14:55:41
1991,100157,2025-05-12,debit,5830,21750,2025-07-18 14:55:41
1992,100157,2025-08-26,debit,1485,20265,2025-12-10 14:55:41
1993,100157,2025-07-25,,"₹15,883",20265,2025-08-23 14:55:41
1994,100157,2025-01-14,credit,11936,32201,2025-11-25 14:55:41
1995,100157,2025-09-11,debit,7754,24447,2025-12-08 14:55:41
1996,100157,2025-09-25,credit,15448,39895,2025-12-01 14:55:41
1997,100157,2025-10-25,credit,3542,43437,2025-07-19 14:55:41
1998,100157,2025-13-40,,19338,43437,2025-09-25 14:55:41
1999,100157,2025-04-13,credit,N/A,51279,2025-09-08 14:55:41
2000,100157,2025-05-25,debit,13262,38017,2025-08-10 14:55:41
2001,100157,2025-05-19,debit,7380,30637,2025-07-26 14:55:41
2002,100158,2025-10-21,,12836,28588,2025-07-21 14:55:41
2003,100158,2025-06-05,,4921,28588,2025-07-30 14:55:41
2004,100158,2025-05-30,credit,"₹10,790",N/A,2025-08-16 14:55:41
2005,100158,2025-13-40,debit,6890,32488,2025-08-24 14:55:41
2006,100158,2025-11-06,debit,15559,16929,2025-07-24 14:55:41
2007,100158,2025-05-03,credit,3299,20228,2025-10-17 14:55:41
2008,100158,2025-12-16,,"1,178",20228,2025-09-05 14:55:41
2009,100158,2025-12-11,credit,13414,33642,2025-11-02 14:55:41
2010,100158,2025-13-40,,"₹17,629",33642,2025-07-14 14:55:41
2011,100158,2025-09-29,debit,6268,--,2025-08-26 14:55:41
2012,100158,2025-05-05,,14675,27374,2025-08-13 14:55:41
2013,100158,2025-11-03,debit,436,26938,2025-09-28 14:55:41
2014,100158,2025-13-40,debit,"6,700","20,238",2025-12-25 14:55:41
2015,100158,2025-03-17,,15526,20238,2025-10-20 14:55:41
2016,100158,2025-12-04,debit,6913,13325,2025-09-10 14:55:41
2017,100158,2025-10-17,credit,19808,33133,2026-01-09 14:55:41
2018,100158,2025-06-05,,17219,33133,2025-07-11 14:55:41
2019,100158,2025-06-09,debit,14856,18277,2025-09-08 14:55:41
2020,100158,2025-07-06,,9355,18277,2026-01-12 14:55:41
2021,100158,2025-09-12,credit,13793,32070,2025-08-27 14:55:41
2022,100159,2025-09-10,credit,9109,33051,2025-11-24 14:55:41
2023,100159,2025-05-01,,14633,33051,2025-10-26 14:55:41
2024,100159,2025-10-22,credit,11070,44121,2025-11-01 14:55:41
2025,100159,2025-08-16,credit,19645,63766,2025-11-11 14:55:41
2026,100159,2025-11-08,debit,16849,--,2025-12-10 14:55:41
2027,100159,2025-09-20,,19588,46917,2025-11-11 14:55:41
2028,100159,2025-06-03,credit,11941,58858,2025-12-22 14:55:41
2029,100159,2025-07-20,credit,"7,904","66,762",2025-10-30 14:55:41
2030,100159,2025-05-30,debit,354925,0,2025-09-27 14:55:41
2031,100159,2025-13-40,,19298,0,2025-10-23 14:55:41
2032,100159,2025-05-03,,19026,0,2025-07-20 14:55:41
2033,100159,2025-12-27,credit,"18,649",0,2025-08-16 14:55:41
2034,100159,2025-04-22,debit,4493,0,2025-11-21 14:55:41
2035,100159,2025-13-40,,210,0,2025-09-07 14:55:41
2036,100160,2025-04-06,debit,"11,793",0,2025-10-11 14:55:41
2037,100160,2025-12-02,credit,19786,N/A,2025-07-16 14:55:41
2038,100160,2025-07-03,debit,4158,9329,2025-08-23 14:55:41
2039,100160,2025-08-14,credit,16638,,2025-10-30 14:55:41
2040,100160,2025-13-40,,6884,25967,2025-10-16 14:55:41
2041,100161,2025-08-06,credit,5236,"45,568",2025-08-23 14:55:41
2042,100161,2025-03-12,credit,18633,"64,201",2025-11-24 14:55:41
2043,100161,2025-13-40,credit,15639,--,2025-09-01 14:55:41
2044,100161,2025-07-25,credit,2437,82277,2025-07-12 14:55:41
2045,100161,2025-01-18,,7721,82277,2025-09-30 14:55:41
2046,100161,2025-12-12,credit,5705,87982,2025-12-17 14:55:41
2047,100161,2025-03-10,,7737,87982,2025-10-26 14:55:41
2048,100161,2025-09-19,debit,"₹19,231",--,2025-11-06 14:55:41
2049,100162,2025-08-10,,16744,40323,2025-07-21 14:55:41
2050,100162,2025-02-26,,"13,456","40,323",2026-01-01 14:55:41
2051,100162,2025-01-27,credit,"₹350,850",391173,2025-08-28 14:55:41
2052,100162,2025-05-11,debit,13538,377635,2025-12-22 14:55:41
2053,100162,2025-13-40,credit,9151,,2025-10-06 14:55:41
2054,100162,2025-12-16,,11092,386786,2025-09-23 14:55:41
2055,100162,2025-13-40,debit,19668,367118,2025-08-03 14:55:41
2056,100162,2025-05-14,credit,"₹9,184","376,302",2025-09-23 14:55:41
2057,100162,2025-12-01,debit,14325,361977,2025-10-06 14:55:41
2058,100162,2025-11-07,credit,N/A,381856,2025-09-13 14:55:41
2059,100162,2025-11-20,debit,4245,377611,2026-01-14 14:55:41
2060,100162,2025-12-19,debit,4442,"₹373,169",2025-12-13 14:55:41
2061,100162,2025-10-05,debit,N/A,"₹11,519",2025-10-07 14:55:41
2062,100162,2025-11-02,,"13,735",11519,2025-07-11 14:55:41
2063,100162,2025-12-18,debit,1668,9851,2025-12-26 14:55:41
2064,100163,2025-03-18,debit,6075,16046,2026-01-17 14:55:41
2065,100163,2025-09-26,,10322,"₹16,046",2026-01-03 14:55:41
2066,100163,2025-03-19,credit,11995,28041,2025-12-18 14:55:41
2067,100163,2025-07-11,debit,745,27296,2025-12-10 14:55:41
2068,100163,2026-01-01,credit,417,27713,2025-07-11 14:55:41
2069,100163,2025-02-26,debit,"2,661",25052,2025-11-22 14:55:41
2070,100163,2025-04-12,,15456,--,2026-01-06 14:55:41
2071,100163,2025-02-20,credit,"₹14,194",39246,2025-07-27 14:55:41
2072,100163,2025-09-23,credit,"16,657",55903,2025-10-30 14:55:41
2073,100164,2025-08-27,,14461,23531,2025-07-03 14:55:41
2074,100164,2025-06-28,credit,13864,37395,2025-07-10 14:55:41
2075,100164,11/09/2025,,5085,37395,2025-12-19 14:55:41
2076,100164,2025-08-28,,18455,37395,2025-10-16 14:55:41
2077,100164,2025-09-28,credit,--,54332,2025-10-12 14:55:41
2078,100164,2025-12-30,credit,17641,71973,2025-09-11 14:55:41
2079,100164,2025-12-08,credit,2022,73995,2025-10-10 14:55:41
2080,100164,2025-11-07,credit,3566,"₹77,561",2026-01-09 14:55:41
2081,100164,02/06/2025,,2893,77561,2025-10-10 14:55:41
2082,100164,2025-05-28,debit,4864,72697,2025-10-30 14:55:41
2083,100164,2025-04-16,credit,2465,75162,2025-10-17 14:55:41
2084,100164,2025-05-06,debit,--,,2026-01-11 14:55:41
2085,100164,2025-04-17,,10113,55936,2025-07-22 14:55:41
2086,100164,2025-10-11,,13744,"55,936",2025-09-08 14:55:41
2087,100164,2025-12-31,credit,3988,59924,2025-11-22 14:55:41
2088,100164,2025-09-10,debit,19315,"₹40,609",2025-11-20 14:55:41
2089,100164,2025-06-15,debit,,22166,2025-10-30 14:55:41
2090,100164,2025-13-40,credit,13187,35353,2025-09-22 14:55:41
2091,100165,2025-07-31,debit,13379,12852,2025-08-30 14:55:41
2092,100165,2025-03-04,credit,17854,30706,2025-09-02 14:55:41
2093,100165,2025-10-13,debit,14629,16077,2026-01-15 14:55:41
2094,100165,2025-07-05,,19409,16077,2025-10-07 14:55:41
2095,100165,2025-07-24,credit,9151,25228,2025-11-11 14:55:41
2096,100165,2025-06-25,,9280,25228,2025-09-29 14:55:41
2097,100165,2025-03-21,debit,6141,19087,2025-09-18 14:55:41
2098,100165,11/01/2025,debit,18520,567,2025-12-24 14:55:41
2099,100165,2025-07-31,,11277,567,2025-07-20 14:55:41
2100,100165,2025-05-14,credit,2600,3167,2025-10-05 14:55:41
2101,100165,2025-12-20,debit,--,0,2025-09-15 14:55:41
2102,100165,19/04/2025,debit,18517,0,2025-08-18 14:55:41
2103,100165,2025-06-28,credit,18399,0,2025-09-14 14:55:41
2104,100165,10/04/2025,credit,625,,2025-12-24 14:55:41
2105,100165,2025-04-26,,,0,2025-10-04 14:55:41
2106,100165,2025-09-14,,5321,,2025-07-16 14:55:41
2107,100165,2025-07-22,credit,12798,5248,2025-10-30 14:55:41
2108,100166,2025-09-05,credit,"17,577",41031,2025-07-31 14:55:41
2109,100166,2025-08-21,credit,1398,N/A,2025-12-02 14:55:41
2110,100166,2025-04-26,,5883,42429,2025-11-10 14:55:41
2111,100166,2025-11-15,debit,3593,38836,2025-11-28 14:55:41
2112,100166,2025-09-09,debit,433,38403,2025-09-20 14:55:41
2113,100166,2025-04-17,,,38403,2025-10-22 14:55:41
2114,100166,2025-10-11,,17764,"38,403",2025-09-05 14:55:41
2115,100167,2025-06-28,,12602,14137,2025-11-24 14:55:41
2116,100167,2025-04-11,debit,9172,4965,2025-09-13 14:55:41
2117,100167,2025-06-30,,13101,4965,2025-10-10 14:55:41
2118,100167,2025-05-14,,8886,4965,2025-11-17 14:55:41
2119,100167,2025-08-16,debit,10676,0,2025-09-26 14:55:41
2120,100167,2025-11-05,,382,0,2025-11-20 14:55:41
2121,100167,2025-05-14,debit,1084,0,2025-07-04 14:55:41
2122,100167,2025-09-27,credit,12474,5679,2025-11-30 14:55:41
2123,100167,2025-11-08,credit,8315,13994,2025-11-08 14:55:41
2124,100167,2025-01-16,debit,"7,455",6539,2025-07-17 14:55:41
2125,100167,2025-04-23,credit,8639,15178,2025-10-17 14:55:41
2126,100167,2025-10-01,debit,19252,0,2025-09-30 14:55:41
2127,100167,2025-07-22,debit,1423,0,2025-08-24 14:55:41
2128,100167,17/05/2025,credit,11199,5702,2025-12-31 14:55:41
2129,100167,2025-02-16,credit,6066,11768,2025-08-18 14:55:41
2130,100167,2025-07-21,debit,17165,0,2025-11-28 14:55:41
2131,100167,2025-01-13,debit,3057,0,2025-07-21 14:55:41
2132,100167,2025-09-29,,"7,093",0,2025-08-06 14:55:41
2133,100167,2025-07-30,credit,"6,285",0,2025-07-08 14:55:41
2134,100167,2025-09-05,credit,"₹17,952",N/A,2025-10-07 14:55:41
2135,100168,2025-02-27,credit,6347,44701,2025-07-29 14:55:41
2136,100168,2025-04-18,credit,,61226,2026-01-15 14:55:41
2137,100168,2025-13-40,credit,13453,74679,2025-09-13 14:55:41
2138,100168,2025-08-22,,6916,74679,2025-11-28 14:55:41
2139,100168,2025-04-28,debit,17158,57521,2025-11-06 14:55:41
2140,100168,2025-01-05,debit,8795,48726,2025-09-24 14:55:41
2141,100168,2025-09-18,credit,12978,"61,704",2025-09-07 14:55:41
2142,100168,2025-11-17,,8948,61704,2025-10-29 14:55:41
2143,100168,2025-13-40,credit,N/A,62688,2025-09-28 14:55:41
2144,100168,2025-13-40,credit,14071,76759,2025-08-04 14:55:41
2145,100168,2025-03-09,,19799,"76,759",2025-12-06 14:55:41
2146,100169,2025-07-01,debit,305,26879,2025-11-08 14:55:41
2147,100169,2025-02-01,credit,--,42247,2025-10-18 14:55:41
2148,100169,2025-10-14,debit,₹343,41904,2026-01-08 14:55:41
2149,100169,2025-12-22,debit,17146,24758,2026-01-09 14:55:41
2150,100169,2025-01-30,debit,9942,14816,2025-09-15 14:55:41
2151,100169,2025-04-16,,--,14816,2025-11-18 14:55:41
2152,100169,2025-02-24,debit,2973,N/A,2025-12-13 14:55:41
2153,100169,2025-05-22,credit,19430,N/A,2025-08-05 14:55:41
2154,100169,2025-08-04,,"17,434",31273,2025-09-08 14:55:41
2155,100169,2025-13-40,,10959,31273,2025-10-23 14:55:41
2156,100169,2025-12-30,debit,16993,14280,2026-01-10 14:55:41
2157,100169,2025-03-12,,8565,,2025-10-04 14:55:41
2158,100169,05/07/2025,debit,11744,2536,2025-09-09 14:55:41
2159,100169,2025-02-02,,4594,2536,2025-09-24 14:55:41
2160,100169,2025-09-11,debit,--,0,2025-09-08 14:55:41
2161,100169,2025-05-29,,19428,,2026-01-02 14:55:41
2162,100170,2025-11-05,debit,18137,6730,2025-07-17 14:55:41
2163,100170,2025-02-25,debit,14171,0,2025-12-18 14:55:41
2164,100170,2025-07-07,,"7,441",0,2025-08-11 14:55:41
2165,100170,2025-01-12,debit,--,--,2025-09-16 14:55:41
2166,100170,2025-04-13,credit,9474,0,2025-08-07 14:55:41
2167,100170,2025-01-30,debit,9470,0,2025-10-23 14:55:41
2168,100170,2025-07-07,debit,6338,0,2025-10-14 14:55:41
2169,100170,2025-12-04,debit,"13,786",0,2025-11-01 14:55:41
2170,100170,2025-10-26,credit,1182,0,2025-10-15 14:55:41
2171,100170,2025-12-16,debit,--,0,2025-11-21 14:55:41
2172,100170,2025-07-17,credit,8148,0,2025-09-07 14:55:41
2173,100170,08/10/2025,debit,"1,000",0,2025-12-28 14:55:41
2174,100170,2025-07-10,credit,5875,0,2025-07-28 14:55:41
2175,100170,2025-12-30,credit,18899,0,2025-11-18 14:55:41
2176,100170,2025-11-23,debit,17198,0,2025-09-04 14:55:41
2177,100171,2025-13-40,debit,15037,20024,2025-07-12 14:55:41
2178,100171,2025-05-01,debit,N/A,3031,2025-09-16 14:55:41
2179,100171,2025-08-01,debit,9205,N/A,2025-12-06 14:55:41
2180,100171,2025-11-04,debit,13519,0,2025-08-30 14:55:41
2181,100171,2025-06-05,debit,18762,0,2025-11-13 14:55:41
2182,100171,2025-11-10,credit,18846,0,2025-10-06 14:55:41
2183,100171,2025-03-16,credit,--,0,2025-08-28 14:55:41
2184,100171,2025-07-13,debit,19505,0,2025-12-17 14:55:41
2185,100171,2025-10-04,credit,4758,0,2025-08-05 14:55:41
2186,100171,2025-07-17,,16277,0,2025-08-28 14:55:41
2187,100171,2025-01-29,debit,2307,0,2025-10-26 14:55:41
2188,100171,2025-05-07,credit,8899,0,2025-07-29 14:55:41
2189,100171,2025-12-07,debit,12384,0,2025-10-19 14:55:41
2190,100171,2025-03-10,debit,15895,0,2025-10-03 14:55:41
2191,100171,2025-03-27,debit,"₹1,393",0,2025-11-14 14:55:41
2192,100171,2025-02-02,debit,5145,0,2025-10-15 14:55:41
2193,100171,2025-05-09,debit,"2,913",0,2026-01-12 14:55:41
2194,100171,2025-07-30,debit,3518,0,2025-08-10 14:55:41
2195,100171,2025-04-08,credit,6288,0,2025-11-26 14:55:41
2196,100172,2025-10-31,,"₹1,760","45,015",2025-07-11 14:55:41
2197,100172,2025-11-13,credit,16291,"61,306",2025-09-22 14:55:41
2198,100172,2025-13-40,debit,19217,"42,089",2025-09-18 14:55:41
2199,100172,2025-13-40,debit,"₹14,264",27825,2025-11-29 14:55:41
2200,100172,2025-13-40,,16059,"₹27,825",2025-12-29 14:55:41
2201,100172,2025-03-21,credit,3763,31588,2025-09-22 14:55:41
2202,100172,2025-08-18,credit,5278,36866,2025-12-26 14:55:41
2203,100172,2025-08-07,debit,"11,714",25152,2025-10-18 14:55:41
2204,100172,2025-01-13,debit,4969,20183,2026-01-04 14:55:41
2205,100172,2025-07-28,,"₹15,701",,2025-10-18 14:55:41
2206,100172,2025-12-18,debit,,1966,2025-12-30 14:55:41
2207,100172,2025-02-13,,17322,1966,2025-11-17 14:55:41
2208,100172,2025-04-08,,,1966,2025-11-06 14:55:41
2209,100172,2025-12-26,debit,2883,0,2025-11-03 14:55:41
2210,100172,2025-02-26,,"₹17,501",0,2025-09-04 14:55:41
2211,100172,2025-11-19,,11043,0,2025-07-03 14:55:41
2212,100172,2025-02-04,debit,"10,187",0,2025-11-06 14:55:41
2213,100172,2025-07-07,,8320,0,2025-07-04 14:55:41
2214,100172,2025-06-05,credit,"15,452",4348,2025-10-06 14:55:41
2215,100172,2025-05-16,credit,"14,973","19,321",2025-07-10 14:55:41
2216,100173,2025-04-06,debit,5758,2537,2025-08-10 14:55:41
2217,100173,2025-08-30,credit,14915,17452,2025-08-16 14:55:41
2218,100173,2025-01-20,debit,3293,14159,2025-07-06 14:55:41
2219,100173,2025-01-31,,11575,14159,2025-08-30 14:55:41
2220,100173,2025-12-01,credit,16194,,2025-08-16 14:55:41
2221,100173,2025-05-13,,10029,30353,2025-10-19 14:55:41
2222,100174,2025-04-15,debit,15505,22911,2025-08-23 14:55:41
2223,100174,2025-04-04,credit,15567,38478,2025-09-24 14:55:41
2224,100174,2025-12-06,credit,"₹13,656",52134,2025-07-12 14:55:41
2225,100174,2025-02-04,credit,,"₹70,720",2025-11-22 14:55:41
2226,100174,2025-13-40,,,70720,2026-01-05 14:55:41
2227,100174,2025-04-12,credit,16570,87290,2025-07-30 14:55:41
2228,100174,2025-09-27,debit,15435,"71,855",2025-09-21 14:55:41
2229,100174,2025-07-18,,"₹4,441",71855,2025-07-13 14:55:41
2230,100174,2025-07-26,debit,14421,57434,2025-10-10 14:55:41
2231,100174,2025-10-17,,3872,57434,2025-12-18 14:55:41
2232,100174,2025-07-09,debit,8069,49365,2025-11-06 14:55:41
2233,100174,2025-12-11,,"5,924",49365,2025-07-17 14:55:41
2234,100174,2025-11-25,debit,"₹6,397","₹42,968",2025-11-11 14:55:41
2235,100174,2025-05-26,debit,14982,27986,2025-10-24 14:55:41
2236,100174,2025-06-08,credit,17797,45783,2025-10-20 14:55:41
2237,100175,2025-11-11,credit,2217,8476,2025-09-14 14:55:41
2238,100175,16/02/2025,,13970,8476,2025-08-10 14:55:41
2239,100175,2025-10-13,debit,18445,₹0,2025-07-16 14:55:41
2240,100175,2025-07-12,credit,7914,--,2025-07-29 14:55:41
2241,100175,2025-10-10,debit,"₹8,509",--,2025-07-31 14:55:41
2242,100175,30/05/2025,,12271,0,2025-11-22 14:55:41
2243,100176,2025-08-10,debit,464,34004,2025-10-14 14:55:41
2244,100176,27/11/2025,,2017,34004,2025-08-26 14:55:41
2245,100176,2025-06-04,credit,2630,36634,2025-11-15 14:55:41
2246,100176,2025-12-24,credit,2451,39085,2025-09-22 14:55:41
2247,100176,2025-11-14,debit,17094,21991,2025-08-06 14:55:41
2248,100176,2025-08-03,credit,8607,30598,2025-09-22 14:55:41
2249,100176,2025-09-25,,10535,30598,2025-08-06 14:55:41
2250,100176,2025-05-18,credit,"2,180",32778,2025-08-19 14:55:41
2251,100176,2025-11-16,credit,11629,44407,2025-09-05 14:55:41
2252,100176,2025-09-17,,13820,44407,2025-08-10 14:55:41
2253,100176,2025-07-10,debit,10717,33690,2025-10-26 14:55:41
2254,100176,2025-01-21,credit,10016,43706,2025-11-05 14:55:41
2255,100176,2025-13-40,credit,12794,56500,2025-12-07 14:55:41
2256,100176,2025-04-03,credit,7753,64253,2025-08-01 14:55:41
2257,100176,2025-05-27,credit,"16,262",80515,2025-10-11 14:55:41
2258,100176,2025-02-02,,11358,80515,2026-01-05 14:55:41
2259,100176,2025-05-09,,"17,419",80515,2025-10-09 14:55:41
2260,100176,2025-03-11,credit,8711,"89,226",2025-11-04 14:55:41
2261,100176,2025-09-08,debit,13286,75940,2025-12-27 14:55:41
2262,100177,2025-03-05,credit,7354,26036,2025-10-22 14:55:41
2263,100177,03/11/2025,credit,10972,37008,2025-08-14 14:55:41
2264,100177,2025-07-12,,15713,--,2025-08-19 14:55:41
2265,100177,2025-02-14,,"₹4,005",37008,2025-11-09 14:55:41
2266,100177,2025-05-30,credit,"237,850",274858,2025-10-08 14:55:41
2267,100177,2025-10-26,credit,19221,--,2025-12-07 14:55:41
2268,100177,2025-01-17,credit,"14,952",309031,2025-07-22 14:55:41
2269,100177,2025-11-14,,17026,309031,2025-09-01 14:55:41
2270,100177,2025-04-07,,4283,309031,2025-12-22 14:55:41
2271,100177,2025-06-10,debit,19097,289934,2025-08-27 14:55:41
2272,100177,2025-02-19,credit,6448,"₹296,382",2025-09-03 14:55:41
2273,100177,2025-05-02,debit,6197,290185,2025-07-16 14:55:41
2274,100177,2025-05-10,debit,5906,284279,2026-01-15 14:55:41
2275,100177,2025-13-40,credit,8494,"292,773",2025-10-11 14:55:41
2276,100177,2025-03-11,,6684,292773,2025-08-07 14:55:41
2277,100178,23/07/2025,debit,10108,37313,2025-12-14 14:55:41
2278,100178,2025-13-40,,11276,"37,313",2025-07-23 14:55:41
2279,100178,2025-07-10,credit,811,38124,2025-12-11 14:55:41
2280,100178,2025-08-26,credit,11493,"49,617",2025-07-31 14:55:41
2281,100178,2025-11-01,,6995,49617,2025-07-20 14:55:41
2282,100178,2025-10-26,,10655,49617,2025-09-09 14:55:41
2283,100178,2025-13-40,,6481,49617,2025-09-07 14:55:41
2284,100178,2025-01-22,debit,6119,43498,2025-12-28 14:55:41
2285,100178,06/11/2025,debit,19166,24332,2025-07-29 14:55:41
2286,100178,2025-13-40,debit,8373,"15,959",2025-08-03 14:55:41
2287,100178,2025-09-04,debit,400,15559,2025-08-23 14:55:41
2288,100178,2025-07-25,credit,11554,27113,2025-11-18 14:55:41
2289,100178,2025-01-07,debit,19166,7947,2025-11-07 14:55:41
2290,100178,2025-03-26,debit,"₹19,293",0,2025-07-11 14:55:41
2291,100178,2025-02-05,debit,9838,0,2025-07-21 14:55:41
2292,100178,2025-02-21,credit,19751,0,2025-09-30 14:55:41
2293,100178,2025-07-03,,521,0,2025-12-12 14:55:41
2294,100178,2025-05-15,credit,13956,12523,2026-01-07 14:55:41
2295,100179,2025-03-31,credit,18058,63519,2025-08-11 14:55:41
2296,100179,2025-10-20,credit,11777,75296,2025-12-13 14:55:41
2297,100179,04/03/2025,credit,5483,80779,2025-11-23 14:55:41
2298,100179,2025-06-07,,6945,80779,2025-12-07 14:55:41
2299,100179,29/01/2025,debit,11155,,2025-09-03 14:55:41
2300,100179,11/01/2025,credit,13880,83504,2025-12-15 14:55:41
2301,100179,21/03/2025,debit,"2,683","80,821",2025-10-01 14:55:41
2302,100179,2025-11-22,,15620,N/A,2025-08-25 14:55:41
2303,100179,2025-09-03,credit,7068,87889,2025-11-13 14:55:41
2304,100179,2025-04-16,debit,"10,208",77681,2025-11-03 14:55:41
2305,100179,2025-01-02,credit,₹592,78273,2025-07-11 14:55:41
2306,100180,2025-01-26,,15678,"₹9,726",2025-10-18 14:55:41
2307,100180,2025-12-22,debit,4475,"5,251",2025-07-06 14:55:41
2308,100180,2025-10-15,,18363,5251,2025-07-13 14:55:41
2309,100180,2025-07-10,credit,7334,12585,2025-12-27 14:55:41
2310,100180,2025-10-22,credit,15157,27742,2025-11-08 14:55:41
2311,100180,2025-10-29,debit,10655,17087,2025-07-13 14:55:41
2312,100180,2025-04-26,debit,3918,13169,2025-10-06 14:55:41
2313,100180,2025-12-14,credit,8325,21494,2025-10-25 14:55:41
2314,100180,2025-10-20,credit,17872,"₹39,366",2025-11-07 14:55:41
2315,100180,2025-11-05,credit,7918,47284,2025-10-04 14:55:41
2316,100180,2025-06-11,debit,378625,0,2025-10-19 14:55:41
2317,100180,2025-10-15,,9345,0,2025-10-23 14:55:41
2318,100180,2025-12-12,debit,8948,0,2025-07-20 14:55:41
2319,100180,2025-08-01,debit,15534,0,2025-12-06 14:55:41
2320,100181,2025-01-18,,"₹1,468",,2025-07-08 14:55:41
2321,100181,2025-09-12,credit,4289,12226,2025-09-02 14:55:41
2322,100181,2025-05-25,credit,953,13179,2025-10-02 14:55:41
2323,100181,2025-05-21,credit,14401,27580,2025-11-12 14:55:41
2324,100181,2025-08-02,debit,"2,892",24688,2025-11-19 14:55:41
2325,100181,2025-06-18,debit,1740,22948,2025-12-14 14:55:41
2326,100181,2025-07-13,,14065,22948,2025-08-17 14:55:41
2327,100181,2025-12-15,credit,"7,205",30153,2025-09-21 14:55:41
2328,100181,2025-13-40,,16590,30153,2025-09-20 14:55:41
2329,100182,2025-12-16,credit,2139,10038,2025-11-11 14:55:41
2330,100182,20/12/2025,debit,12376,0,2025-09-18 14:55:41
2331,100182,2025-05-07,debit,8130,0,2025-10-12 14:55:41
2332,100182,30/08/2025,debit,1128,0,2025-10-29 14:55:41
2333,100182,2025-11-30,,"5,273",₹0,2025-08-19 14:55:41
2334,100182,15/01/2025,,"4,705",0,2025-11-26 14:55:41
2335,100182,2025-01-18,debit,4413,--,2025-09-27 14:55:41
2336,100182,2025-05-07,,12177,0,2025-12-17 14:55:41
2337,100183,2025-06-11,,18906,45919,2025-09-03 14:55:41
2338,100183,2025-06-19,debit,7069,38850,2025-09-04 14:55:41
2339,100183,2025-11-26,,"₹12,283",38850,2025-10-30 14:55:41
2340,100183,2025-04-05,credit,4576,43426,2025-07-24 14:55:41
2341,100183,2025-12-10,,--,43426,2025-09-13 14:55:41
2342,100183,2025-09-13,,16861,43426,2025-10-17 14:55:41
2343,100183,2025-06-01,credit,11935,55361,2025-07-02 14:55:41
2344,100183,2025-13-40,debit,8868,46493,2025-09-28 14:55:41
2345,100184,2025-06-03,,14434,26570,2025-09-12 14:55:41
2346,100184,2025-04-28,,11722,26570,2025-12-13 14:55:41
2347,100184,2025-13-40,credit,15528,42098,2025-09-28 14:55:41
2348,100184,2025-08-12,credit,18992,61090,2025-07-11 14:55:41
2349,100184,2025-01-17,debit,18670,42420,2025-07-21 14:55:41
2350,100184,2025-04-15,credit,13118,55538,2025-07-27 14:55:41
2351,100184,2025-10-28,debit,8278,47260,2025-12-09 14:55:41
2352,100184,2025-10-22,debit,5288,41972,2025-11-11 14:55:41
2353,100184,2025-05-16,debit,10236,31736,2025-07-14 14:55:41
2354,100185,2025-08-19,,6525,12357,2025-12-12 14:55:41
2355,100185,2025-02-25,,"₹7,690",12357,2025-08-17 14:55:41
2356,100185,2025-07-22,,"₹4,438",12357,2025-07-05 14:55:41
2357,100185,2025-01-22,debit,12961,0,2025-12-28 14:55:41
2358,100185,2025-01-10,debit,414,0,2026-01-08 14:55:41
2359,100185,2025-11-30,debit,--,0,2025-12-14 14:55:41
2360,100185,2025-08-05,debit,N/A,0,2025-07-09 14:55:41
2361,100185,2025-11-25,debit,"₹6,541",0,2025-07-04 14:55:41
2362,100186,2025-06-27,credit,1545,7775,2025-11-29 14:55:41
2363,100186,2025-11-18,debit,17302,0,2025-10-22 14:55:41
2364,100186,2025-09-13,credit,12035,"2,508",2025-08-27 14:55:41
2365,100186,2025-04-11,credit,"18,422",20930,2025-08-11 14:55:41
2366,100186,2025-05-01,debit,14922,"₹6,008",2025-11-29 14:55:41
2367,100186,2025-05-22,credit,"10,402",--,2025-07-30 14:55:41
2368,100186,2025-07-12,,1078,"16,410",2025-12-10 14:55:41
2369,100186,2025-10-16,,--,16410,2025-11-07 14:55:41
2370,100186,2025-05-07,,10795,16410,2025-08-12 14:55:41
2371,100186,2025-11-17,,"₹15,422",,2025-12-06 14:55:41
2372,100187,2025-01-03,,,29439,2025-12-17 14:55:41
2373,100187,2025-01-14,credit,14739,44178,2025-09-15 14:55:41
2374,100187,2025-12-17,,"11,278",44178,2026-01-06 14:55:41
2375,100187,2025-08-14,credit,8329,"₹52,507",2025-09-30 14:55:41
2376,100187,2025-02-24,,4290,52507,2025-08-04 14:55:41
2377,100187,2025-12-07,debit,1706,"₹50,801",2025-10-11 14:55:41
2378,100188,2025-11-07,credit,"₹19,008",39399,2025-10-13 14:55:41
2379,100188,2025-01-19,debit,18416,20983,2025-07-23 14:55:41
2380,100188,2025-07-05,,10510,"20,983",2025-09-28 14:55:41
2381,100188,2025-03-20,debit,9692,11291,2025-08-14 14:55:41
2382,100188,2025-04-22,debit,15689,0,2025-09-29 14:55:41
2383,100188,2025-07-03,,"₹19,783",0,2025-09-27 14:55:41
2384,100188,2025-05-20,debit,289,0,2025-09-09 14:55:41
2385,100188,2025-07-12,debit,19202,0,2025-07-03 14:55:41
2386,100188,2025-04-24,,5411,0,2025-10-10 14:55:41
2387,100188,2025-04-06,credit,"5,256",0,2025-08-23 14:55:41
2388,100188,2025-10-29,credit,12239,0,2026-01-16 14:55:41
2389,100189,10/09/2025,,7174,22865,2025-11-10 14:55:41
2390,100189,2025-05-07,,N/A,22865,2025-09-02 14:55:41
2391,100189,2025-12-15,,14742,"22,865",2026-01-06 14:55:41
2392,100189,2025-01-14,debit,"9,124",13741,2026-01-09 14:55:41
2393,100189,2025-05-24,,19574,13741,2025-11-28 14:55:41
2394,100190,2025-12-06,,12703,N/A,2025-10-18 14:55:41
2395,100190,2025-12-30,debit,10064,0,2025-09-30 14:55:41
2396,100190,2025-03-19,debit,17868,0,2025-11-19 14:55:41
2397,100190,2025-05-10,credit,--,0,2025-12-27 14:55:41
2398,100190,2025-03-12,credit,7369,2526,2025-12-08 14:55:41
2399,100190,2025-10-17,credit,668,3194,2026-01-16 14:55:41
2400,100190,2025-05-21,,8672,3194,2025-07-31 14:55:41
2401,100190,2025-08-27,,12647,3194,2025-12-27 14:55:41
2402,100190,2025-07-26,,10361,3194,2025-09-24 14:55:41
2403,100190,2025-07-25,debit,15726,0,2025-08-27 14:55:41
2404,100190,06/01/2025,,"₹11,407",0,2025-12-01 14:55:41
2405,100190,2025-07-07,credit,9621,₹0,2025-09-15 14:55:41
2406,100190,2025-08-29,debit,,0,2025-10-17 14:55:41
2407,100190,2025-08-02,,5776,0,2025-07-26 14:55:41
2408,100190,2025-02-02,debit,15894,0,2025-12-07 14:55:41
2409,100190,2025-02-15,debit,"8,299",0,2025-11-17 14:55:41
2410,100190,2025-01-12,credit,3755,0,2025-11-14 14:55:41
2411,100190,2025-06-16,debit,17339,0,2025-12-22 14:55:41
2412,100190,23/05/2025,credit,13702,0,2025-10-28 14:55:41
2413,100191,2025-10-08,credit,16638,55116,2025-10-01 14:55:41
2414,100191,2025-08-11,credit,6862,61978,2025-09-02 14:55:41
2415,100191,2025-05-10,credit,15403,77381,2025-07-24 14:55:41
2416,100191,2025-11-12,,19308,77381,2025-10-01 14:55:41
2417,100191,2025-06-07,,15618,77381,2025-09-02 14:55:41
2418,100191,2025-08-10,,12058,N/A,2025-07-15 14:55:41
2419,100191,26/01/2025,credit,328,77709,2025-07-07 14:55:41
2420,100191,2025-11-15,debit,N/A,73341,2025-12-16 14:55:41
2421,100191,2025-07-08,,2665,73341,2025-10-31 14:55:41
2422,100191,2025-05-20,debit,"6,192",67149,2025-11-18 14:55:41
2423,100191,2025-12-15,debit,1395,65754,2025-07-29 14:55:41
2424,100191,23/05/2025,credit,7901,73655,2025-11-06 14:55:41
2425,100191,2025-05-22,credit,2208,75863,2025-09-15 14:55:41
2426,100191,2025-01-09,,19868,75863,2025-08-07 14:55:41
2427,100191,2025-10-18,,,75863,2026-01-11 14:55:41
2428,100191,2025-01-08,debit,16066,59797,2025-12-15 14:55:41
2429,100191,2025-09-09,debit,7429,52368,2025-09-26 14:55:41
2430,100191,2025-04-27,debit,10701,41667,2025-10-10 14:55:41
2431,100191,2025-02-25,debit,8295,33372,2025-12-03 14:55:41
2432,100192,2025-02-06,debit,"2,129",7969,2025-11-15 14:55:41
2433,100192,2025-08-13,credit,15684,23653,2025-12-02 14:55:41
2434,100192,2025-08-18,debit,6391,17262,2025-08-16 14:55:41
2435,100192,2025-04-25,debit,"₹3,867",13395,2025-07-23 14:55:41
2436,100192,2025-06-12,debit,3068,10327,2025-07-29 14:55:41
2437,100192,2025-04-02,credit,13031,,2025-11-08 14:55:41
2438,100193,2025-05-10,credit,13054,39866,2025-10-02 14:55:41
2439,100193,2025-05-11,credit,5321,45187,2025-12-10 14:55:41
2440,100193,2025-08-16,debit,--,28596,2025-09-25 14:55:41
2441,100193,2025-13-40,,16007,28596,2026-01-07 14:55:41
2442,100193,2025-10-30,credit,2165,30761,2025-10-01 14:55:41
2443,100193,2025-09-02,debit,11036,19725,2025-10-30 14:55:41
2444,100193,2025-12-02,credit,8107,27832,2025-10-13 14:55:41
2445,100193,2025-12-11,debit,17513,10319,2025-11-27 14:55:41
2446,100193,2025-08-28,debit,16422,0,2025-12-21 14:55:41
2447,100193,2025-09-14,debit,18841,0,2025-10-26 14:55:41
2448,100193,2025-01-08,credit,7692,N/A,2025-07-13 14:55:41
2449,100194,2025-03-14,credit,N/A,43259,2025-10-23 14:55:41
2450,100194,2025-10-29,,N/A,43259,2026-01-06 14:55:41
2451,100194,2025-05-27,credit,"14,278",57537,2025-11-22 14:55:41
2452,100194,2025-03-22,credit,"₹19,544",77081,2025-12-10 14:55:41
2453,100194,2025-12-11,credit,5207,82288,2025-10-31 14:55:41
2454,100194,2025-03-11,,8729,82288,2025-11-28 14:55:41
2455,100194,2025-10-08,debit,17845,64443,2025-07-26 14:55:41
2456,100194,2025-01-27,debit,16773,47670,2025-07-25 14:55:41
2457,100194,2025-08-10,,359,47670,2025-07-27 14:55:41
2458,100194,2025-01-10,,N/A,47670,2025-12-01 14:55:41
2459,100194,2025-10-18,credit,7104,54774,2025-11-16 14:55:41
2460,100194,2025-06-06,,13728,--,2025-07-15 14:55:41
2461,100194,2025-08-29,credit,6505,61279,2025-09-29 14:55:41
2462,100195,2025-07-01,credit,9973,"13,985",2025-09-08 14:55:41
2463,100195,2025-09-16,,12852,13985,2025-08-13 14:55:41
2464,100195,2025-05-21,debit,,0,2025-07-07 14:55:41
2465,100195,2025-11-16,debit,2932,0,2025-07-31 14:55:41
2466,100195,2025-01-26,,17902,0,2025-12-17 14:55:41
2467,100195,2025-04-09,debit,"15,565",0,2025-09-13 14:55:41
2468,100195,06/11/2025,credit,"18,256",--,2026-01-10 14:55:41
2469,100195,2025-04-22,credit,,--,2025-10-16 14:55:41
2470,100196,2025-13-40,debit,,6464,2025-09-15 14:55:41
2471,100196,2025-05-07,credit,18198,24662,2025-10-20 14:55:41
2472,100196,2025-13-40,credit,15158,,2025-07-23 14:55:41
2473,100196,2025-02-24,,19265,39820,2025-11-24 14:55:41
2474,100196,2025-04-01,debit,10322,29498,2025-09-16 14:55:41
2475,100196,2025-02-08,debit,9528,"₹19,970",2026-01-03 14:55:41
2476,100196,21/12/2025,,15017,N/A,2025-11-13 14:55:41
2477,100197,2025-09-25,credit,18068,62111,2025-11-26 14:55:41
2478,100197,2025-07-15,,613,62111,2025-12-29 14:55:41
2479,100197,14/03/2025,,11678,"₹62,111",2025-12-07 14:55:41
2480,100197,2025-02-28,credit,14508,76619,2025-11-23 14:55:41
2481,100197,2025-07-18,debit,1070,75549,2025-09-29 14:55:41
2482,100197,2025-08-29,,"₹17,796",--,2025-11-30 14:55:41
2483,100197,2025-05-13,credit,14365,"89,914",2025-12-27 14:55:41
2484,100197,2025-06-24,credit,958,N/A,2025-11-07 14:55:41
2485,100197,2025-02-02,,11430,90872,2025-12-07 14:55:41
2486,100197,2025-08-01,debit,14833,76039,2026-01-05 14:55:41
2487,100197,2025-10-15,,7645,76039,2025-10-23 14:55:41
2488,100197,2025-04-30,debit,"10,937",--,2025-08-06 14:55:41
2489,100198,2025-03-13,,"₹6,340",16884,2025-10-17 14:55:41
2490,100198,2025-03-23,credit,6533,23417,2025-08-12 14:55:41
2491,100198,2025-07-07,credit,6057,29474,2025-11-09 14:55:41
2492,100198,2025-09-02,credit,3107,32581,2025-09-27 14:55:41
2493,100198,2025-09-20,,13488,32581,2025-11-13 14:55:41
2494,100198,2025-08-19,,19997,"32,581",2025-08-02 14:55:41
2495,100198,2025-10-24,credit,4272,36853,2025-10-05 14:55:41
2496,100198,2025-12-23,debit,15428,21425,2025-10-07 14:55:41
2497,100198,2025-02-20,debit,1478,19947,2025-09-16 14:55:41
2498,100198,2025-08-28,credit,4424,24371,2025-11-20 14:55:41
2499,100198,2025-09-17,credit,"₹14,631",39002,2025-10-19 14:55:41
2500,100198,2025-11-27,,6182,39002,2025-09-11 14:55:41
2501,100198,2025-08-24,credit,6431,45433,2025-12-07 14:55:41
2502,100198,2025-05-12,credit,8152,53585,2025-10-31 14:55:41
2503,100198,2025-05-28,,9571,53585,2025-07-07 14:55:41
2504,100198,2025-12-14,debit,4488,49097,2025-10-06 14:55:41
2505,100198,2025-03-22,debit,8356,40741,2026-01-17 14:55:41
2506,100198,2025-11-20,credit,2052,42793,2025-11-11 14:55:41
2507,100198,2025-03-11,credit,N/A,55261,2025-10-03 14:55:41
2508,100199,2025-10-13,debit,N/A,29452,2025-10-17 14:55:41
2509,100199,2025-03-03,,10242,"29,452",2025-10-23 14:55:41
2510,100199,2025-10-23,debit,9801,--,2025-08-09 14:55:41
2511,100199,2025-06-04,credit,10038,"29,689",2025-12-17 14:55:41
2512,100199,2025-07-29,debit,--,13397,2025-08-18 14:55:41
2513,100199,2025-08-16,credit,8496,21893,2025-09-13 14:55:41
2514,100199,2025-11-28,,4074,21893,2025-10-15 14:55:41
2515,100199,2025-13-40,credit,17535,--,2025-11-18 14:55:41
2516,100199,2025-08-28,,5820,"39,428",2025-12-13 14:55:41
2517,100199,2025-13-40,credit,15876,55304,2025-07-11 14:55:41
2518,100200,2025-11-21,debit,634,,2025-08-18 14:55:41
2519,100200,2025-05-06,,14810,"₹17,972",2026-01-01 14:55:41
2520,100200,2025-09-10,,"1,411",17972,2025-10-20 14:55:41
2521,100200,2025-02-23,credit,"₹5,596","23,568",2025-11-13 14:55:41
2522,100200,2025-04-07,debit,5608,17960,2025-09-09 14:55:41
2523,100200,2025-11-25,credit,"3,896","21,856",2025-08-13 14:55:41
2524,100200,2025-03-15,debit,1402,20454,2025-07-09 14:55:41
2525,100201,2025-01-18,credit,2410,,2025-09-18 14:55:41
2526,100201,2025-09-09,credit,8283,22436,2025-10-15 14:55:41
2527,100201,2025-12-28,debit,19827,2609,2025-09-28 14:55:41
2528,100201,2025-09-09,,16709,2609,2025-08-02 14:55:41
2529,100201,2025-11-26,,7047,2609,2025-10-15 14:55:41
2530,100201,2025-11-07,debit,"17,746",0,2025-11-18 14:55:41
2531,100201,2025-08-12,,1032,0,2025-10-11 14:55:41
2532,100201,2025-01-09,,13934,,2025-09-15 14:55:41
2533,100201,2025-02-12,credit,3053,--,2025-10-30 14:55:41
2534,100201,2025-05-28,credit,17448,5364,2025-09-11 14:55:41
2535,100201,2025-11-08,,7872,5364,2025-09-19 14:55:41
2536,100201,2025-10-31,debit,1447,3917,2025-07-03 14:55:41
2537,100201,26/04/2025,debit,8457,0,2025-10-25 14:55:41
2538,100202,2025-10-11,debit,13939,"8,750",2025-10-26 14:55:41
2539,100202,2025-03-23,debit,19499,0,2025-09-30 14:55:41
2540,100202,25/03/2025,credit,13222,2473,2025-12-12 14:55:41
2541,100202,2025-04-26,,,2473,2025-10-22 14:55:41
2542,100202,2025-02-13,credit,9469,11942,2025-07-24 14:55:41
2543,100202,2025-02-06,,6809,11942,2025-08-13 14:55:41
2544,100202,2025-02-07,debit,,"7,455",2026-01-12 14:55:41
2545,100202,2025-05-07,credit,"8,833",16288,2025-09-25 14:55:41
2546,100202,2025-13-40,,12730,N/A,2025-09-10 14:55:41
2547,100202,2025-02-23,,2361,"16,288",2025-07-13 14:55:41
2548,100203,17/09/2025,debit,9764,0,2025-09-29 14:55:41
2549,100203,2025-04-04,,720,0,2026-01-05 14:55:41
2550,100203,2025-12-18,credit,1229,0,2025-09-12 14:55:41
2551,100203,2025-08-27,debit,8069,0,2025-11-02 14:55:41
2552,100203,2025-01-31,credit,8398,0,2025-11-27 14:55:41
2553,100203,2025-02-27,credit,1855,0,2026-01-05 14:55:41
2554,100203,2025-03-12,credit,8375,7031,2025-12-31 14:55:41
2555,100203,2025-12-03,,10518,"₹7,031",2025-09-29 14:55:41
2556,100203,2025-08-06,credit,12832,19863,2025-11-02 14:55:41
2557,100203,2025-09-18,debit,14518,5345,2025-11-16 14:55:41
2558,100203,2025-05-12,,4650,5345,2025-08-21 14:55:41
2559,100203,2025-08-13,,10921,5345,2025-07-12 14:55:41
2560,100204,2025-11-15,credit,"₹15,075",N/A,2025-07-05 14:55:41
2561,100204,2025-02-14,,19515,49317,2025-07-16 14:55:41
2562,100204,2025-10-27,credit,19335,68652,2025-09-29 14:55:41
2563,100204,2025-06-15,credit,"8,007",76659,2025-12-09 14:55:41
2564,100204,2025-09-28,debit,16437,"60,222",2025-08-20 14:55:41
2565,100204,2025-09-08,,"₹11,559",60222,2025-07-10 14:55:41
2566,100204,2025-12-15,credit,14077,74299,2025-09-11 14:55:41
2567,100204,2025-01-31,,10344,"74,299",2025-11-17 14:55:41
2568,100204,2025-08-06,credit,"8,332","82,631",2025-08-12 14:55:41
2569,100204,2025-12-18,,3077,82631,2025-11-05 14:55:41
2570,100204,2025-09-16,,6793,82631,2025-10-23 14:55:41
2571,100204,2025-07-02,,1911,82631,2025-07-11 14:55:41
2572,100204,2025-12-22,debit,12153,70478,2025-08-21 14:55:41
2573,100204,2025-01-24,,8048,,2025-08-25 14:55:41
2574,100204,2025-06-11,credit,13743,84221,2025-11-30 14:55:41
2575,100204,2025-05-15,debit,2645,"81,576",2025-12-11 14:55:41
2576,100205,2025-08-20,,10420,38192,2025-09-05 14:55:41
2577,100205,2025-09-18,,"13,580",38192,2025-09-13 14:55:41
2578,100205,2025-05-15,,6913,N/A,2025-08-26 14:55:41
2579,100205,2025-08-06,debit,4562,33630,2025-07-18 14:55:41
2580,100205,2025-02-27,debit,"₹12,994",20636,2025-10-01 14:55:41
2581,100205,2025-12-17,,756,,2025-12-10 14:55:41
2582,100205,2025-01-08,debit,6378,14258,2025-10-09 14:55:41
2583,100205,2025-13-40,credit,"17,266",31524,2025-07-20 14:55:41
2584,100205,2025-03-24,debit,6859,24665,2025-11-01 14:55:41
2585,100205,2025-07-16,credit,10845,35510,2025-08-28 14:55:41
2586,100205,2025-03-20,credit,8157,43667,2025-07-21 14:55:41
2587,100205,2025-06-19,,13735,N/A,2025-07-31 14:55:41
2588,100205,2025-12-31,credit,--,46943,2026-01-10 14:55:41
2589,100205,2025-04-19,,13022,46943,2025-09-17 14:55:41
2590,100205,2025-02-08,,8269,46943,2025-11-29 14:55:41
2591,100205,2025-12-18,debit,1813,45130,2025-11-21 14:55:41
2592,100205,2025-04-23,debit,"₹6,685",38445,2025-12-16 14:55:41
2593,100205,2025-08-19,,11014,38445,2025-07-14 14:55:41
2594,100206,2025-09-15,debit,18400,8998,2025-12-10 14:55:41
2595,100206,2025-11-16,debit,17954,0,2025-11-18 14:55:41
2596,100206,2025-03-29,credit,2619,0,2025-12-26 14:55:41
2597,100206,2025-02-14,debit,11735,0,2025-12-14 14:55:41
2598,100206,2025-07-19,credit,18795,723,2025-12-15 14:55:41
2599,100206,2025-10-16,debit,N/A,0,2025-10-28 14:55:41
2600,100206,2025-13-40,debit,2717,0,2025-10-22 14:55:41
2601,100206,2025-01-19,,19291,0,2025-09-08 14:55:41
2602,100206,2025-04-18,,12147,,2025-12-19 14:55:41
2603,100206,2025-05-27,credit,"5,253",0,2025-11-20 14:55:41
2604,100206,2025-12-29,,16345,0,2025-11-21 14:55:41
2605,100206,2026-01-01,credit,"₹18,241","2,282",2025-08-12 14:55:41
2606,100206,2025-09-03,debit,7403,0,2025-11-14 14:55:41
2607,100206,2025-07-13,debit,13979,,2025-10-06 14:55:41
2608,100206,2025-06-17,debit,9604,0,2025-11-12 14:55:41
2609,100206,2025-08-20,credit,19894,0,2025-10-22 14:55:41
2610,100207,2025-12-02,,16425,37028,2025-09-11 14:55:41
2611,100207,2025-03-06,credit,5470,42498,2025-10-02 14:55:41
2612,100207,2025-05-21,debit,16858,25640,2025-12-25 14:55:41
2613,100207,2025-07-18,credit,10537,"36,177",2025-08-22 14:55:41
2614,100207,2025-01-19,debit,7069,29108,2025-11-19 14:55:41
2615,100207,2025-09-13,debit,8195,20913,2025-08-29 14:55:41
2616,100207,2025-02-24,credit,3716,24629,2025-12-12 14:55:41
2617,100207,2025-01-08,debit,9827,14802,2025-10-18 14:55:41
2618,100207,2025-02-24,credit,N/A,34103,2025-08-23 14:55:41
2619,100207,2025-13-40,,N/A,34103,2025-08-20 14:55:41
2620,100207,2025-13-40,credit,4771,38874,2025-09-29 14:55:41
2621,100207,2025-11-21,debit,5617,33257,2025-11-27 14:55:41
2622,100207,2025-06-09,credit,7161,40418,2025-11-04 14:55:41
2623,100207,2025-12-02,credit,899,--,2025-07-31 14:55:41
2624,100207,2025-11-17,,N/A,41317,2026-01-16 14:55:41
2625,100207,2025-06-29,debit,18525,22792,2025-09-19 14:55:41
2626,100207,2025-01-30,debit,14543,"8,249",2025-07-21 14:55:41
2627,100207,2025-12-08,,18309,"8,249",2025-09-26 14:55:41
2628,100208,2025-01-19,debit,16698,1984,2026-01-14 14:55:41
2629,100208,2025-09-09,,15999,1984,2025-12-04 14:55:41
2630,100208,2025-06-25,debit,2301,0,2025-07-23 14:55:41
2631,100208,2025-12-23,,10331,0,2025-11-02 14:55:41
2632,100208,2025-09-24,,4991,0,2025-08-24 14:55:41
2633,100208,2025-12-30,credit,"₹17,259",16942,2025-09-29 14:55:41
2634,100208,2025-05-09,credit,"18,007",34949,2026-01-08 14:55:41
2635,100208,2025-02-01,,13756,34949,2025-09-10 14:55:41
2636,100208,05/02/2025,,7518,34949,2025-09-30 14:55:41
2637,100208,2025-11-18,debit,11475,23474,2025-11-16 14:55:41
2638,100208,2025-07-05,credit,9338,32812,2025-10-23 14:55:41
2639,100208,2025-09-30,,,32812,2025-11-10 14:55:41
2640,100208,2025-03-17,debit,3105,29707,2025-07-25 14:55:41
2641,100208,2025-11-21,debit,19205,10502,2025-11-23 14:55:41
2642,100208,2025-01-14,credit,18435,28937,2025-07-24 14:55:41
2643,100208,2025-09-28,credit,N/A,47840,2025-08-24 14:55:41
2644,100208,2025-02-17,,5957,,2025-07-06 14:55:41
2645,100208,2025-07-21,credit,11620,"59,460",2025-11-08 14:55:41
2646,100208,2025-05-24,credit,17867,77327,2025-12-27 14:55:41
2647,100209,2025-04-30,debit,13383,0,2025-11-30 14:55:41
2648,100209,2025-06-06,,497,0,2025-09-26 14:55:41
2649,100209,2025-09-16,,"14,509",0,2025-09-05 14:55:41
2650,100209,2025-10-05,debit,17771,0,2025-07-26 14:55:41
2651,100209,2025-10-04,credit,--,0,2025-08-04 14:55:41
2652,100210,2025-12-08,credit,13075,44669,2026-01-07 14:55:41
2653,100210,2025-03-23,,--,44669,2025-10-06 14:55:41
2654,100210,2025-01-27,,9505,"44,669",2025-11-17 14:55:41
2655,100210,01/12/2025,,7493,"44,669",2025-07-25 14:55:41
2656,100210,2025-07-31,credit,12499,57168,2025-10-28 14:55:41
2657,100210,2025-05-30,credit,17679,74847,2025-12-07 14:55:41
2658,100210,2025-07-01,credit,3610,"78,457",2025-07-03 14:55:41
2659,100210,2025-01-24,,,,2025-12-22 14:55:41
2660,100210,2025-11-11,,11193,78457,2025-12-14 14:55:41
2661,100210,2025-05-24,credit,983,79440,2025-11-22 14:55:41
2662,100210,2025-03-18,credit,14309,93749,2025-07-03 14:55:41
2663,100210,2025-04-11,debit,,"84,831",2026-01-14 14:55:41
2664,100210,2025-13-40,,--,"84,831",2025-07-10 14:55:41
2665,100210,2025-08-07,debit,14765,70066,2025-12-17 14:55:41
2666,100210,2025-02-12,debit,15112,54954,2025-08-29 14:55:41
2667,100210,2025-05-31,,6025,54954,2025-12-30 14:55:41
2668,100210,2025-12-02,credit,1758,"₹56,712",2025-10-09 14:55:41
2669,100211,2025-08-03,,14293,11349,2025-11-20 14:55:41
2670,100211,2025-03-12,debit,19865,0,2025-07-25 14:55:41
2671,100211,2025-07-08,credit,5717,0,2025-11-20 14:55:41
2672,100211,2025-05-26,debit,1749,0,2025-08-06 14:55:41
2673,100211,2025-13-40,credit,19733,15185,2025-09-05 14:55:41
2674,100211,2025-04-27,credit,17329,32514,2025-12-16 14:55:41
2675,100211,2025-01-25,,10663,32514,2025-09-09 14:55:41
2676,100211,2025-12-06,credit,11163,"₹43,677",2025-09-15 14:55:41
2677,100212,2025-01-28,debit,8494,32764,2025-09-19 14:55:41
2678,100212,2025-05-10,,523,32764,2025-07-25 14:55:41
2679,100212,2025-09-30,debit,10998,21766,2025-10-13 14:55:41
2680,100212,2025-01-04,debit,4626,17140,2025-09-19 14:55:41
2681,100212,2025-03-18,credit,"18,495",35635,2025-12-09 14:55:41
2682,100212,2025-13-40,,"19,389",35635,2025-10-07 14:55:41
2683,100213,2025-12-30,debit,16031,24795,2025-08-27 14:55:41
2684,100213,2025-04-23,,3432,24795,2025-08-05 14:55:41
2685,100213,2025-05-09,debit,8198,16597,2025-11-20 14:55:41
2686,100213,2025-04-24,credit,7054,23651,2025-07-23 14:55:41
2687,100213,2025-07-24,credit,17302,40953,2025-09-20 14:55:41
2688,100213,2025-05-30,,1189,40953,2025-09-23 14:55:41
2689,100213,2025-05-21,,16238,40953,2025-08-20 14:55:41
2690,100213,2025-01-22,,"13,864",40953,2025-10-23 14:55:41
2691,100213,2025-08-20,credit,12813,53766,2025-10-22 14:55:41
2692,100213,2025-07-26,,"19,223","53,766",2025-07-21 14:55:41
2693,100213,2025-06-11,debit,"9,306",44460,2025-07-26 14:55:41
2694,100213,2025-09-18,debit,15074,29386,2025-10-10 14:55:41
2695,100213,2025-08-26,credit,7789,"37,175",2025-10-25 14:55:41
2696,100213,2025-10-13,,13948,37175,2025-07-24 14:55:41
2697,100213,2025-02-05,,4904,37175,2025-08-11 14:55:41
2698,100213,2025-13-40,,--,37175,2025-10-06 14:55:41
2699,100213,2025-09-30,debit,3474,33701,2025-11-29 14:55:41
2700,100214,2025-13-40,debit,7228,0,2025-09-13 14:55:41
2701,100214,06/03/2025,debit,8570,0,2026-01-16 14:55:41
2702,100214,2025-05-21,credit,"14,767",4013,2025-07-15 14:55:41
2703,100214,2025-01-22,debit,16134,--,2025-08-01 14:55:41
2704,100214,2025-06-07,credit,15058,2937,2025-07-12 14:55:41
2705,100214,2025-07-12,credit,N/A,22685,2025-11-08 14:55:41
2706,100214,2025-07-08,,15320,22685,2025-07-31 14:55:41
2707,100214,2025-02-05,credit,10771,33456,2026-01-03 14:55:41
2708,100214,2025-12-22,debit,15259,"18,197",2025-09-18 14:55:41
2709,100214,2025-04-26,,856,18197,2026-01-06 14:55:41
2710,100214,2025-04-14,credit,13602,"₹31,799",2026-01-17 14:55:41
2711,100214,2025-13-40,debit,19063,12736,2025-10-26 14:55:41
2712,100215,2025-12-24,debit,,7341,2025-08-09 14:55:41
2713,100215,2025-07-29,debit,13229,0,2025-10-20 14:55:41
2714,100215,2025-02-07,debit,7806,0,2025-12-16 14:55:41
2715,100215,2025-01-29,debit,12781,0,2025-11-26 14:55:41
2716,100215,2025-01-12,debit,3722,0,2026-01-01 14:55:41
2717,100215,2025-01-17,,15642,0,2025-07-19 14:55:41
2718,100215,2025-08-14,debit,,0,2025-11-07 14:55:41
2719,100215,2025-12-01,credit,13696,0,2025-09-11 14:55:41
2720,100215,2025-02-08,debit,18227,0,2026-01-09 14:55:41
2721,100215,2025-08-21,credit,6320,0,2025-08-03 14:55:41
2722,100215,2025-06-02,debit,"₹11,087",₹0,2025-07-13 14:55:41
2723,100215,2025-07-08,debit,475,0,2025-09-03 14:55:41
2724,100215,2025-05-18,debit,N/A,0,2025-07-23 14:55:41
2725,100215,2025-08-12,,5879,--,2025-10-29 14:55:41
2726,100216,2025-11-29,credit,"11,168",37260,2025-07-08 14:55:41
2727,100216,2025-07-06,credit,19370,56630,2025-12-04 14:55:41
2728,100216,2025-04-13,debit,8430,48200,2025-09-13 14:55:41
2729,100216,2025-03-24,credit,6667,54867,2025-10-28 14:55:41
2730,100216,2025-12-26,debit,11189,43678,2025-07-03 14:55:41
2731,100216,2025-12-14,,"3,305",43678,2025-07-17 14:55:41
2732,100217,2025-10-13,,8427,3854,2025-08-05 14:55:41
2733,100217,2025-03-04,credit,13367,17221,2025-09-06 14:55:41
2734,100217,2025-13-40,,,17221,2025-09-09 14:55:41
2735,100217,2025-03-04,debit,726,16495,2025-07-12 14:55:41
2736,100217,2025-01-26,debit,12542,3953,2025-08-02 14:55:41
2737,100217,2025-10-31,,1446,3953,2025-07-22 14:55:41
2738,100217,2025-06-06,debit,922,3031,2025-09-29 14:55:41
2739,100217,2025-08-06,debit,"₹4,924",0,2025-11-30 14:55:41
2740,100217,2025-03-24,credit,15176,13283,2025-08-21 14:55:41
2741,100217,2025-06-15,,2652,"₹13,283",2025-12-28 14:55:41
2742,100217,2025-05-14,,14379,13283,2025-07-07 14:55:41
2743,100217,2025-07-02,debit,16986,0,2026-01-03 14:55:41
2744,100217,2025-09-15,,"₹13,179",0,2025-07-16 14:55:41
2745,100218,2025-03-09,credit,7609,21062,2025-08-29 14:55:41
2746,100218,2025-07-18,debit,3281,17781,2025-07-02 14:55:41
2747,100218,2025-05-10,debit,,0,2025-08-23 14:55:41
2748,100218,2025-01-20,,7384,0,2025-09-18 14:55:41
2749,100218,2025-07-01,,"₹18,082",0,2025-10-12 14:55:41
2750,100218,2025-04-03,debit,"₹19,792",0,2025-10-03 14:55:41
2751,100218,2025-02-13,credit,15601,0,2025-07-21 14:55:41
2752,100218,2025-06-27,debit,15610,0,2025-12-14 14:55:41
2753,100218,2025-01-11,credit,,₹0,2026-01-13 14:55:41
2754,100218,2025-07-18,,18923,0,2025-08-06 14:55:41
2755,100218,2025-05-08,,2599,0,2025-09-04 14:55:41
2756,100218,2025-12-07,,14190,0,2025-09-15 14:55:41
2757,100218,2025-05-13,debit,"₹15,996",0,2026-01-02 14:55:41
2758,100218,2025-10-11,credit,16888,,2025-12-27 14:55:41
2759,100218,2025-08-18,debit,15787,N/A,2025-11-06 14:55:41
2760,100219,2025-10-31,credit,"₹4,449",19325,2025-12-02 14:55:41
2761,100219,2025-05-11,debit,"14,811",4514,2025-10-21 14:55:41
2762,100219,2025-02-22,debit,17446,0,2025-08-21 14:55:41
2763,100219,2026-01-01,,16229,,2025-07-10 14:55:41
2764,100219,2025-05-28,debit,11053,0,2025-08-01 14:55:41
2765,100219,2025-11-02,debit,"14,849",0,2025-11-16 14:55:41
2766,100219,2025-04-02,,11352,0,2025-10-30 14:55:41
2767,100219,2025-08-04,,15738,0,2025-07-31 14:55:41
2768,100219,2025-09-25,,17133,0,2025-08-24 14:55:41
2769,100219,2025-05-30,,10948,0,2025-10-24 14:55:41
2770,100219,2025-03-31,credit,"11,085",0,2025-08-24 14:55:41
2771,100219,2025-07-26,,6645,0,2025-08-26 14:55:41
2772,100219,2025-13-40,,15429,0,2025-12-14 14:55:41
2773,100219,2025-10-10,,"4,241",--,2025-07-31 14:55:41
2774,100219,2025-01-31,debit,6170,0,2025-08-21 14:55:41
2775,100220,2025-13-40,debit,14791,23240,2026-01-15 14:55:41
2776,100220,2025-05-17,,11768,--,2025-07-29 14:55:41
2777,100220,2025-06-01,,19504,"₹23,240",2025-09-07 14:55:41
2778,100220,2025-01-24,debit,3967,19273,2025-11-23 14:55:41
2779,100220,2025-05-13,credit,7900,27173,2025-09-12 14:55:41
2780,100220,2025-05-10,,4462,27173,2025-11-26 14:55:41
2781,100221,2025-12-30,,,20631,2025-07-26 14:55:41
2782,100221,2025-09-20,credit,13731,"34,362",2025-10-09 14:55:41
2783,100221,30/12/2025,debit,19999,--,2025-07-10 14:55:41
2784,100221,04/03/2025,credit,9697,24060,2025-07-13 14:55:41
2785,100221,2025-03-21,debit,6662,17398,2025-10-17 14:55:41
2786,100222,2025-07-15,debit,"6,979",41708,2025-08-01 14:55:41
2787,100222,2025-09-26,,7539,41708,2025-10-03 14:55:41
2788,100222,2025-02-07,credit,12615,54323,2025-07-30 14:55:41
2789,100222,2025-02-25,,13138,54323,2025-11-21 14:55:41
2790,100222,21/01/2025,,10632,54323,2026-01-13 14:55:41
2791,100222,2025-07-22,credit,12981,"67,304",2025-10-10 14:55:41
2792,100222,2025-08-18,,15349,67304,2025-11-02 14:55:41
2793,100222,2025-09-15,credit,3162,70466,2025-07-25 14:55:41
2794,100222,2025-11-21,,8272,70466,2025-07-06 14:55:41
2795,100222,2025-06-13,,18029,70466,2025-08-19 14:55:41
2796,100222,2025-01-20,debit,3121,67345,2025-12-24 14:55:41
2797,100222,2025-12-28,,,67345,2025-11-23 14:55:41
2798,100222,2025-02-24,credit,4416,,2026-01-01 14:55:41
2799,100222,2025-10-08,,9608,"₹71,761",2025-12-31 14:55:41
2800,100222,2025-03-31,,12468,71761,2025-07-31 14:55:41
2801,100222,2025-07-07,debit,--,53278,2025-08-31 14:55:41
2802,100222,2025-09-10,,1046,53278,2025-12-11 14:55:41
2803,100222,2025-04-02,,7500,53278,2025-09-12 14:55:41
2804,100222,2025-04-11,debit,19815,33463,2025-07-13 14:55:41
2805,100223,2025-12-14,debit,10717,8435,2025-12-17 14:55:41
2806,100223,2025-07-01,,"1,814",8435,2025-10-20 14:55:41
2807,100223,2025-12-14,debit,"17,990",₹0,2025-08-06 14:55:41
2808,100223,2025-12-16,debit,16141,0,2025-11-24 14:55:41
2809,100223,2025-10-09,debit,12551,0,2025-11-22 14:55:41
2810,100223,2025-08-17,debit,9260,0,2025-12-11 14:55:41
2811,100223,2025-12-22,debit,5779,0,2025-11-04 14:55:41
2812,100223,2025-11-25,debit,8224,--,2026-01-15 14:55:41
2813,100223,2025-11-22,credit,,0,2025-08-26 14:55:41
2814,100223,2025-11-02,credit,9036,0,2026-01-13 14:55:41
2815,100223,2025-06-13,,"3,963",0,2025-10-10 14:55:41
2816,100223,2025-04-16,,14657,0,2025-08-18 14:55:41
2817,100223,2025-06-28,,12068,0,2025-11-11 14:55:41
2818,100223,2025-11-05,debit,2314,N/A,2025-09-17 14:55:41
2819,100223,2025-05-24,credit,"14,571",0,2025-10-15 14:55:41
2820,100223,2025-02-08,,2866,0,2025-08-19 14:55:41
2821,100223,2025-10-04,credit,4356,0,2025-10-27 14:55:41
2822,100223,2025-06-14,debit,11691,0,2025-10-27 14:55:41
2823,100224,2025-04-26,debit,10125,28338,2025-12-22 14:55:41
2824,100224,2025-04-08,,7877,28338,2025-11-18 14:55:41
2825,100224,2025-04-11,,12272,28338,2026-01-12 14:55:41
2826,100224,2025-03-23,,"₹6,291","28,338",2025-09-14 14:55:41
2827,100224,2025-06-17,,15623,28338,2025-11-30 14:55:41
2828,100224,2025-08-07,credit,1753,30091,2025-11-15 14:55:41
2829,100224,2025-07-18,debit,1092,28999,2025-10-24 14:55:41
2830,100225,2025-11-27,debit,9291,"₹36,674",2025-08-14 14:55:41
2831,100225,2025-01-15,,2876,N/A,2025-10-06 14:55:41
2832,100225,2025-08-19,,,36674,2025-07-13 14:55:41
2833,100225,2025-09-14,credit,2417,39091,2025-09-26 14:55:41
2834,100225,2025-11-24,debit,18340,20751,2026-01-09 14:55:41
2835,100225,2025-12-11,,254150,20751,2026-01-17 14:55:41
2836,100226,2025-11-14,,15837,23199,2025-09-23 14:55:41
2837,100226,2025-01-14,debit,2889,20310,2025-07-02 14:55:41
2838,100226,2025-02-25,debit,12918,7392,2025-09-06 14:55:41
2839,100226,2025-04-26,debit,18850,0,2025-08-24 14:55:41
2840,100226,2025-02-14,credit,15703,4245,2026-01-08 14:55:41
2841,100226,2025-09-29,debit,17589,0,2025-10-01 14:55:41
2842,100226,2025-09-23,credit,N/A,729,2025-10-07 14:55:41
2843,100226,2025-07-11,debit,18685,0,2025-12-23 14:55:41
2844,100226,2025-06-14,,14680,0,2025-10-25 14:55:41
2845,100226,2025-10-01,,"16,655",0,2025-09-25 14:55:41
2846,100226,2025-06-26,debit,16710,₹0,2025-12-09 14:55:41
2847,100226,2025-03-01,credit,"9,580",0,2025-08-22 14:55:41
2848,100226,2025-07-28,debit,₹651,0,2025-08-08 14:55:41
2849,100226,2025-13-40,debit,3127,0,2026-01-06 14:55:41
2850,100226,2025-06-10,debit,18287,₹0,2026-01-12 14:55:41
2851,100226,2025-10-21,,1416,0,2025-09-28 14:55:41
2852,100226,2025-12-24,,16787,0,2025-11-23 14:55:41
2853,100227,2025-03-27,debit,12088,0,2025-11-22 14:55:41
2854,100227,2025-02-04,debit,6228,0,2025-10-05 14:55:41
2855,100227,2025-05-08,,1354,0,2025-07-20 14:55:41
2856,100227,2025-05-21,,18226,0,2025-10-29 14:55:41
2857,100227,07/01/2025,,19053,0,2025-11-25 14:55:41
2858,100227,2025-01-09,,16619,0,2025-12-22 14:55:41
2859,100227,2025-01-11,credit,18077,9942,2025-12-23 14:55:41
2860,100227,2025-06-17,debit,--,₹0,2025-11-22 14:55:41
2861,100227,2025-03-08,debit,13386,0,2025-08-21 14:55:41
2862,100227,2025-09-14,,19348,0,2025-08-05 14:55:41
2863,100227,2025-13-40,credit,15477,0,2025-10-01 14:55:41
2864,100227,2025-05-24,credit,12738,11174,2025-12-26 14:55:41
2865,100227,2025-06-21,credit,"₹8,880",20054,2025-07-27 14:55:41
2866,100227,2025-11-22,credit,19847,39901,2025-12-26 14:55:41
2867,100227,2025-10-22,credit,7382,47283,2025-09-30 14:55:41
2868,100227,2025-11-06,credit,18143,65426,2025-10-30 14:55:41
2869,100227,2025-09-02,,346500,65426,2025-11-12 14:55:41
2870,100227,2025-05-20,credit,"₹5,782",71208,2025-10-22 14:55:41
2871,100227,2025-10-14,credit,4898,"76,106",2025-12-17 14:55:41
2872,100227,2025-07-05,debit,2572,73534,2025-08-10 14:55:41
2873,100228,2025-06-24,credit,12251,44789,2025-09-05 14:55:41
2874,100228,2025-12-24,credit,"14,572",59361,2025-08-01 14:55:41
2875,100228,2025-11-14,credit,"₹16,214",--,2025-09-24 14:55:41
2876,100228,2025-03-22,debit,4308,71267,2025-10-24 14:55:41
2877,100228,2025-09-19,credit,19226,90493,2025-09-22 14:55:41
2878,100228,2025-10-27,,5149,N/A,2025-10-03 14:55:41
2879,100228,2025-11-24,debit,5344,85149,2025-07-20 14:55:41
2880,100228,2025-13-40,,11024,85149,2025-12-01 14:55:41
2881,100228,2025-02-09,debit,4244,"₹80,905",2026-01-14 14:55:41
2882,100229,18/04/2025,,N/A,3702,2025-07-15 14:55:41
2883,100229,2025-01-10,credit,,16944,2026-01-03 14:55:41
2884,100229,03/11/2025,credit,16608,33552,2025-11-29 14:55:41
2885,100229,2025-07-02,debit,8096,25456,2025-12-26 14:55:41
2886,100229,2025-10-25,credit,,26360,2025-07-18 14:55:41
2887,100229,2025-02-01,debit,"₹13,214",13146,2025-10-30 14:55:41
2888,100229,2025-09-12,,4519,13146,2025-07-23 14:55:41
2889,100229,2025-08-08,,3453,13146,2026-01-02 14:55:41
2890,100229,2025-01-18,credit,10786,23932,2025-10-08 14:55:41
2891,100229,2025-11-12,,2306,23932,2025-10-01 14:55:41
2892,100229,2025-08-04,debit,1825,22107,2025-07-29 14:55:41
2893,100229,01/03/2025,debit,1575,"20,532",2025-09-23 14:55:41
2894,100229,2025-05-25,credit,19158,,2026-01-04 14:55:41
2895,100229,2025-12-08,debit,,--,2025-11-06 14:55:41
2896,100230,2025-08-19,,17351,"43,813",2025-11-20 14:55:41
2897,100230,2025-06-20,credit,5202,49015,2025-12-04 14:55:41
2898,100230,2025-06-18,debit,1418,47597,2025-11-03 14:55:41
2899,100230,2025-07-09,debit,7891,39706,2025-09-23 14:55:41
2900,100230,2025-01-31,debit,19008,20698,2025-08-17 14:55:41
2901,100230,2025-05-05,debit,11681,"9,017",2025-10-23 14:55:41
2902,100230,05/10/2025,debit,12024,0,2025-08-22 14:55:41
2903,100230,2025-04-08,credit,"14,742",11735,2025-08-20 14:55:41
2904,100230,2025-13-40,debit,"₹6,522",5213,2025-11-11 14:55:41
2905,100230,2025-01-26,credit,"10,436",N/A,2025-11-25 14:55:41
2906,100230,2025-01-05,debit,5651,9998,2025-10-10 14:55:41
2907,100230,2025-03-09,debit,13261,0,2025-08-30 14:55:41
2908,100230,2025-04-09,credit,455,0,2025-10-28 14:55:41
2909,100230,2025-05-10,credit,11159,8351,2025-08-17 14:55:41
2910,100230,2025-01-07,credit,11102,19453,2025-10-03 14:55:41
2911,100231,2025-07-09,credit,15661,"₹55,858",2026-01-10 14:55:41
2912,100231,2025-04-07,,"12,532",55858,2025-12-05 14:55:41
2913,100231,2025-03-28,credit,12203,68061,2025-10-15 14:55:41
2914,100231,2025-09-14,debit,6479,61582,2025-09-13 14:55:41
2915,100231,2025-12-14,debit,"₹5,548",56034,2025-07-21 14:55:41
2916,100231,2025-09-27,,3979,"56,034",2025-10-28 14:55:41
2917,100231,2025-03-01,credit,2385,58419,2025-10-30 14:55:41
2918,100231,2025-06-07,debit,14604,43815,2025-09-19 14:55:41
2919,100231,2025-05-17,credit,"18,988",62803,2025-10-28 14:55:41
2920,100231,2025-10-06,debit,"15,784",47019,2025-12-25 14:55:41
2921,100231,2025-07-27,credit,"₹15,322","62,341",2025-12-16 14:55:41
2922,100231,2025-10-01,credit,3164,"65,505",2025-11-16 14:55:41
2923,100231,2025-08-30,,12674,"65,505",2025-07-31 14:55:41
2924,100231,2025-11-30,,"₹10,593","65,505",2025-09-27 14:55:41
2925,100231,2025-03-19,debit,2661,62844,2025-08-01 14:55:41
2926,100231,2025-02-06,credit,8505,71349,2025-12-12 14:55:41
2927,100232,2025-04-29,credit,14140,"23,458",2025-09-09 14:55:41
2928,100232,2025-01-30,credit,17190,"40,648",2025-08-13 14:55:41
2929,100232,2025-05-24,,"₹14,046",40648,2025-10-26 14:55:41
2930,100232,2025-05-01,credit,14393,"55,041",2025-10-27 14:55:41
2931,100232,2025-05-29,credit,3349,58390,2025-11-21 14:55:41
2932,100232,2025-05-30,,14135,,2025-09-12 14:55:41
2933,100232,2025-12-18,credit,16044,74434,2026-01-04 14:55:41
2934,100232,2025-09-28,credit,648,75082,2025-11-06 14:55:41
2935,100232,2025-09-14,credit,8002,83084,2025-09-19 14:55:41
2936,100233,2025-02-19,,14177,3256,2025-07-31 14:55:41
2937,100233,2025-12-27,debit,10678,,2025-07-10 14:55:41
2938,100233,2025-06-18,,13236,0,2025-12-05 14:55:41
2939,100233,2025-06-18,,11809,--,2025-11-10 14:55:41
2940,100233,2025-03-21,debit,13248,0,2025-12-04 14:55:41
2941,100233,2025-08-08,,3308,0,2025-08-08 14:55:41
2942,100233,2025-07-16,credit,16189,0,2025-07-13 14:55:41
2943,100233,2025-01-29,debit,"16,659",0,2025-09-22 14:55:41
2944,100233,2025-06-21,,"₹4,772",--,2025-12-28 14:55:41
2945,100233,2025-07-20,debit,"16,530",0,2025-10-21 14:55:41
2946,100233,2025-08-09,credit,14113,0,2025-11-07 14:55:41
2947,100233,2025-09-13,,16405,0,2025-11-13 14:55:41
2948,100233,2025-02-22,,"10,342",0,2025-09-16 14:55:41
2949,100233,2025-07-10,,16852,₹0,2025-08-01 14:55:41
2950,100233,2025-10-19,credit,11013,0,2025-08-23 14:55:41
2951,100233,2025-12-20,,18137,0,2025-07-30 14:55:41
2952,100233,2025-09-09,credit,15284,2740,2025-07-27 14:55:41
2953,100233,2025-02-07,credit,19303,22043,2025-11-17 14:55:41
2954,100233,2025-01-27,credit,N/A,23205,2025-11-12 14:55:41
2955,100233,2025-10-24,debit,17412,5793,2025-12-13 14:55:41
2956,100234,28/04/2025,credit,1293,14178,2025-09-18 14:55:41
2957,100234,2025-10-23,debit,6989,"7,189",2025-10-19 14:55:41
2958,100234,2025-08-15,,--,7189,2025-07-12 14:55:41
2959,100234,2025-03-14,debit,1972,5217,2025-12-21 14:55:41
2960,100234,2025-13-40,debit,18007,0,2025-09-01 14:55:41
2961,100234,2025-08-17,,9319,0,2025-11-21 14:55:41
2962,100234,2025-08-18,credit,8398,0,2025-09-27 14:55:41
2963,100234,2025-01-09,credit,10714,6322,2025-11-26 14:55:41
2964,100234,2025-10-11,,,6322,2025-08-04 14:55:41
2965,100235,2025-03-12,,17728,4798,2025-09-08 14:55:41
2966,100235,2025-07-02,credit,15420,"₹20,218",2025-11-18 14:55:41
2967,100235,2025-01-19,debit,728,"19,490",2025-07-23 14:55:41
2968,100235,2025-05-01,credit,3472,22962,2025-08-19 14:55:41
2969,100235,2025-04-24,credit,19695,N/A,2025-11-20 14:55:41
2970,100235,16/11/2025,credit,387150,429807,2025-10-03 14:55:41
2971,100235,2025-10-04,,4693,429807,2026-01-06 14:55:41
2972,100235,2025-02-20,debit,6180,"₹423,627",2025-11-09 14:55:41
2973,100235,2025-05-06,credit,12002,435629,2025-12-14 14:55:41
2974,100235,2025-11-08,credit,11186,446815,2025-12-18 14:55:41
2975,100235,2025-08-20,credit,1320,,2025-11-19 14:55:41
2976,100235,2025-12-27,debit,566,447569,2025-10-03 14:55:41
2977,100235,2025-05-16,debit,10745,436824,2025-09-02 14:55:41
2978,100235,2025-08-18,debit,"9,847","426,977",2025-10-17 14:55:41
2979,100235,2025-07-10,,10876,426977,2025-12-19 14:55:41
2980,100236,05/11/2025,,"19,754","21,706",2025-08-10 14:55:41
2981,100236,2025-01-19,debit,,"3,850",2025-11-09 14:55:41
2982,100236,2025-07-04,debit,,0,2025-11-04 14:55:41
2983,100236,2025-05-12,debit,8454,0,2025-09-27 14:55:41
2984,100236,2025-07-05,debit,820,₹0,2025-10-01 14:55:41
2985,100236,17/08/2025,debit,N/A,0,2025-12-28 14:55:41
2986,100236,18/09/2025,credit,"₹5,791",0,2025-10-14 14:55:41
2987,100236,2025-12-13,credit,12263,₹0,2025-09-27 14:55:41
2988,100236,2025-02-07,debit,8612,0,2025-07-05 14:55:41
2989,100236,2025-12-06,debit,6383,0,2025-11-20 14:55:41
2990,100236,23/03/2025,,8310,--,2025-10-13 14:55:41
2991,100236,2025-09-20,debit,9785,0,2025-08-15 14:55:41
2992,100236,2025-04-04,debit,10302,0,2025-12-26 14:55:41
2993,100236,2025-05-05,debit,4361,0,2025-08-18 14:55:41
2994,100236,2025-03-23,,15193,0,2025-11-02 14:55:41
2995,100236,2025-10-23,debit,855,0,2025-08-31 14:55:41
2996,100236,2025-13-40,credit,19206,0,2025-08-27 14:55:41
2997,100236,2025-09-03,credit,15876,0,2025-08-24 14:55:41
2998,100236,2025-04-17,debit,17604,0,2025-09-02 14:55:41
2999,100236,2025-08-06,credit,17836,0,2025-10-07 14:55:41
3000,100237,2025-03-04,,--,"₹39,556",2025-08-04 14:55:41
3001,100237,2025-02-28,debit,14461,"25,095",2025-10-02 14:55:41
3002,100237,2025-08-19,debit,19046,6049,2025-07-14 14:55:41
3003,100237,2025-12-11,debit,16090,0,2025-12-20 14:55:41
3004,100237,02/07/2025,debit,"15,537",0,2025-07-23 14:55:41
3005,100237,2025-07-09,debit,"8,590",0,2025-09-02 14:55:41
3006,100237,2025-06-16,credit,12330,0,2025-07-10 14:55:41
3007,100238,2025-06-23,,15712,23061,2025-10-23 14:55:41
3008,100238,2025-04-06,credit,11143,,2025-09-24 14:55:41
3009,100238,2025-08-30,credit,17500,51704,2025-09-10 14:55:41
3010,100238,2025-09-13,credit,18396,--,2025-09-30 14:55:41
3011,100238,2025-01-13,credit,13626,83726,2025-09-21 14:55:41
3012,100238,2025-06-07,debit,17926,65800,2025-11-28 14:55:41
3013,100238,2025-01-25,credit,15992,81792,2025-07-02 14:55:41
3014,100238,2025-09-28,debit,"₹4,773",77019,2025-12-20 14:55:41
3015,100238,2025-12-16,debit,19269,57750,2025-12-03 14:55:41
3016,100238,21/02/2025,debit,2623,55127,2025-11-25 14:55:41
3017,100238,2025-13-40,credit,N/A,56019,2025-08-22 14:55:41
3018,100238,2025-04-18,debit,10018,46001,2025-07-02 14:55:41
3019,100238,2025-05-26,credit,457350,503351,2025-08-14 14:55:41
3020,100238,2025-11-28,,5919,"503,351",2025-12-21 14:55:41
3021,100238,2025-10-12,debit,19846,483505,2025-12-27 14:55:41
3022,100238,2025-01-16,credit,7752,491257,2025-10-11 14:55:41
3023,100239,2025-10-25,debit,5252,N/A,2025-07-17 14:55:41
3024,100239,2025-12-14,,9604,38104,2025-11-17 14:55:41
3025,100239,2025-10-10,,10833,38104,2025-09-18 14:55:41
3026,100239,2025-12-18,credit,15074,53178,2025-10-25 14:55:41
3027,100239,2025-03-23,debit,"₹14,733",38445,2025-07-03 14:55:41
3028,100239,2025-05-07,,15465,38445,2025-11-17 14:55:41
3029,100239,2025-12-08,,18857,--,2025-09-28 14:55:41
3030,100239,2025-09-18,debit,15932,22513,2026-01-13 14:55:41
3031,100239,2025-12-28,credit,19756,42269,2025-11-06 14:55:41
3032,100239,2025-06-13,debit,7422,34847,2025-07-21 14:55:41
3033,100239,25/08/2025,credit,18772,53619,2025-09-23 14:55:41
3034,100239,2025-13-40,debit,12141,41478,2025-10-28 14:55:41
3035,100239,2025-10-27,credit,"12,325",53803,2025-09-09 14:55:41
3036,100239,2025-07-23,debit,"7,580","46,223",2025-07-23 14:55:41
3037,100239,2025-12-08,,N/A,46223,2026-01-10 14:55:41
3038,100239,2025-05-01,credit,6258,52481,2025-11-24 14:55:41
3039,100239,2025-05-02,,15963,,2025-08-01 14:55:41
3040,100239,2025-05-30,,"5,829",52481,2025-12-08 14:55:41
3041,100240,02/01/2025,debit,2734,0,2025-10-06 14:55:41
3042,100240,30/11/2025,debit,2985,0,2025-09-19 14:55:41
3043,100240,2025-10-14,,"1,213",0,2025-07-10 14:55:41
3044,100240,2025-02-06,,3886,0,2025-08-10 14:55:41
3045,100240,2025-03-20,debit,N/A,0,2025-07-08 14:55:41
3046,100240,2025-09-07,,14520,0,2025-10-13 14:55:41
3047,100240,2025-08-31,debit,--,0,2025-10-10 14:55:41
3048,100240,2025-05-16,,"₹16,591",0,2025-12-21 14:55:41
3049,100240,2025-03-24,debit,"₹16,551",0,2026-01-03 14:55:41
3050,100240,2025-10-13,credit,2678,0,2025-08-28 14:55:41
3051,100240,2025-09-10,,18170,0,2025-12-25 14:55:41
3052,100240,2025-13-40,,4702,0,2025-08-09 14:55:41
3053,100240,2025-10-04,credit,"11,555",0,2025-08-02 14:55:41
3054,100241,2025-09-20,debit,"₹14,757",13159,2025-12-19 14:55:41
3055,100241,2025-01-04,debit,"12,722",437,2025-11-11 14:55:41
3056,100241,2025-07-05,,15679,437,2025-10-04 14:55:41
3057,100241,2025-12-17,credit,10452,,2025-09-13 14:55:41
3058,100241,2025-02-12,,15180,,2025-09-25 14:55:41
3059,100241,2025-10-12,debit,6066,4823,2025-09-30 14:55:41
3060,100241,2025-09-05,credit,"₹14,403",19226,2025-12-03 14:55:41
3061,100241,2025-05-01,debit,,0,2025-12-20 14:55:41
3062,100241,2025-08-21,credit,12112,11930,2025-11-07 14:55:41
3063,100241,2025-01-29,,19081,11930,2025-11-05 14:55:41
3064,100242,2025-10-02,,1158,39725,2026-01-02 14:55:41
3065,100242,2025-08-02,credit,677,40402,2025-12-31 14:55:41
3066,100242,2025-11-30,credit,1748,"42,150",2025-10-23 14:55:41
3067,100242,2025-11-16,credit,10621,"52,771",2025-12-10 14:55:41
3068,100242,2025-07-28,debit,17950,34821,2025-12-15 14:55:41
3069,100242,2025-05-06,debit,17024,17797,2025-11-08 14:55:41
3070,100242,2025-10-10,credit,"12,888",30685,2025-11-26 14:55:41
3071,100242,2025-11-30,,16519,30685,2025-12-18 14:55:41
3072,100242,2025-01-28,,346,30685,2025-11-17 14:55:41
3073,100242,2025-10-17,credit,1095,31780,2025-08-04 14:55:41
3074,100242,2025-01-02,,17687,31780,2025-08-26 14:55:41
3075,100242,2025-12-17,credit,15611,47391,2026-01-04 14:55:41
3076,100242,2025-13-40,,"18,368","₹47,391",2025-08-23 14:55:41
3077,100242,2025-08-23,debit,,38577,2025-08-09 14:55:41
3078,100242,2025-03-03,,18072,38577,2025-09-01 14:55:41
3079,100242,2025-01-02,,9465,38577,2026-01-17 14:55:41
3080,100242,2025-06-27,debit,7530,31047,2025-10-15 14:55:41
3081,100243,2025-06-19,credit,"8,486",21841,2025-07-03 14:55:41
3082,100243,2025-07-06,credit,7024,28865,2025-12-26 14:55:41
3083,100243,2025-07-04,,,28865,2025-09-13 14:55:41
3084,100243,2025-01-23,debit,12444,16421,2025-07-04 14:55:41
3085,100243,2025-07-29,,4964,16421,2025-11-21 14:55:41
3086,100243,2025-11-11,credit,--,17998,2025-10-13 14:55:41
3087,100243,2025-07-08,debit,"6,710",11288,2025-12-17 14:55:41
3088,100243,2025-04-17,,"₹9,934",11288,2025-11-22 14:55:41
3089,100244,2025-05-29,credit,14312,53231,2025-10-31 14:55:41
3090,100244,2025-06-12,,19735,53231,2026-01-09 14:55:41
3091,100244,2025-10-27,debit,3767,49464,2025-09-03 14:55:41
3092,100244,2025-13-40,,15893,49464,2025-11-28 14:55:41
3093,100244,2025-03-22,credit,8086,57550,2025-08-25 14:55:41
3094,100244,2025-03-17,debit,1087,,2025-07-02 14:55:41
3095,100244,2025-10-08,debit,12636,43827,2026-01-07 14:55:41
3096,100244,2025-08-27,debit,15818,28009,2025-10-18 14:55:41
3097,100244,2025-09-07,credit,17564,45573,2026-01-06 14:55:41
3098,100244,2025-01-17,credit,19231,64804,2025-12-23 14:55:41
3099,100244,2025-07-23,credit,90450,155254,2025-10-04 14:55:41
3100,100244,2025-07-27,debit,17481,137773,2025-08-31 14:55:41
3101,100244,19/07/2025,credit,651,138424,2025-09-05 14:55:41
3102,100244,2025-03-24,debit,19467,--,2025-10-13 14:55:41
3103,100244,2025-01-13,debit,18089,--,2025-07-31 14:55:41
3104,100244,2025-13-40,,"₹367,775",100868,2025-07-16 14:55:41
3105,100244,2025-10-08,debit,8669,92199,2025-11-09 14:55:41
3106,100245,2025-05-12,debit,10630,2978,2026-01-02 14:55:41
3107,100245,2025-04-22,credit,16726,19704,2025-10-28 14:55:41
3108,100245,2025-11-08,,15815,19704,2026-01-15 14:55:41
3109,100245,2025-04-20,debit,17371,2333,2025-09-27 14:55:41
3110,100245,2025-08-04,,"17,432","2,333",2025-10-28 14:55:41
3111,100245,2025-11-23,credit,7898,10231,2025-12-18 14:55:41
3112,100245,2025-12-10,debit,12904,0,2025-11-15 14:55:41
3113,100245,2025-02-27,debit,18046,0,2025-09-17 14:55:41
3114,100245,2025-03-12,credit,"17,497",0,2025-10-07 14:55:41
3115,100245,2025-01-08,credit,11080,"₹7,858",2025-07-23 14:55:41
3116,100245,2025-12-07,debit,"₹14,206",0,2025-11-11 14:55:41
3117,100245,2025-08-06,debit,--,0,2025-07-18 14:55:41
3118,100246,2025-08-11,,969,3862,2025-07-18 14:55:41
3119,100246,2025-05-01,,13541,3862,2025-09-02 14:55:41
3120,100246,2025-11-08,,12988,3862,2025-10-02 14:55:41
3121,100246,2025-08-01,debit,3046,816,2025-08-27 14:55:41
3122,100246,2025-04-14,debit,2795,0,2025-08-10 14:55:41
3123,100246,2025-11-29,debit,"1,230",0,2025-10-10 14:55:41
3124,100246,2025-01-20,,14419,0,2026-01-05 14:55:41
3125,100246,2025-08-10,debit,11852,0,2025-07-17 14:55:41
3126,100246,2025-01-29,credit,15750,₹689,2025-09-14 14:55:41
3127,100246,2025-12-01,,"5,320",N/A,2025-10-22 14:55:41
3128,100246,2025-10-10,,16795,N/A,2025-11-28 14:55:41
3129,100246,2025-07-31,debit,12439,₹0,2026-01-02 14:55:41
3130,100246,2025-13-40,,"13,438",0,2025-11-14 14:55:41
3131,100247,2025-01-19,credit,"₹13,541",37976,2025-11-16 14:55:41
3132,100247,23/10/2025,,10246,37976,2025-10-18 14:55:41
3133,100247,2025-06-14,credit,9520,"47,496",2026-01-14 14:55:41
3134,100247,2025-07-12,,N/A,47496,2025-07-17 14:55:41
3135,100247,2025-07-04,,18580,N/A,2025-12-31 14:55:41
3136,100247,2025-06-16,credit,17547,65043,2025-12-23 14:55:41
3137,100247,2025-05-22,,7769,65043,2025-09-13 14:55:41
3138,100247,2025-05-24,debit,9613,55430,2025-07-28 14:55:41
3139,100247,2025-08-09,debit,"9,452",45978,2025-12-15 14:55:41
3140,100248,2025-05-22,,15955,48144,2025-11-03 14:55:41
3141,100248,2025-01-07,debit,14967,"33,177",2025-09-26 14:55:41
3142,100248,2025-05-31,credit,16841,50018,2025-12-16 14:55:41
3143,100248,2025-08-06,debit,16778,"33,240",2025-07-05 14:55:41
3144,100248,2025-09-23,,63500,33240,2025-07-05 14:55:41
3145,100248,2025-09-29,,8753,33240,2025-08-04 14:55:41
3146,100248,2025-13-40,debit,6903,,2025-07-04 14:55:41
3147,100248,2025-12-01,credit,2530,28867,2025-09-24 14:55:41
3148,100248,2025-12-03,debit,10887,17980,2025-12-09 14:55:41
3149,100248,08/02/2025,,N/A,--,2025-09-09 14:55:41
3150,100248,2025-05-13,debit,16445,1535,2026-01-04 14:55:41
3151,100248,2025-07-10,credit,14747,"16,282",2025-12-15 14:55:41
3152,100248,2025-04-23,credit,14741,31023,2025-11-27 14:55:41
3153,100248,2025-06-22,debit,130250,0,2026-01-07 14:55:41
3154,100248,2025-11-16,,8117,0,2025-08-04 14:55:41
3155,100248,2025-10-30,,N/A,₹0,2025-10-17 14:55:41
3156,100248,2025-02-26,,19409,0,2025-08-25 14:55:41
3157,100249,2025-03-18,,785,27199,2025-10-29 14:55:41
3158,100249,2025-05-27,debit,18005,9194,2025-11-21 14:55:41
3159,100249,2025-04-16,credit,14813,24007,2025-09-13 14:55:41
3160,100249,2025-07-17,credit,14061,38068,2026-01-12 14:55:41
3161,100249,2025-01-24,credit,16541,54609,2025-09-06 14:55:41
3162,100249,2025-08-27,credit,363,54972,2026-01-04 14:55:41
3163,100249,2025-08-05,credit,"3,331",58303,2025-10-11 14:55:41
3164,100249,2025-04-18,credit,18428,--,2025-09-12 14:55:41
3165,100249,2025-07-18,credit,6065,82796,2025-07-10 14:55:41
3166,100249,2025-03-26,,8724,,2025-10-26 14:55:41
3167,100250,2025-02-20,debit,10023,39008,2025-08-26 14:55:41
3168,100250,2025-05-20,debit,19031,--,2025-11-27 14:55:41
3169,100250,2025-01-05,,4823,19977,2025-11-20 14:55:41
3170,100250,01/08/2025,,276475,"₹19,977",2025-10-20 14:55:41
3171,100250,2025-03-03,credit,6474,26451,2025-08-22 14:55:41
3172,100250,2025-05-24,,12431,26451,2025-09-22 14:55:41
3173,100250,2025-01-06,credit,11108,"37,559",2025-12-01 14:55:41
3174,100250,2025-07-11,debit,15063,22496,2025-10-08 14:55:41
3175,100250,2025-08-24,credit,4763,"27,259",2026-01-17 14:55:41
3176,100250,2025-06-17,,888,27259,2025-11-02 14:55:41
3177,100250,2025-08-08,,6288,27259,2025-10-13 14:55:41
3178,100251,2025-08-26,credit,615,--,2025-09-14 14:55:41
3179,100251,2025-02-06,,13892,16052,2025-10-19 14:55:41
3180,100251,04/09/2025,credit,"₹1,854",17906,2025-09-22 14:55:41
3181,100251,2025-10-24,credit,9020,26926,2025-09-26 14:55:41
3182,100251,2025-12-13,credit,3604,"30,530",2025-10-10 14:55:41
3183,100251,2025-10-10,debit,9084,"₹21,446",2025-09-09 14:55:41
3184,100251,2025-09-21,,16259,21446,2025-09-10 14:55:41
3185,100251,2025-04-22,debit,11610,9836,2025-12-03 14:55:41
3186,100251,11/05/2025,,6340,9836,2025-09-27 14:55:41
3187,100251,2025-06-17,debit,16194,₹0,2025-07-07 14:55:41
3188,100251,2025-04-22,debit,15021,0,2025-07-06 14:55:41
3189,100251,2025-02-04,debit,782,0,2025-10-31 14:55:41
3190,100251,2025-11-26,credit,8063,0,2025-12-06 14:55:41
3191,100251,2025-04-22,,3667,0,2025-11-21 14:55:41
3192,100251,2025-13-40,,2255,0,2026-01-12 14:55:41
3193,100252,26/01/2025,debit,14362,25575,2025-08-31 14:55:41
3194,100252,2025-02-21,,7498,25575,2025-07-21 14:55:41
3195,100252,2025-02-08,,5460,"25,575",2025-09-30 14:55:41
3196,100252,2025-01-27,,14052,25575,2025-12-28 14:55:41
3197,100252,2025-11-25,debit,12938,--,2025-12-07 14:55:41
3198,100252,2025-07-30,debit,"1,843",10794,2025-12-09 14:55:41
3199,100252,2025-12-15,credit,8554,19348,2025-07-22 14:55:41
3200,100252,27/05/2025,credit,N/A,20645,2025-10-04 14:55:41
3201,100252,2025-06-28,,--,20645,2025-09-20 14:55:41
3202,100252,28/11/2025,credit,9063,29708,2025-10-17 14:55:41
3203,100252,2025-10-22,credit,2911,32619,2025-08-11 14:55:41
3204,100252,2025-03-17,debit,16135,16484,2025-12-06 14:55:41
3205,100252,2025-03-31,credit,12009,28493,2025-12-25 14:55:41
3206,100252,2025-11-22,credit,4040,32533,2025-12-23 14:55:41
3207,100252,2025-07-10,credit,7104,39637,2025-12-08 14:55:41
3208,100252,2025-04-16,debit,12049,27588,2025-12-06 14:55:41
3209,100252,2025-03-19,,7420,"27,588",2025-10-20 14:55:41
3210,100252,2025-13-40,,14370,27588,2025-10-14 14:55:41
3211,100252,2025-08-05,,8687,27588,2025-10-31 14:55:41
3212,100253,2025-05-31,credit,15792,N/A,2025-09-06 14:55:41
3213,100253,2025-04-04,,,56972,2025-08-09 14:55:41
3214,100253,2025-09-18,debit,7329,49643,2025-12-14 14:55:41
3215,100253,2025-04-15,,2909,"49,643",2025-11-28 14:55:41
3216,100253,2025-11-23,debit,1001,"48,642",2025-11-05 14:55:41
3217,100253,2025-08-17,debit,11258,37384,2025-07-13 14:55:41
3218,100253,2025-05-03,debit,19536,17848,2025-10-24 14:55:41
3219,100253,2025-04-06,,19314,17848,2025-07-03 14:55:41
3220,100253,2025-12-05,,12990,17848,2025-08-05 14:55:41
3221,100253,2025-13-40,debit,--,8206,2025-12-09 14:55:41
3222,100254,29/07/2025,debit,"₹9,008",10383,2025-09-07 14:55:41
3223,100254,2025-02-09,,12523,10383,2025-08-17 14:55:41
3224,100254,2025-02-09,credit,12793,--,2025-10-12 14:55:41
3225,100254,2025-10-27,,12576,23176,2025-12-21 14:55:41
3226,100254,2025-05-07,debit,6447,16729,2025-10-03 14:55:41
3227,100254,2025-06-12,,1332,"₹16,729",2025-08-30 14:55:41
3228,100254,2025-11-12,,254,16729,2025-10-11 14:55:41
3229,100254,2025-09-27,credit,"3,206",19935,2025-11-26 14:55:41
3230,100254,2025-01-15,credit,13765,33700,2025-11-12 14:55:41
3231,100254,2025-05-21,credit,"₹16,189",49889,2025-07-20 14:55:41
3232,100254,2025-09-12,debit,7160,42729,2025-12-29 14:55:41
3233,100255,2025-05-01,,"9,933",20951,2025-10-25 14:55:41
3234,100255,2025-07-13,,8766,20951,2025-09-05 14:55:41
3235,100255,2025-08-31,debit,"15,360",5591,2025-12-08 14:55:41
3236,100255,2025-07-03,,"14,642",5591,2025-12-30 14:55:41
3237,100255,2025-03-01,debit,755,4836,2025-08-31 14:55:41
3238,100255,2025-02-11,,--,"4,836",2025-10-12 14:55:41
3239,100256,2025-07-23,credit,"₹18,328",30302,2026-01-13 14:55:41
3240,100256,2025-02-06,debit,N/A,10377,2025-12-05 14:55:41
3241,100256,2025-10-07,,789,--,2025-08-03 14:55:41
3242,100256,2025-02-17,,260350,10377,2025-07-21 14:55:41
3243,100256,2025-07-27,credit,15451,25828,2026-01-05 14:55:41
3244,100256,2025-10-21,,435,25828,2025-11-20 14:55:41
3245,100256,2025-04-17,debit,1092,"₹24,736",2026-01-08 14:55:41
3246,100256,2025-10-24,debit,12581,12155,2025-07-15 14:55:41
3247,100256,2025-02-22,credit,"7,452",19607,2025-08-20 14:55:41
3248,100256,2025-03-19,debit,203,19404,2025-10-02 14:55:41
3249,100256,2025-05-04,credit,18663,38067,2025-10-17 14:55:41
3250,100256,2025-04-14,credit,,"41,582",2025-11-02 14:55:41
3251,100256,2025-03-15,,"12,559",41582,2025-12-17 14:55:41
3252,100256,2025-07-06,credit,782,42364,2025-10-17 14:55:41
3253,100256,2025-12-13,,9717,"42,364",2025-07-06 14:55:41
3254,100256,2025-11-04,credit,"4,802",47166,2025-08-30 14:55:41
3255,100256,2025-01-05,debit,₹718,46448,2025-10-22 14:55:41
3256,100256,2025-10-25,credit,12975,59423,2025-12-24 14:55:41
3257,100256,2025-11-29,credit,4963,64386,2025-08-16 14:55:41
3258,100257,2025-10-04,,18487,--,2026-01-17 14:55:41
3259,100257,2025-10-13,debit,2832,26019,2025-09-15 14:55:41
3260,100257,2025-06-02,credit,"₹8,474",34493,2025-07-26 14:55:41
3261,100257,2025-08-14,debit,11246,,2025-08-27 14:55:41
3262,100257,2025-01-27,credit,805,24052,2025-10-01 14:55:41
3263,100257,2025-13-40,credit,14915,38967,2025-08-14 14:55:41
3264,100257,2025-13-40,credit,8754,47721,2025-09-26 14:55:41
3265,100257,2025-04-13,debit,₹397,47324,2025-10-17 14:55:41
3266,100257,2025-06-16,credit,2830,N/A,2026-01-10 14:55:41
3267,100257,2025-06-28,debit,2469,47685,2025-09-25 14:55:41
3268,100257,2025-06-30,,8987,47685,2025-08-14 14:55:41
3269,100257,2025-11-14,,3585,47685,2025-08-21 14:55:41
3270,100257,2025-12-06,debit,"₹14,423",33262,2025-10-11 14:55:41
3271,100257,2025-07-30,debit,12521,--,2025-08-28 14:55:41
3272,100257,2025-07-01,credit,2747,23488,2025-08-24 14:55:41
3273,100257,2025-03-22,debit,15552,--,2026-01-15 14:55:41
3274,100258,2025-06-22,credit,8420,50618,2025-11-15 14:55:41
3275,100258,2025-12-12,,17944,50618,2025-08-26 14:55:41
3276,100258,2025-09-29,credit,11632,62250,2025-10-23 14:55:41
3277,100258,2025-08-11,debit,7386,54864,2025-09-05 14:55:41
3278,100258,2025-02-24,,14315,"₹54,864",2026-01-01 14:55:41
3279,100258,2025-11-29,credit,769,55633,2025-10-19 14:55:41
3280,100258,2025-06-01,debit,11614,44019,2025-12-19 14:55:41
3281,100258,2025-05-08,,15096,44019,2025-07-24 14:55:41
3282,100258,2025-06-13,,12411,44019,2025-08-26 14:55:41
3283,100258,2025-07-30,credit,5576,49595,2026-01-07 14:55:41
3284,100258,2025-11-22,,2783,49595,2025-12-21 14:55:41
3285,100258,2025-05-17,credit,"7,853",57448,2025-12-10 14:55:41
3286,100258,2025-09-18,debit,12804,44644,2025-10-19 14:55:41
3287,100258,2025-11-19,credit,19304,63948,2025-09-30 14:55:41
3288,100258,2025-08-16,debit,7245,56703,2025-11-11 14:55:41
3289,100258,2025-02-09,credit,11487,68190,2025-10-04 14:55:41
3290,100259,2025-05-28,debit,--,36816,2025-07-09 14:55:41
3291,100259,2025-06-27,debit,4166,32650,2025-10-31 14:55:41
3292,100259,2025-04-11,credit,3401,--,2025-09-18 14:55:41
3293,100259,2025-01-11,credit,18072,54123,2025-12-17 14:55:41
3294,100259,2025-12-09,debit,15729,38394,2025-09-07 14:55:41
3295,100259,2025-01-26,,8870,38394,2025-11-06 14:55:41
3296,100259,2025-13-40,,6248,38394,2025-10-13 14:55:41
3297,100259,2025-10-08,debit,7328,31066,2025-12-25 14:55:41
3298,100260,2025-13-40,credit,19515,,2025-11-20 14:55:41
3299,100260,2025-11-26,,"₹7,731",50099,2025-08-22 14:55:41
3300,100260,2025-09-03,credit,18578,68677,2025-07-15 14:55:41
3301,100260,2025-03-10,,5487,"₹68,677",2025-10-21 14:55:41
3302,100260,2025-12-05,,6275,68677,2025-10-08 14:55:41
3303,100260,2025-13-40,credit,8015,76692,2025-10-06 14:55:41
3304,100260,2025-09-20,debit,"10,350",66342,2025-09-04 14:55:41
3305,100260,2025-01-03,debit,"1,192","65,150",2025-07-30 14:55:41
3306,100260,2025-11-10,,7454,65150,2026-01-03 14:55:41
3307,100260,2025-03-22,credit,14881,80031,2025-10-28 14:55:41
3308,100260,2025-08-05,,17127,--,2025-08-09 14:55:41
3309,100261,2025-12-15,credit,11362,18858,2026-01-04 14:55:41
3310,100261,2025-07-20,debit,18305,553,2025-11-08 14:55:41
3311,100261,2025-13-40,credit,"18,594","₹19,147",2025-12-08 14:55:41
3312,100261,2025-10-16,credit,13956,33103,2025-09-25 14:55:41
3313,100261,2025-13-40,debit,2501,30602,2025-10-05 14:55:41
3314,100261,2025-08-02,credit,11073,41675,2025-09-30 14:55:41
3315,100261,2025-09-01,debit,2639,39036,2025-10-06 14:55:41
3316,100261,2025-05-06,,8280,39036,2025-09-10 14:55:41
3317,100261,2025-04-25,debit,15989,23047,2025-08-14 14:55:41
3318,100261,2025-06-24,,7858,23047,2025-11-29 14:55:41
3319,100261,2025-06-10,,N/A,23047,2025-12-15 14:55:41
3320,100261,2025-06-17,credit,6177,"29,224",2025-09-17 14:55:41
3321,100261,2025-03-31,,11107,"29,224",2025-12-21 14:55:41
3322,100261,2025-05-01,debit,--,15556,2025-07-16 14:55:41
3323,100261,2025-06-06,credit,16284,31840,2026-01-15 14:55:41
3324,100261,2025-07-13,debit,"10,653",21187,2025-08-19 14:55:41
3325,100261,2025-01-03,debit,16663,4524,2026-01-09 14:55:41
3326,100261,2025-08-31,debit,19469,0,2025-09-25 14:55:41
3327,100262,2025-06-05,,"₹12,587","32,115",2025-09-13 14:55:41
3328,100262,2025-01-03,debit,13120,18995,2025-08-10 14:55:41
3329,100262,2025-05-27,credit,,20859,2025-12-19 14:55:41
3330,100262,2025-12-13,credit,"11,435","32,294",2025-11-03 14:55:41
3331,100262,2025-07-12,debit,19887,12407,2025-07-25 14:55:41
3332,100262,2025-07-19,,14996,12407,2025-10-11 14:55:41
3333,100262,2025-05-19,credit,N/A,26301,2025-10-30 14:55:41
3334,100262,2025-10-30,debit,19480,6821,2025-07-26 14:55:41
3335,100262,2025-08-28,debit,17158,0,2025-11-21 14:55:41
3336,100262,2025-09-28,debit,"₹8,722",₹0,2025-11-17 14:55:41
3337,100262,2025-11-11,credit,5597,0,2025-07-25 14:55:41
3338,100262,2025-04-22,credit,N/A,0,2025-09-27 14:55:41
3339,100262,2025-11-03,credit,1540,0,2025-09-15 14:55:41
3340,100262,2025-05-09,credit,12703,6332,2025-09-26 14:55:41
3341,100262,2025-11-29,,12333,6332,2025-09-16 14:55:41
3342,100263,2025-07-05,,6810,40728,2025-11-23 14:55:41
3343,100263,2025-10-30,debit,15655,"₹25,073",2025-08-16 14:55:41
3344,100263,2025-05-17,,983,25073,2025-11-26 14:55:41
3345,100263,2025-09-29,credit,12555,37628,2025-10-10 14:55:41
3346,100263,2025-05-20,,17269,37628,2025-09-07 14:55:41
3347,100263,2025-09-24,debit,"7,800","₹29,828",2025-10-27 14:55:41
3348,100263,2025-11-17,debit,1934,27894,2025-09-24 14:55:41
3349,100263,2025-06-04,debit,11458,"16,436",2025-09-22 14:55:41
3350,100263,2025-03-26,,"15,773","16,436",2025-08-14 14:55:41
3351,100263,2025-05-11,debit,438,15998,2025-10-29 14:55:41
3352,100263,2025-13-40,,"3,973",15998,2025-09-22 14:55:41
3353,100263,2025-08-30,debit,1163,14835,2025-08-10 14:55:41
3354,100263,2025-06-16,debit,15006,0,2025-07-04 14:55:41
3355,100263,2025-07-22,credit,3214,3043,2025-10-05 14:55:41
3356,100263,2025-09-29,debit,2493,550,2025-09-03 14:55:41
3357,100263,2025-13-40,credit,4866,5416,2025-11-01 14:55:41
3358,100263,2025-05-11,debit,13192,0,2025-11-21 14:55:41
3359,100263,2025-05-19,credit,8611,₹835,2025-10-12 14:55:41
3360,100263,2025-10-05,,1229,835,2025-09-10 14:55:41
3361,100263,2025-01-06,credit,"19,507",,2025-08-08 14:55:41
3362,100264,2025-08-04,,"1,492",41566,2025-10-29 14:55:41
3363,100264,2025-06-04,credit,"₹9,125",50691,2025-11-10 14:55:41
3364,100264,2025-03-17,debit,14065,36626,2025-07-15 14:55:41
3365,100264,2025-10-21,,6666,36626,2025-10-30 14:55:41
3366,100264,2025-01-12,credit,18268,54894,2025-07-18 14:55:41
3367,100264,2025-04-01,,12127,54894,2026-01-01 14:55:41
3368,100264,2025-09-08,credit,6117,61011,2025-10-15 14:55:41
3369,100264,2025-07-06,debit,"₹14,273","46,738",2025-09-01 14:55:41
3370,100264,2025-07-31,debit,5886,40852,2025-07-09 14:55:41
3371,100264,2025-03-31,,"₹16,916",40852,2025-11-24 14:55:41
3372,100264,2025-11-25,debit,6103,"₹34,749",2025-07-30 14:55:41
3373,100264,2025-11-29,credit,16469,51218,2025-09-10 14:55:41
3374,100264,2026-01-01,debit,11114,40104,2025-11-09 14:55:41
3375,100264,2025-09-16,,10597,40104,2026-01-04 14:55:41
3376,100264,2025-12-11,debit,9028,,2025-08-10 14:55:41
3377,100264,2025-02-26,credit,11628,--,2026-01-17 14:55:41
3378,100264,2025-06-12,,9141,42704,2025-07-07 14:55:41
3379,100264,2025-01-10,,"10,699",--,2025-07-08 14:55:41
3380,100265,2025-08-31,,16469,,2026-01-08 14:55:41
3381,100265,2025-05-21,,7054,,2025-10-25 14:55:41
3382,100265,2025-12-31,debit,11544,₹0,2025-08-15 14:55:41
3383,100265,2025-07-17,debit,14702,0,2025-08-22 14:55:41
3384,100265,2025-04-18,credit,1166,0,2025-09-26 14:55:41
3385,100265,2025-09-30,credit,"17,545",0,2025-09-09 14:55:41
3386,100265,2025-08-18,,6706,0,2025-08-09 14:55:41
3387,100265,2025-12-16,,9781,0,2025-11-04 14:55:41
3388,100265,04/08/2025,credit,10665,7264,2025-09-25 14:55:41
3389,100265,2025-10-02,,16832,"7,264",2026-01-09 14:55:41
3390,100265,2025-01-19,debit,11387,0,2025-08-21 14:55:41
3391,100265,2025-08-26,debit,7020,0,2025-09-13 14:55:41
3392,100265,2025-03-28,credit,5083,,2025-09-17 14:55:41
3393,100265,22/02/2025,,16052,0,2025-12-02 14:55:41
3394,100265,2025-04-12,debit,16200,0,2025-08-09 14:55:41
3395,100265,2025-03-07,debit,2905,0,2026-01-01 14:55:41
3396,100266,2025-10-22,credit,11556,58062,2025-08-31 14:55:41
3397,100266,18/12/2025,credit,574,58636,2025-12-03 14:55:41
3398,100266,2025-03-24,,1731,58636,2025-10-13 14:55:41
3399,100266,2025-05-19,credit,"1,434",60070,2025-12-24 14:55:41
3400,100266,2025-13-40,credit,4482,64552,2025-12-19 14:55:41
3401,100266,2025-01-26,debit,2208,62344,2025-08-12 14:55:41
3402,100266,2025-05-12,credit,"18,005",80349,2025-11-13 14:55:41
3403,100266,2025-10-01,,1723,80349,2025-11-09 14:55:41
3404,100266,2025-12-15,debit,11047,,2025-11-21 14:55:41
3405,100266,2025-04-27,debit,15311,53991,2025-09-14 14:55:41
3406,100266,2025-02-13,credit,19307,73298,2025-09-16 14:55:41
3407,100266,2025-10-05,,13379,"73,298",2025-11-24 14:55:41
3408,100266,2025-04-20,credit,,82140,2026-01-11 14:55:41
3409,100266,2025-08-29,debit,11260,70880,2025-11-04 14:55:41
3410,100266,2025-02-16,debit,7108,63772,2025-08-08 14:55:41
3411,100266,2025-04-10,debit,16811,46961,2025-07-26 14:55:41
3412,100266,2025-01-16,,1934,46961,2025-08-07 14:55:41
3413,100266,2025-01-08,,17092,--,2026-01-12 14:55:41
3414,100266,27/12/2025,credit,2168,49129,2025-12-25 14:55:41
3415,100266,2025-08-17,credit,"13,460","62,589",2025-08-02 14:55:41
3416,100267,01/05/2025,debit,--,24692,2025-12-19 14:55:41
3417,100267,2025-08-21,credit,13141,37833,2025-10-31 14:55:41
3418,100267,2025-09-01,credit,11666,49499,2025-09-20 14:55:41
3419,100267,2025-04-07,debit,5849,43650,2025-07-24 14:55:41
3420,100267,2025-09-05,credit,18961,"62,611",2025-07-30 14:55:41
3421,100267,2025-12-04,debit,,61424,2026-01-02 14:55:41
3422,100267,2025-11-28,credit,11706,73130,2025-08-09 14:55:41
3423,100267,2025-03-15,credit,2099,75229,2025-12-29 14:55:41
3424,100267,06/07/2025,,11490,75229,2025-11-04 14:55:41
3425,100267,2025-03-07,,19194,75229,2025-07-06 14:55:41
3426,100267,2025-06-15,,13589,N/A,2025-08-23 14:55:41
3427,100267,2025-06-30,credit,17304,92533,2025-10-27 14:55:41
3428,100267,2025-02-02,,17314,92533,2025-09-15 14:55:41
3429,100267,2025-12-27,debit,3283,89250,2025-11-04 14:55:41
3430,100267,2025-11-14,debit,"₹9,573","₹79,677",2025-07-15 14:55:41
3431,100267,2025-09-06,credit,19993,99670,2025-12-05 14:55:41
3432,100267,2025-10-30,credit,18434,118104,2025-11-26 14:55:41
3433,100267,2025-04-07,debit,17279,100825,2025-10-06 14:55:41
3434,100268,2025-02-24,,14694,17784,2025-07-18 14:55:41
3435,100268,2025-03-09,debit,13337,4447,2025-08-19 14:55:41
3436,100268,2025-09-03,debit,2564,"₹1,883",2025-10-26 14:55:41
3437,100268,2025-08-22,credit,"272,950",274833,2025-07-20 14:55:41
3438,100268,2025-01-24,debit,13831,"₹261,002",2025-11-15 14:55:41
3439,100269,2025-01-25,debit,N/A,11798,2025-12-16 14:55:41
3440,100269,2025-07-06,credit,9602,"₹21,400",2025-08-01 14:55:41
3441,100269,07/07/2025,credit,10332,31732,2025-11-11 14:55:41
3442,100269,2025-11-28,,"3,778",31732,2025-08-06 14:55:41
3443,100269,2025-02-11,,5751,31732,2025-11-14 14:55:41
3444,100269,2025-12-31,credit,3445,35177,2025-12-22 14:55:41
3445,100269,2025-07-18,,N/A,"35,177",2025-07-27 14:55:41
3446,100269,2025-05-20,debit,18875,"16,302",2025-07-08 14:55:41
3447,100269,2025-03-24,credit,18752,"35,054",2025-10-10 14:55:41
3448,100269,2025-06-02,credit,5264,40318,2025-08-07 14:55:41
3449,100269,2025-13-40,credit,--,57710,2025-10-04 14:55:41
3450,100269,2025-01-08,,467,"₹57,710",2025-08-29 14:55:41
3451,100269,2025-01-05,,207675,57710,2025-10-08 14:55:41
3452,100269,2025-13-40,,5451,"57,710",2025-11-30 14:55:41
3453,100269,2025-02-07,credit,17973,--,2025-07-20 14:55:41
3454,100269,2025-07-14,,13031,75683,2025-08-22 14:55:41
3455,100269,2025-02-01,debit,285,75398,2025-12-06 14:55:41
3456,100269,2025-12-23,,10300,75398,2025-07-05 14:55:41
3457,100269,2025-06-07,,5688,75398,2025-09-01 14:55:41
3458,100270,2025-06-16,debit,"₹3,098",38256,2025-10-17 14:55:41
3459,100270,2025-09-17,debit,"₹15,127",23129,2025-11-23 14:55:41
3460,100270,2025-11-09,credit,14443,37572,2025-10-16 14:55:41
3461,100270,2025-12-25,,"5,101",37572,2025-07-28 14:55:41
3462,100270,2025-11-10,debit,2313,--,2025-09-21 14:55:41
3463,100270,2025-09-19,,3341,"35,259",2025-08-13 14:55:41
3464,100270,2025-09-01,,5499,35259,2025-08-20 14:55:41
3465,100270,2025-01-24,,5911,35259,2025-09-01 14:55:41
3466,100270,11/09/2025,,6275,35259,2026-01-12 14:55:41
3467,100270,2025-09-13,debit,7091,28168,2025-08-02 14:55:41
3468,100270,2025-03-08,debit,11467,16701,2026-01-11 14:55:41
3469,100270,2025-10-09,debit,,2596,2025-12-20 14:55:41
3470,100270,2025-04-20,debit,N/A,0,2025-09-16 14:55:41
3471,100271,2025-06-27,credit,18948,28822,2025-11-10 14:55:41
3472,100271,2025-01-27,,11981,--,2025-09-17 14:55:41
3473,100271,2025-08-24,debit,8156,20666,2025-12-15 14:55:41
3474,100271,2025-11-06,credit,3296,23962,2025-11-10 14:55:41
3475,100271,2025-06-08,,2837,"₹23,962",2025-12-08 14:55:41
3476,100272,2025-09-03,debit,15164,22776,2025-07-09 14:55:41
3477,100272,2025-09-15,debit,12591,10185,2025-10-04 14:55:41
3478,100272,2025-07-17,,11999,10185,2025-09-17 14:55:41
3479,100272,2025-12-04,debit,10354,0,2025-10-22 14:55:41
3480,100272,2025-07-28,,8884,0,2025-08-21 14:55:41
3481,100272,2025-11-18,,"9,576",0,2026-01-08 14:55:41
3482,100272,2025-07-18,credit,6616,6447,2025-09-06 14:55:41
3483,100272,2025-07-22,,4152,6447,2025-10-26 14:55:41
3484,100272,26/03/2025,credit,"₹19,037",25484,2025-11-05 14:55:41
3485,100272,2025-12-09,,15281,,2025-12-21 14:55:41
3486,100272,2025-07-14,debit,15298,10186,2026-01-17 14:55:41
3487,100272,2025-09-25,debit,"19,979",0,2025-11-09 14:55:41
3488,100272,2025-11-07,credit,10219,426,2025-09-10 14:55:41
3489,100272,2025-07-21,,3171,426,2025-07-15 14:55:41
3490,100272,2025-12-13,credit,"17,883",18309,2025-12-31 14:55:41
3491,100273,2025-01-20,,N/A,,2025-10-28 14:55:41
3492,100273,2025-09-09,debit,2235,35752,2025-10-23 14:55:41
3493,100273,04/10/2025,debit,14075,"21,677",2025-09-07 14:55:41
3494,100273,2025-01-19,debit,17187,4490,2025-10-20 14:55:41
3495,100273,2025-06-08,credit,5804,10294,2025-11-27 14:55:41
3496,100273,2025-07-10,,17119,10294,2025-12-22 14:55:41
3497,100273,2025-04-03,,15444,10294,2025-09-08 14:55:41
3498,100273,2025-04-14,credit,--,26740,2026-01-09 14:55:41
3499,100273,2025-02-09,credit,316550,343290,2025-11-25 14:55:41
3500,100273,2025-12-16,debit,267,343023,2025-11-16 14:55:41
3501,100273,2025-07-24,debit,2619,340404,2026-01-08 14:55:41
3502,100273,2025-06-20,credit,3301,343705,2025-11-20 14:55:41
3503,100273,2025-02-19,debit,4482,339223,2025-07-11 14:55:41
3504,100273,2025-06-10,,"12,116","₹339,223",2025-11-16 14:55:41
3505,100273,2025-13-40,debit,5238,333985,2025-11-18 14:55:41
3506,100273,2025-07-28,credit,,337983,2025-08-16 14:55:41
3507,100273,2025-07-07,,"5,610",337983,2025-07-31 14:55:41
3508,100273,2025-06-22,debit,11921,"326,062",2025-08-28 14:55:41
3509,100273,2025-04-19,,18675,326062,2025-10-21 14:55:41
3510,100274,2025-04-18,credit,434750,"₹482,374",2026-01-17 14:55:41
3511,100274,2025-05-29,credit,10160,"₹492,534",2026-01-14 14:55:41
3512,100274,2025-12-15,debit,11570,480964,2025-08-05 14:55:41
3513,100274,2025-10-02,debit,19557,"₹461,407",2025-11-04 14:55:41
3514,100274,2025-05-11,credit,794,"₹462,201",2025-09-30 14:55:41
3515,100274,2025-08-30,credit,8269,470470,2025-12-25 14:55:41
3516,100274,2025-03-18,credit,"₹5,245",475715,2025-07-28 14:55:41
3517,100274,2025-03-04,debit,₹264,475451,2025-11-12 14:55:41
3518,100274,22/03/2025,credit,"₹9,612",485063,2026-01-11 14:55:41
3519,100274,09/03/2025,debit,--,--,2025-10-24 14:55:41
3520,100274,2025-10-29,debit,18785,448829,2025-10-12 14:55:41
3521,100274,2025-09-07,debit,6222,442607,2025-10-13 14:55:41
3522,100274,2025-10-04,,15086,"442,607",2025-08-29 14:55:41
3523,100274,2025-11-26,debit,1502,441105,2025-09-15 14:55:41
3524,100274,2025-03-05,,11156,"441,105",2025-07-02 14:55:41
3525,100274,2025-04-07,,4970,441105,2025-09-23 14:55:41
3526,100274,2025-04-05,,10054,441105,2025-12-06 14:55:41
3527,100274,2025-03-25,,7510,441105,2025-12-03 14:55:41
3528,100274,2025-04-23,debit,19906,"421,199",2025-07-21 14:55:41
3529,100274,2025-01-23,,3342,421199,2025-08-19 14:55:41
3530,100275,2025-07-19,debit,1061,24166,2025-07-23 14:55:41
3531,100275,2025-01-19,debit,13798,N/A,2025-09-22 14:55:41
3532,100275,2025-07-01,credit,11406,21774,2025-09-06 14:55:41
3533,100275,2025-11-27,,"12,167",,2025-11-16 14:55:41
3534,100275,2025-10-25,,8980,"21,774",2025-12-01 14:55:41
3535,100275,2025-09-03,credit,7572,,2025-10-02 14:55:41
3536,100275,2025-02-06,,14478,29346,2025-09-20 14:55:41
3537,100275,2025-06-30,credit,3410,32756,2026-01-07 14:55:41
3538,100275,2025-07-16,,"₹4,668",32756,2025-07-10 14:55:41
3539,100275,2025-03-09,,12290,32756,2025-12-20 14:55:41
3540,100275,2025-02-02,debit,--,"20,921",2025-10-05 14:55:41
3541,100275,2025-11-28,,1057,20921,2025-08-25 14:55:41
3542,100275,2025-09-06,credit,8338,29259,2025-07-07 14:55:41
3543,100276,2025-08-10,debit,9068,0,2025-11-22 14:55:41
3544,100276,2025-13-40,,7007,0,2025-12-18 14:55:41
3545,100276,2025-02-04,debit,13676,0,2025-11-17 14:55:41
3546,100276,2025-02-10,,6305,0,2025-09-26 14:55:41
3547,100276,2025-10-10,debit,2223,0,2025-10-04 14:55:41
3548,100276,2025-05-01,credit,15492,0,2025-12-31 14:55:41
3549,100276,2025-02-26,credit,9844,"2,906",2025-08-07 14:55:41
3550,100276,2025-03-08,credit,3885,,2025-11-13 14:55:41
3551,100276,2025-01-29,,2222,6791,2025-08-25 14:55:41
3552,100277,20/10/2025,,7015,19561,2025-12-30 14:55:41
3553,100277,22/01/2025,,,19561,2025-11-23 14:55:41
3554,100277,2025-09-26,,"15,132",19561,2025-10-18 14:55:41
3555,100277,2025-05-18,credit,8879,28440,2025-12-18 14:55:41
3556,100277,2025-03-10,debit,--,12704,2025-12-22 14:55:41
3557,100278,2025-02-11,,14435,8699,2025-08-13 14:55:41
3558,100278,2025-02-28,credit,13074,"21,773",2025-07-23 14:55:41
3559,100278,2025-04-07,debit,11595,10178,2025-12-01 14:55:41
3560,100278,2025-08-14,credit,10748,20926,2025-12-03 14:55:41
3561,100278,2025-01-12,,17159,20926,2025-10-28 14:55:41
3562,100278,2025-04-29,credit,13553,34479,2025-08-23 14:55:41
3563,100278,2025-02-09,,3423,"34,479",2025-08-14 14:55:41
3564,100278,2025-03-01,credit,"₹15,000","₹49,479",2025-08-06 14:55:41
3565,100279,2025-02-10,debit,19571,1476,2025-11-02 14:55:41
3566,100279,2025-01-24,credit,13476,14952,2025-08-10 14:55:41
3567,100279,2025-07-22,debit,9324,"5,628",2025-08-26 14:55:41
3568,100279,2025-03-12,,,5628,2025-08-12 14:55:41
3569,100279,2025-12-07,debit,"15,126",0,2025-11-14 14:55:41
3570,100279,16/09/2025,,"7,510",0,2025-07-06 14:55:41
3571,100279,2025-07-02,debit,19085,0,2025-07-20 14:55:41
3572,100279,2025-03-26,credit,2898,0,2025-12-19 14:55:41
3573,100279,2025-07-16,,13345,0,2025-07-03 14:55:41
3574,100279,2025-02-15,credit,18375,0,2025-08-03 14:55:41
3575,100279,2025-09-03,debit,16040,0,2025-11-26 14:55:41
3576,100279,2025-10-27,,11552,0,2025-07-18 14:55:41
3577,100279,2025-13-40,,1068,0,2025-11-23 14:55:41
3578,100279,2025-11-18,,6321,0,2025-10-15 14:55:41
3579,100279,02/06/2025,debit,2750,0,2025-10-03 14:55:41
3580,100279,2025-01-26,debit,621,0,2025-09-27 14:55:41
3581,100279,2025-10-26,credit,16739,0,2025-09-13 14:55:41
3582,100279,10/11/2025,credit,7966,0,2025-07-23 14:55:41
3583,100279,2025-03-03,debit,14468,0,2025-11-07 14:55:41
3584,100280,2025-11-26,credit,3647,26863,2025-12-03 14:55:41
3585,100280,2025-01-28,,17841,N/A,2025-11-24 14:55:41
3586,100280,2025-05-31,,14268,26863,2025-07-04 14:55:41
3587,100280,2025-02-09,debit,8337,18526,2025-12-14 14:55:41
3588,100280,24/09/2025,credit,5796,24322,2025-09-01 14:55:41
3589,100280,2025-01-03,credit,₹300,24622,2025-11-13 14:55:41
3590,100280,2025-07-28,credit,"19,771",44393,2025-10-19 14:55:41
3591,100280,2025-07-26,debit,2964,41429,2026-01-05 14:55:41
3592,100280,2025-10-31,debit,13263,"₹28,166",2025-09-20 14:55:41
3593,100280,2025-08-17,credit,14340,42506,2025-12-05 14:55:41
3594,100280,2025-01-11,,6100,42506,2025-12-12 14:55:41
3595,100280,2025-12-30,,19459,42506,2025-08-11 14:55:41
3596,100280,2025-04-23,credit,19368,61874,2026-01-07 14:55:41
3597,100280,2025-10-06,debit,"18,434",43440,2025-07-18 14:55:41
3598,100280,2025-12-10,,14656,"43,440",2026-01-02 14:55:41
3599,100280,2025-08-14,debit,7498,35942,2025-09-04 14:55:41
3600,100280,2025-12-02,debit,"6,089",29853,2025-09-15 14:55:41
3601,100280,2025-06-26,credit,6840,36693,2025-12-08 14:55:41
3602,100280,2025-08-08,debit,13413,23280,2025-10-13 14:55:41
3603,100280,2025-08-08,debit,16769,6511,2025-10-15 14:55:41
3604,100281,2025-03-09,,7360,37199,2025-11-02 14:55:41
3605,100281,2025-11-18,debit,782,N/A,2025-11-28 14:55:41
3606,100281,2025-07-14,debit,19948,16469,2026-01-06 14:55:41
3607,100281,2026-01-01,debit,N/A,5432,2025-10-21 14:55:41
3608,100281,2025-04-15,credit,15908,"₹21,340",2025-11-04 14:55:41
3609,100281,2025-12-24,debit,"17,120",4220,2025-11-21 14:55:41
3610,100281,2025-05-04,debit,10644,0,2025-10-21 14:55:41
3611,100281,2025-02-15,,7039,0,2025-07-20 14:55:41
3612,100281,2025-06-30,credit,15203,"₹8,779",2025-08-18 14:55:41
3613,100281,2025-12-12,credit,2018,,2025-07-03 14:55:41
3614,100281,14/06/2025,debit,12775,0,2025-10-10 14:55:41
3615,100281,2025-04-04,debit,15658,0,2025-11-21 14:55:41
3616,100281,2025-06-12,debit,13823,0,2025-12-08 14:55:41
3617,100281,2025-05-17,,8132,0,2025-07-27 14:55:41
3618,100281,2025-09-12,debit,6850,,2025-09-13 14:55:41
3619,100281,2025-02-15,,12581,0,2025-10-26 14:55:41
3620,100282,2025-06-19,,14179,45358,2025-09-17 14:55:41
3621,100282,2025-06-19,debit,204,45154,2025-12-19 14:55:41
3622,100282,2025-08-21,debit,413,44741,2025-08-05 14:55:41
3623,100282,2025-06-26,credit,18880,63621,2025-07-07 14:55:41
3624,100282,2025-12-13,debit,654,62967,2025-08-24 14:55:41
3625,100282,2025-08-19,debit,11931,51036,2026-01-05 14:55:41
3626,100282,2025-05-16,debit,1301,49735,2025-07-20 14:55:41
3627,100282,2025-11-10,,566,49735,2025-08-15 14:55:41
3628,100282,2025-08-18,credit,9131,58866,2025-09-07 14:55:41
3629,100282,2025-07-01,,17164,,2025-08-21 14:55:41
3630,100282,2025-12-07,debit,8066,--,2025-12-09 14:55:41
3631,100283,2025-01-05,debit,14103,21999,2025-08-28 14:55:41
3632,100283,2025-01-25,,14990,21999,2025-12-06 14:55:41
3633,100283,2025-08-28,credit,3851,25850,2025-10-22 14:55:41
3634,100283,2025-03-05,debit,5339,20511,2025-07-12 14:55:41
3635,100283,2025-09-12,credit,2266,22777,2025-12-18 14:55:41
3636,100283,2025-08-02,,4141,22777,2025-09-06 14:55:41
3637,100283,2025-11-27,,14342,22777,2025-12-02 14:55:41
3638,100283,2025-13-40,,6142,22777,2025-09-27 14:55:41
3639,100283,2025-12-19,debit,3558,19219,2025-09-22 14:55:41
3640,100283,2025-06-21,debit,--,1430,2026-01-03 14:55:41
3641,100283,2025-01-15,,"6,396",1430,2025-12-16 14:55:41
3642,100283,2025-09-03,credit,2345,3775,2025-08-28 14:55:41
3643,100283,2025-10-18,debit,2960,,2025-09-23 14:55:41
3644,100284,2025-11-08,credit,4032,48775,2025-08-29 14:55:41
3645,100284,2025-07-25,debit,5487,43288,2025-07-24 14:55:41
3646,100284,2025-04-01,,--,43288,2025-07-05 14:55:41
3647,100284,2025-13-40,debit,19183,24105,2025-09-19 14:55:41
3648,100284,2025-13-40,,398275,"₹24,105",2025-12-01 14:55:41
3649,100284,2025-05-18,credit,11005,N/A,2025-09-19 14:55:41
3650,100284,2025-09-22,,7751,35110,2025-07-30 14:55:41
3651,100284,2025-06-09,,"16,838",35110,2025-10-04 14:55:41
3652,100284,2025-04-10,,4774,"35,110",2025-08-22 14:55:41
3653,100284,2025-11-13,,"4,792",35110,2025-11-24 14:55:41
3654,100284,2025-11-20,debit,1842,--,2025-07-13 14:55:41
3655,100284,2025-09-04,credit,4088,--,2025-09-10 14:55:41
3656,100284,2025-11-03,credit,"3,635",40991,2025-08-11 14:55:41
3657,100284,2025-13-40,debit,14152,26839,2025-09-08 14:55:41
3658,100284,2025-05-03,credit,,37208,2025-07-23 14:55:41
3659,100284,2025-08-05,,755,37208,2025-11-24 14:55:41
3660,100284,2025-08-03,credit,N/A,49129,2025-10-21 14:55:41
3661,100284,2025-06-21,,4461,49129,2025-10-12 14:55:41
3662,100285,2025-02-05,credit,12628,53098,2026-01-13 14:55:41
3663,100285,2025-07-09,,10116,53098,2025-12-29 14:55:41
3664,100285,2025-13-40,credit,3719,56817,2025-10-03 14:55:41
3665,100285,2025-07-18,debit,7088,N/A,2025-08-15 14:55:41
3666,100285,2025-03-07,credit,297,50026,2025-08-09 14:55:41
3667,100285,2025-01-16,debit,7423,42603,2025-07-28 14:55:41
3668,100286,2025-11-03,debit,1615,19074,2025-12-24 14:55:41
3669,100286,2025-10-20,,7091,19074,2025-09-24 14:55:41
3670,100286,2025-12-12,debit,3468,N/A,2026-01-17 14:55:41
3671,100286,2025-11-27,,2611,,2025-07-28 14:55:41
3672,100286,2025-13-40,credit,16825,32431,2025-07-18 14:55:41
3673,100287,2025-05-15,credit,19530,60251,2025-12-12 14:55:41
3674,100287,2025-10-05,,10831,60251,2025-11-29 14:55:41
3675,100287,2025-04-21,debit,"15,649",44602,2025-10-05 14:55:41
3676,100287,2025-12-20,debit,17218,27384,2025-12-29 14:55:41
3677,100287,2025-05-13,credit,19615,"46,999",2025-12-30 14:55:41
3678,100287,2025-05-06,,,46999,2025-10-18 14:55:41
3679,100287,2025-12-04,credit,4629,"₹51,628",2025-08-21 14:55:41
3680,100287,17/06/2025,credit,10630,"₹62,258",2025-09-29 14:55:41
3681,100287,19/05/2025,credit,5291,67549,2025-09-25 14:55:41
3682,100287,2025-01-31,,"₹6,450",67549,2025-09-29 14:55:41
3683,100287,2025-02-20,debit,--,"50,470",2025-10-22 14:55:41
3684,100288,2025-07-31,credit,4516,49868,2025-12-26 14:55:41
3685,100288,2025-11-24,credit,--,,2025-10-02 14:55:41
3686,100288,2025-07-16,debit,12280,37848,2025-07-15 14:55:41
3687,100288,2025-13-40,debit,16745,21103,2025-09-10 14:55:41
3688,100288,2025-09-08,debit,19950,1153,2025-08-24 14:55:41
3689,100288,08/01/2025,debit,305800,0,2025-08-06 14:55:41
3690,100288,2025-10-07,credit,13217,0,2025-09-14 14:55:41
3691,100288,2025-05-28,credit,1851,0,2025-09-22 14:55:41
3692,100288,2025-10-22,,2955,0,2025-10-15 14:55:41
3693,100289,2025-05-08,,"10,601",17776,2025-07-03 14:55:41
3694,100289,2025-11-27,,"5,822",17776,2025-08-06 14:55:41
3695,100289,2025-03-31,debit,10500,7276,2025-08-10 14:55:41
3696,100289,2025-09-10,,3844,7276,2025-12-13 14:55:41
3697,100289,2025-04-28,credit,"₹7,365",,2025-12-20 14:55:41
3698,100289,2025-05-26,debit,N/A,4534,2025-07-28 14:55:41
3699,100289,2025-01-16,debit,11204,0,2026-01-11 14:55:41
3700,100289,2025-03-07,debit,1939,0,2025-08-21 14:55:41
3701,100289,2025-09-24,debit,6223,0,2025-11-24 14:55:41
3702,100289,2025-08-19,,14436,--,2025-10-06 14:55:41
3703,100289,2025-10-18,debit,"16,781",₹0,2025-09-12 14:55:41
3704,100289,2025-12-04,debit,"6,229",0,2026-01-15 14:55:41
3705,100289,2025-03-15,credit,12302,0,2025-07-06 14:55:41
3706,100289,2025-06-06,credit,7153,0,2025-08-11 14:55:41
3707,100289,2025-08-31,debit,10272,0,2025-09-05 14:55:41
3708,100289,25/10/2025,debit,"₹2,426",0,2025-08-21 14:55:41
3709,100289,2025-04-12,debit,4048,0,2025-11-01 14:55:41
3710,100289,2025-07-27,credit,10106,0,2025-08-22 14:55:41
3711,100290,2025-05-25,debit,18269,0,2025-09-22 14:55:41
3712,100290,2025-02-05,debit,17521,--,2025-11-12 14:55:41
3713,100290,2025-11-06,debit,5770,0,2025-09-30 14:55:41
3714,100290,2025-05-28,debit,17853,₹0,2025-12-29 14:55:41
3715,100290,2025-09-28,credit,16249,0,2025-10-03 14:55:41
3716,100290,2025-09-24,,"₹9,757",0,2025-08-08 14:55:41
3717,100290,2025-11-25,,17238,0,2025-10-24 14:55:41
3718,100290,22/11/2025,debit,11456,0,2025-07-17 14:55:41
3719,100290,16/08/2025,,2011,,2026-01-12 14:55:41
3720,100290,2025-04-12,credit,8791,0,2025-12-02 14:55:41
3721,100290,2025-10-12,debit,"₹12,714",0,2025-08-10 14:55:41
3722,100290,2025-02-24,debit,15572,--,2025-10-31 14:55:41
3723,100290,2025-05-20,credit,14544,--,2026-01-04 14:55:41
3724,100290,2025-01-03,debit,9786,0,2026-01-02 14:55:41
3725,100290,2025-12-19,credit,9328,0,2025-12-05 14:55:41
3726,100290,2025-01-30,,8019,0,2025-08-11 14:55:41
3727,100290,2025-04-03,credit,12471,0,2025-08-10 14:55:41
3728,100290,22/06/2025,,17234,0,2025-11-11 14:55:41
3729,100290,2025-01-15,credit,5791,0,2025-10-04 14:55:41
3730,100291,2025-13-40,credit,15478,22808,2025-10-05 14:55:41
3731,100291,2025-13-40,debit,11788,11020,2025-12-03 14:55:41
3732,100291,2025-01-25,debit,7310,3710,2025-08-27 14:55:41
3733,100291,2025-11-14,,11094,3710,2025-09-01 14:55:41
3734,100291,2025-01-18,credit,16130,19840,2025-09-24 14:55:41
3735,100291,2025-09-16,,"2,079",19840,2025-08-22 14:55:41
3736,100291,2025-04-18,,7491,19840,2025-11-09 14:55:41
3737,100291,2025-09-27,credit,13226,33066,2025-08-30 14:55:41
3738,100291,2025-01-19,debit,3792,29274,2025-10-26 14:55:41
3739,100291,2025-03-09,debit,19387,"9,887",2025-11-02 14:55:41
3740,100292,2025-07-18,,1340,"₹49,579",2025-09-30 14:55:41
3741,100292,2025-11-30,,"12,217",49579,2025-09-14 14:55:41
3742,100292,2025-01-18,credit,13780,63359,2025-12-05 14:55:41
3743,100292,2025-08-20,credit,9185,72544,2025-11-03 14:55:41
3744,100292,2025-07-03,credit,"2,986",75530,2025-12-03 14:55:41
3745,100292,2025-12-12,debit,16099,59431,2025-12-02 14:55:41
3746,100292,2026-01-01,credit,15080,74511,2025-07-06 14:55:41
3747,100293,2025-05-08,,8629,23816,2025-12-26 14:55:41
3748,100293,2025-07-12,,16078,23816,2025-09-06 14:55:41
3749,100293,2025-05-02,debit,14384,9432,2025-09-08 14:55:41
3750,100293,2025-04-11,debit,16952,0,2025-10-10 14:55:41
3751,100293,2025-13-40,debit,17162,0,2026-01-04 14:55:41
3752,100293,2025-04-07,credit,"16,077",0,2025-11-07 14:55:41
3753,100293,2025-01-04,,5291,0,2025-07-27 14:55:41
3754,100293,2025-08-31,debit,14931,0,2025-07-26 14:55:41
3755,100293,2025-12-28,,9320,0,2025-12-16 14:55:41
3756,100294,2025-10-22,,7221,--,2025-12-27 14:55:41
3757,100294,2025-11-13,debit,16660,"10,241",2025-08-20 14:55:41
3758,100294,2025-01-17,,,10241,2025-12-03 14:55:41
3759,100294,2025-05-19,debit,N/A,0,2025-11-19 14:55:41
3760,100294,2025-12-21,,16071,0,2025-12-11 14:55:41
3761,100294,20/02/2025,debit,19155,0,2025-12-24 14:55:41
3762,100294,2025-12-08,debit,11283,0,2025-12-04 14:55:41
3763,100294,2025-06-02,,10849,0,2025-07-13 14:55:41
3764,100294,27/08/2025,debit,5080,0,2025-07-27 14:55:41
3765,100294,2025-02-14,credit,4610,0,2025-12-26 14:55:41
3766,100294,2025-07-25,debit,12158,0,2025-09-09 14:55:41
3767,100294,2025-02-03,debit,15211,0,2025-07-09 14:55:41
3768,100295,2025-10-28,debit,N/A,14528,2025-07-20 14:55:41
3769,100295,2025-06-28,,3612,14528,2025-07-27 14:55:41
3770,100295,2025-03-22,debit,--,10934,2025-11-09 14:55:41
3771,100295,2025-05-21,credit,6134,"₹17,068",2025-07-18 14:55:41
3772,100295,2025-09-04,credit,17016,34084,2025-11-13 14:55:41
3773,100295,2025-02-24,debit,10904,23180,2025-08-27 14:55:41
3774,100295,18/09/2025,,,23180,2025-10-27 14:55:41
3775,100295,2025-04-23,debit,14175,9005,2025-09-27 14:55:41
3776,100295,2025-11-07,,2313,N/A,2025-09-25 14:55:41
3777,100295,2025-12-27,debit,8735,270,2025-12-06 14:55:41
3778,100295,2025-02-26,debit,13640,₹0,2025-09-01 14:55:41
3779,100295,2025-11-28,,8546,0,2025-10-21 14:55:41
3780,100295,2025-12-13,,13884,0,2025-12-27 14:55:41
3781,100295,02/04/2025,debit,N/A,0,2025-10-23 14:55:41
3782,100295,2025-04-23,,14408,0,2025-09-29 14:55:41
3783,100295,2025-01-07,debit,,0,2025-11-18 14:55:41
3784,100295,2025-02-11,credit,16523,0,2025-11-17 14:55:41
3785,100296,2025-08-22,,"19,690",8079,2025-08-18 14:55:41
3786,100296,2025-03-15,credit,9140,"17,219",2025-12-21 14:55:41
3787,100296,2025-13-40,,15019,17219,2025-11-12 14:55:41
3788,100296,2025-03-02,,4912,17219,2026-01-17 14:55:41
3789,100296,2025-02-23,debit,3876,13343,2025-11-20 14:55:41
3790,100296,2025-08-28,credit,12607,25950,2025-08-22 14:55:41
3791,100296,14/05/2025,credit,11858,37808,2025-07-14 14:55:41
3792,100296,2025-09-19,debit,10755,"₹27,053",2025-08-12 14:55:41
3793,100296,2025-08-08,debit,16968,10085,2025-07-27 14:55:41
3794,100296,2025-11-14,,3741,10085,2025-09-08 14:55:41
3795,100297,22/06/2025,,9039,10290,2025-12-24 14:55:41
3796,100297,2025-03-02,debit,12354,0,2025-11-29 14:55:41
3797,100297,2025-07-10,credit,14126,12062,2025-11-11 14:55:41
3798,100297,2025-05-02,credit,19000,31062,2025-12-17 14:55:41
3799,100297,2025-04-16,,"10,004",31062,2025-12-30 14:55:41
3800,100297,2025-06-09,,1287,31062,2025-10-17 14:55:41
3801,100297,2025-01-18,debit,940,30122,2025-09-20 14:55:41
3802,100297,2025-01-12,credit,12264,42386,2026-01-05 14:55:41
3803,100297,2025-12-05,debit,18888,23498,2025-10-08 14:55:41
3804,100298,2025-11-16,debit,957,6495,2025-12-22 14:55:41
3805,100298,2025-01-23,debit,"4,077",--,2026-01-04 14:55:41
3806,100298,13/06/2025,credit,"7,101",9519,2025-07-13 14:55:41
3807,100298,2025-08-15,debit,14806,0,2025-11-17 14:55:41
3808,100298,2025-04-08,,1114,0,2025-10-29 14:55:41
3809,100298,2025-10-07,debit,9491,0,2025-08-08 14:55:41
3810,100298,2025-06-08,,13778,0,2026-01-04 14:55:41
3811,100298,2025-06-01,credit,7030,0,2025-08-01 14:55:41
3812,100298,2025-05-16,,1544,0,2025-12-18 14:55:41
3813,100298,2025-12-17,debit,6571,0,2026-01-07 14:55:41
3814,100298,28/12/2025,debit,3838,0,2025-12-08 14:55:41
3815,100298,2025-07-17,,752,0,2025-10-13 14:55:41
3816,100298,2025-11-23,,"17,273",0,2026-01-02 14:55:41
3817,100298,2025-05-02,,18455,,2025-07-29 14:55:41
3818,100298,2025-12-11,debit,14936,0,2026-01-01 14:55:41
3819,100298,2025-11-08,,6401,N/A,2025-08-19 14:55:41
3820,100299,2025-06-07,credit,5338,"₹16,990",2025-09-18 14:55:41
3821,100299,2025-11-16,credit,8763,"25,753",2025-07-29 14:55:41
3822,100299,2025-13-40,credit,17278,43031,2025-12-26 14:55:41
3823,100299,2025-09-05,credit,7414,50445,2025-11-23 14:55:41
3824,100299,2025-06-02,,1919,50445,2025-07-21 14:55:41
3825,100299,2025-10-14,debit,18151,"32,294",2025-12-20 14:55:41
3826,100299,2025-13-40,,12132,32294,2025-12-12 14:55:41
3827,100299,2025-05-20,credit,12207,44501,2025-11-30 14:55:41
3828,100299,2025-03-30,credit,15013,59514,2025-08-10 14:55:41
3829,100299,30/09/2025,credit,19014,"78,528",2025-07-16 14:55:41
3830,100299,2025-11-25,debit,"4,500",74028,2025-09-23 14:55:41
3831,100299,25/06/2025,debit,10906,63122,2025-08-06 14:55:41
3832,100299,2025-11-08,debit,"7,132",55990,2025-09-30 14:55:41
3833,100299,2025-10-01,,--,--,2025-11-24 14:55:41
3834,100299,2025-10-24,,11590,55990,2025-10-08 14:55:41
3835,100299,2025-10-25,credit,19792,75782,2025-11-01 14:55:41
3836,100299,2025-02-09,debit,16533,59249,2025-07-07 14:55:41
3837,100300,2025-08-03,debit,16847,7015,2025-10-18 14:55:41
3838,100300,2025-06-16,,"16,474",7015,2026-01-04 14:55:41
3839,100300,2025-11-04,,19240,"7,015",2026-01-16 14:55:41
3840,100300,2025-03-13,debit,"13,727",0,2025-08-14 14:55:41
3841,100300,2025-07-03,credit,18073,,2025-08-10 14:55:41
3842,100300,2025-13-40,,"6,214",11361,2025-10-25 14:55:41
3843,100300,2025-11-20,,5533,--,2025-07-03 14:55:41
3844,100300,2025-10-16,credit,5919,17280,2025-12-14 14:55:41
3845,100300,2025-07-14,credit,"10,822",28102,2025-09-19 14:55:41
3846,100300,2025-06-12,,3396,28102,2025-08-17 14:55:41
3847,100301,2025-11-21,credit,11062,26716,2025-08-13 14:55:41
3848,100301,2025-02-05,debit,19545,7171,2025-10-23 14:55:41
3849,100301,2025-10-10,,15715,"7,171",2026-01-01 14:55:41
3850,100301,2025-09-13,,10093,"₹7,171",2025-08-15 14:55:41
3851,100301,2025-04-19,debit,1034,6137,2026-01-17 14:55:41
3852,100301,2025-13-40,,"₹12,963",6137,2026-01-02 14:55:41
3853,100301,2025-12-28,debit,16280,0,2025-08-17 14:55:41
3854,100301,2025-03-29,credit,--,0,2025-09-08 14:55:41
3855,100301,2025-11-19,debit,"10,703",0,2026-01-09 14:55:41
3856,100301,2025-06-10,credit,"₹11,163",0,2025-09-25 14:55:41
3857,100301,2025-01-03,debit,,0,2025-07-30 14:55:41
3858,100301,2025-05-23,credit,7122,0,2025-08-28 14:55:41
3859,100301,2025-11-05,debit,11997,0,2025-07-24 14:55:41
3860,100301,2025-11-15,credit,4671,0,2025-07-30 14:55:41
3861,100301,2025-11-04,credit,14452,0,2026-01-15 14:55:41
3862,100302,2025-02-10,,4705,24207,2025-07-02 14:55:41
3863,100302,2025-02-27,debit,15579,N/A,2025-08-08 14:55:41
3864,100302,2025-04-14,credit,15819,24447,2025-11-16 14:55:41
3865,100302,2025-09-01,,"17,525","24,447",2025-07-25 14:55:41
3866,100302,2025-12-16,credit,4131,28578,2025-12-08 14:55:41
3867,100302,2025-02-19,debit,"7,904","20,674",2025-07-07 14:55:41
3868,100302,2025-03-17,debit,16689,3985,2025-08-13 14:55:41
3869,100302,2025-09-21,,2447,"3,985",2025-12-12 14:55:41
3870,100302,2025-01-29,debit,9438,0,2025-09-14 14:55:41
3871,100302,2025-10-16,credit,13811,8358,2025-11-04 14:55:41
3872,100302,2025-12-10,debit,19572,N/A,2025-12-14 14:55:41
3873,100302,2025-02-20,debit,1632,0,2025-08-10 14:55:41
3874,100303,2025-09-11,,"9,236",33402,2025-07-12 14:55:41
3875,100303,2025-10-22,credit,11082,44484,2025-09-06 14:55:41
3876,100303,2025-07-30,,"5,550",44484,2025-07-25 14:55:41
3877,100303,04/08/2025,,12259,44484,2025-08-08 14:55:41
3878,100303,2025-03-27,credit,"₹17,047","61,531",2025-08-02 14:55:41
3879,100303,2025-05-27,,11270,61531,2025-07-23 14:55:41
3880,100303,2025-06-21,credit,3490,65021,2025-08-22 14:55:41
3881,100303,2025-10-31,credit,18662,83683,2025-11-13 14:55:41
3882,100303,2025-12-10,,19334,83683,2025-08-02 14:55:41
3883,100303,2025-01-30,debit,16239,67444,2025-10-17 14:55:41
3884,100303,2025-10-20,debit,485700,₹0,2025-11-12 14:55:41
3885,100303,2025-12-23,debit,"16,092",0,2025-07-21 14:55:41
3886,100304,2025-07-15,debit,762,19767,2025-09-18 14:55:41
3887,100304,2025-06-01,credit,2704,22471,2025-09-12 14:55:41
3888,100304,2025-09-28,credit,7233,29704,2025-07-13 14:55:41
3889,100304,2025-07-06,debit,"₹5,167",24537,2026-01-17 14:55:41
3890,100304,2025-09-28,,"7,099","₹24,537",2025-09-23 14:55:41
3891,100304,24/01/2025,debit,9949,14588,2025-07-29 14:55:41
3892,100304,2025-08-09,credit,5482,20070,2025-09-14 14:55:41
3893,100304,2025-04-19,credit,12416,32486,2025-08-07 14:55:41
3894,100304,2025-07-03,,18093,32486,2025-12-26 14:55:41
3895,100304,2025-05-25,debit,3479,29007,2025-08-22 14:55:41
3896,100304,2025-12-31,,3258,29007,2025-08-27 14:55:41
3897,100304,2025-12-31,,,29007,2025-08-20 14:55:41
3898,100304,2025-06-14,debit,N/A,22645,2025-07-05 14:55:41
3899,100304,2025-03-08,,612,22645,2025-11-04 14:55:41
3900,100304,2025-04-12,,1246,22645,2025-11-21 14:55:41
3901,100304,2025-04-10,credit,4583,27228,2025-07-06 14:55:41
3902,100304,07/06/2025,debit,15932,11296,2025-12-14 14:55:41
3903,100305,2025-09-12,,17884,"24,973",2025-12-20 14:55:41
3904,100305,2025-09-16,,--,24973,2026-01-08 14:55:41
3905,100305,2025-10-21,,2726,"24,973",2025-08-26 14:55:41
3906,100305,2025-13-40,,11892,"24,973",2025-09-03 14:55:41
3907,100305,2025-07-11,debit,9924,15049,2025-12-16 14:55:41
3908,100305,2025-07-20,credit,,"26,373",2025-10-04 14:55:41
3909,100305,2025-06-29,debit,10431,15942,2025-11-09 14:55:41
3910,100305,2025-08-20,,3184,15942,2025-10-10 14:55:41
3911,100305,2025-01-26,credit,3711,N/A,2025-09-18 14:55:41
3912,100305,2025-06-20,credit,3259,22912,2025-07-08 14:55:41
3913,100306,2025-07-15,credit,7817,18924,2025-07-16 14:55:41
3914,100306,2025-12-14,debit,--,13479,2025-10-09 14:55:41
3915,100306,2025-12-28,,9328,13479,2025-10-19 14:55:41
3916,100306,2025-01-29,credit,12811,26290,2025-11-26 14:55:41
3917,100306,2025-05-12,debit,14098,--,2025-09-16 14:55:41
3918,100306,2025-09-11,debit,14624,0,2025-07-08 14:55:41
3919,100307,24/01/2025,debit,19774,26582,2025-09-03 14:55:41
3920,100307,2025-05-21,credit,16003,42585,2025-08-05 14:55:41
3921,100307,2025-09-20,,16119,"42,585",2025-10-22 14:55:41
3922,100307,2025-10-18,,"12,341",42585,2025-10-28 14:55:41
3923,100307,2025-04-05,debit,358,42227,2025-08-14 14:55:41
3924,100307,2025-02-02,,17392,42227,2025-07-18 14:55:41
3925,100307,2025-07-01,,7553,42227,2025-09-25 14:55:41
3926,100307,2026-01-01,debit,8717,33510,2026-01-03 14:55:41
3927,100307,2025-06-06,credit,12802,46312,2025-09-13 14:55:41
3928,100307,2025-09-29,debit,2222,44090,2025-09-16 14:55:41
3929,100308,2025-01-31,,"3,705",16241,2025-07-02 14:55:41
3930,100308,2025-11-02,debit,12426,3815,2025-12-08 14:55:41
3931,100308,2025-08-01,debit,2527,--,2025-11-23 14:55:41
3932,100308,2025-02-25,credit,476,1764,2025-08-06 14:55:41
3933,100308,2025-06-13,credit,18533,20297,2025-08-26 14:55:41
3934,100308,2025-07-13,credit,"7,450",27747,2025-12-21 14:55:41
3935,100308,2025-09-05,credit,18693,"46,440",2025-10-26 14:55:41
3936,100308,2025-01-09,debit,18821,27619,2025-08-19 14:55:41
3937,100308,2025-02-07,credit,N/A,42763,2026-01-10 14:55:41
3938,100308,2025-02-22,,8866,42763,2025-11-19 14:55:41
3939,100308,2025-11-24,credit,13836,56599,2025-10-04 14:55:41
3940,100308,2025-13-40,credit,731,57330,2026-01-04 14:55:41
3941,100308,2025-12-20,debit,2003,55327,2025-10-12 14:55:41
3942,100308,2025-13-40,,484,55327,2026-01-07 14:55:41
3943,100308,2025-02-02,credit,"₹87,100",142427,2025-10-08 14:55:41
3944,100309,2025-01-23,debit,"3,339",37903,2025-08-31 14:55:41
3945,100309,2025-07-14,,6620,37903,2025-09-28 14:55:41
3946,100309,2025-09-03,credit,"₹1,499","39,402",2025-07-03 14:55:41
3947,100309,2025-04-29,credit,--,57907,2025-08-19 14:55:41
3948,100309,2025-09-18,,12853,57907,2025-12-09 14:55:41
3949,100309,2025-05-11,debit,19699,38208,2025-12-08 14:55:41
3950,100309,2025-02-13,,4850,38208,2025-09-20 14:55:41
3951,100309,2025-11-14,debit,--,37944,2025-10-02 14:55:41
3952,100309,2025-07-12,credit,7643,45587,2025-12-17 14:55:41
3953,100309,2025-04-11,credit,278,45865,2026-01-14 14:55:41
3954,100309,2025-09-27,debit,14932,30933,2025-12-06 14:55:41
3955,100310,2025-01-07,debit,"6,599",30749,2026-01-09 14:55:41
3956,100310,2025-07-18,debit,13025,17724,2025-12-08 14:55:41
3957,100310,2025-12-31,,14426,"17,724",2026-01-07 14:55:41
3958,100310,2025-09-11,credit,13799,31523,2025-10-27 14:55:41
3959,100310,2025-05-17,,10183,31523,2025-08-08 14:55:41
3960,100310,2025-06-27,credit,8544,40067,2025-09-21 14:55:41
3961,100310,2025-03-17,credit,15549,55616,2025-11-04 14:55:41
3962,100310,2025-13-40,,9690,55616,2025-07-15 14:55:41
3963,100310,2025-01-16,credit,3480,59096,2025-08-26 14:55:41
3964,100310,2025-04-15,,18325,59096,2025-10-24 14:55:41
3965,100310,2025-04-23,debit,12900,46196,2025-07-14 14:55:41
3966,100310,2025-07-07,debit,12277,"33,919",2025-11-22 14:55:41
3967,100310,12/11/2025,,223,33919,2025-08-14 14:55:41
3968,100310,2025-07-08,,"15,172",33919,2025-12-28 14:55:41
3969,100310,2025-09-29,credit,12666,46585,2025-12-30 14:55:41
3970,100310,2025-10-08,debit,13471,33114,2025-08-07 14:55:41
3971,100310,09/07/2025,debit,4692,28422,2025-12-25 14:55:41
3972,100310,2025-11-27,,"8,877",28422,2026-01-14 14:55:41
3973,100310,2025-06-22,debit,18742,,2025-08-08 14:55:41
3974,100310,2025-07-16,credit,5605,15285,2025-12-26 14:55:41
3975,100311,2025-02-02,debit,11331,38598,2025-12-28 14:55:41
3976,100311,2025-05-18,credit,14351,"52,949",2025-11-13 14:55:41
3977,100311,2025-02-28,debit,6712,46237,2025-10-04 14:55:41
3978,100311,2025-12-30,,4602,46237,2025-10-18 14:55:41
3979,100311,2025-12-04,debit,8705,37532,2025-09-09 14:55:41
3980,100311,2025-09-06,credit,10200,47732,2025-12-03 14:55:41
3981,100311,2025-05-29,debit,"11,499",36233,2026-01-15 14:55:41
3982,100312,2025-02-27,debit,14798,0,2026-01-09 14:55:41
3983,100312,2025-08-15,,18104,0,2025-11-23 14:55:41
3984,100312,2025-06-24,credit,475,0,2025-11-28 14:55:41
3985,100312,2025-12-05,credit,12299,6738,2025-12-21 14:55:41
3986,100312,2025-07-04,credit,10405,"17,143",2025-12-24 14:55:41
3987,100312,2025-03-02,credit,14778,31921,2025-12-12 14:55:41
3988,100312,2025-10-17,,"5,978",31921,2025-09-13 14:55:41
3989,100312,2025-09-02,credit,15194,47115,2025-07-23 14:55:41
3990,100312,2025-12-16,,2946,47115,2025-07-03 14:55:41
3991,100312,2025-06-20,debit,5411,41704,2025-07-02 14:55:41
3992,100312,2025-03-06,debit,"2,901","₹38,803",2025-08-01 14:55:41
3993,100312,2025-12-28,debit,18496,20307,2025-10-08 14:55:41
3994,100312,2025-03-13,credit,19530,"39,837",2025-08-13 14:55:41
3995,100312,2025-12-18,,4408,39837,2025-08-26 14:55:41
3996,100312,2025-05-31,credit,13974,53811,2025-10-28 14:55:41
3997,100312,2025-13-40,,17957,53811,2025-09-07 14:55:41
3998,100312,2025-12-22,,520,--,2025-07-12 14:55:41
3999,100313,2025-03-17,,3115,12253,2025-09-27 14:55:41
4000,100313,2025-05-05,,"17,093",12253,2025-11-09 14:55:41
4001,100313,2025-04-13,credit,330,12583,2025-09-24 14:55:41
4002,100313,2025-08-30,debit,4168,8415,2025-10-21 14:55:41
4003,100313,2025-09-15,credit,3381,11796,2025-11-16 14:55:41
4004,100313,2025-04-12,credit,11095,22891,2026-01-03 14:55:41
4005,100313,2025-01-31,credit,11228,34119,2025-08-23 14:55:41
4006,100313,2025-07-03,credit,17095,51214,2025-08-13 14:55:41
4007,100313,2025-06-28,,7054,51214,2025-07-20 14:55:41
4008,100313,2025-04-04,,9113,51214,2025-09-08 14:55:41
4009,100313,2025-06-13,,"12,906",51214,2025-09-08 14:55:41
4010,100313,2025-07-19,,7301,51214,2025-08-06 14:55:41
4011,100313,2025-02-12,,3315,51214,2025-08-14 14:55:41
4012,100313,2025-11-07,credit,"3,356",54570,2025-10-17 14:55:41
4013,100313,2025-01-06,credit,16958,71528,2025-12-16 14:55:41
4014,100314,2025-11-03,credit,11137,32204,2025-10-06 14:55:41
4015,100314,2025-06-23,,2835,"32,204",2025-09-22 14:55:41
4016,100314,2025-10-20,credit,"₹3,991",36195,2025-09-30 14:55:41
4017,100314,2025-06-27,debit,8294,"27,901",2025-12-16 14:55:41
4018,100314,2025-08-07,,11261,--,2025-10-25 14:55:41
4019,100314,2025-12-22,credit,"13,746",41647,2025-11-19 14:55:41
4020,100314,2025-01-14,credit,"6,808",48455,2025-08-08 14:55:41
4021,100314,2025-08-15,debit,14809,33646,2025-09-02 14:55:41
4022,100314,2025-09-22,debit,7332,26314,2025-10-26 14:55:41
4023,100315,2025-05-25,credit,11713,43585,2025-10-12 14:55:41
4024,100315,2025-10-08,,13824,43585,2025-08-31 14:55:41
4025,100315,2025-05-18,debit,"15,906",--,2025-08-06 14:55:41
4026,100315,2025-12-24,,,27679,2025-12-14 14:55:41
4027,100315,2025-11-15,debit,14014,13665,2025-10-02 14:55:41
4028,100315,2025-11-21,credit,7943,21608,2025-09-23 14:55:41
4029,100315,2025-02-19,credit,18506,40114,2025-09-06 14:55:41
4030,100315,2025-12-28,credit,601,40715,2025-07-13 14:55:41
4031,100315,2025-04-05,debit,3914,36801,2026-01-04 14:55:41
4032,100315,2025-12-08,credit,14524,51325,2025-09-11 14:55:41
4033,100315,2025-09-02,,16853,51325,2025-11-01 14:55:41
4034,100315,2025-09-15,,16308,51325,2025-11-04 14:55:41
4035,100315,2025-02-15,debit,19913,31412,2025-08-20 14:55:41
4036,100315,2025-04-02,credit,"18,912",50324,2025-07-02 14:55:41
4037,100315,2025-04-16,credit,16360,66684,2025-08-01 14:55:41
4038,100315,2025-10-21,,"10,085",66684,2026-01-02 14:55:41
4039,100315,2025-01-27,debit,"4,781","61,903",2025-10-05 14:55:41
4040,100315,2025-02-19,credit,7277,69180,2025-11-15 14:55:41
4041,100315,2025-11-20,,"13,883",69180,2025-08-09 14:55:41
4042,100315,2025-03-27,,19552,69180,2025-09-26 14:55:41
4043,100316,2025-10-19,debit,--,32858,2025-11-02 14:55:41
4044,100316,2025-07-27,credit,9399,42257,2025-09-08 14:55:41
4045,100316,2025-12-18,debit,18500,23757,2026-01-01 14:55:41
4046,100316,2025-01-27,credit,17232,"40,989",2025-12-04 14:55:41
4047,100316,2025-12-14,debit,1248,39741,2025-11-15 14:55:41
4048,100316,2025-04-16,debit,5085,"₹34,656",2025-09-16 14:55:41
4049,100316,2025-07-22,credit,2652,37308,2025-07-14 14:55:41
4050,100316,2025-06-01,,4823,"37,308",2025-12-14 14:55:41
4051,100316,2025-05-18,,4570,37308,2026-01-12 14:55:41
4052,100317,2025-10-19,debit,"₹7,931",37886,2025-11-08 14:55:41
4053,100317,12/02/2025,,13954,37886,2025-09-16 14:55:41
4054,100317,2025-06-30,debit,1888,35998,2025-09-10 14:55:41
4055,100317,2025-04-21,debit,16961,19037,2025-12-17 14:55:41
4056,100317,2025-10-23,,18901,19037,2025-10-12 14:55:41
4057,100317,2025-09-03,credit,"16,238",35275,2025-07-03 14:55:41
4058,100317,2025-05-23,debit,11237,,2026-01-15 14:55:41
4059,100317,2025-10-08,debit,"16,607",7431,2025-10-22 14:55:41
4060,100317,2025-06-08,,19756,7431,2025-11-01 14:55:41
4061,100317,2025-09-20,debit,N/A,0,2025-12-06 14:55:41
4062,100317,2025-07-27,,15627,0,2025-09-14 14:55:41
4063,100317,2025-05-28,debit,16063,0,2025-11-12 14:55:41
4064,100317,2025-08-04,debit,6921,--,2025-09-22 14:55:41
4065,100317,2025-13-40,credit,4726,0,2025-07-07 14:55:41
4066,100317,2025-05-25,debit,12319,0,2025-12-10 14:55:41
4067,100317,2025-08-07,debit,6010,0,2025-08-28 14:55:41
4068,100317,2025-12-16,,"2,146",0,2025-07-18 14:55:41
4069,100317,2025-08-09,debit,3909,0,2025-09-17 14:55:41
4070,100317,2025-12-04,,7534,0,2025-09-05 14:55:41
4071,100317,2025-08-09,,16989,0,2025-10-21 14:55:41
4072,100318,2025-10-14,,"₹14,410",14788,2025-11-15 14:55:41
4073,100318,2025-09-10,,19965,14788,2025-07-14 14:55:41
4074,100318,2025-13-40,credit,"19,197",33985,2025-10-06 14:55:41
4075,100318,2025-04-12,credit,9680,43665,2025-10-08 14:55:41
4076,100318,2025-03-21,debit,"14,418",29247,2025-09-26 14:55:41
4077,100318,2025-13-40,debit,14720,"14,527",2025-08-15 14:55:41
4078,100318,2025-13-40,,14547,14527,2025-11-23 14:55:41
4079,100318,2025-04-22,,16122,14527,2026-01-03 14:55:41
4080,100318,2025-05-05,credit,9363,23890,2025-09-02 14:55:41
4081,100318,2025-11-08,credit,17780,"₹41,670",2025-10-07 14:55:41
4082,100318,2025-07-07,debit,6179,35491,2025-12-11 14:55:41
4083,100318,2025-12-06,,"17,350",35491,2025-11-20 14:55:41
4084,100318,2026-01-01,,,35491,2025-09-09 14:55:41
4085,100318,2025-13-40,,18826,35491,2025-07-25 14:55:41
4086,100318,2025-06-18,credit,8958,44449,2025-08-15 14:55:41
4087,100318,2025-05-21,credit,9607,54056,2025-10-09 14:55:41
4088,100318,2025-02-02,debit,16566,37490,2025-12-12 14:55:41
4089,100318,2025-13-40,debit,2971,,2025-09-12 14:55:41
4090,100318,2025-08-25,debit,2162,32357,2025-09-19 14:55:41
4091,100319,2025-10-17,credit,17813,64281,2025-10-13 14:55:41
4092,100319,2025-12-14,credit,4034,--,2026-01-08 14:55:41
4093,100319,2025-01-05,credit,1028,69343,2025-10-16 14:55:41
4094,100319,2025-06-28,,7377,"₹69,343",2025-10-28 14:55:41
4095,100319,2025-08-13,debit,"₹6,187",63156,2025-10-30 14:55:41
4096,100319,2025-02-13,credit,18937,82093,2025-11-25 14:55:41
4097,100319,2025-05-04,,2793,,2025-07-13 14:55:41
4098,100319,2025-08-12,,"12,302",82093,2025-12-20 14:55:41
4099,100319,2025-02-03,credit,17203,99296,2025-09-23 14:55:41
4100,100319,2025-01-14,,12512,"₹99,296",2025-12-15 14:55:41
4101,100319,2025-13-40,,19942,99296,2025-11-18 14:55:41
4102,100319,2025-11-26,credit,18304,117600,2026-01-04 14:55:41
4103,100319,2025-04-09,,"₹3,700",117600,2025-10-19 14:55:41
4104,100319,2025-09-29,,13996,117600,2026-01-14 14:55:41
4105,100319,2025-05-05,,14220,117600,2025-08-06 14:55:41
4106,100319,2025-01-28,,12414,"117,600",2025-12-09 14:55:41
4107,100319,2025-01-26,debit,13061,104539,2025-12-21 14:55:41
4108,100319,2025-02-20,credit,"7,447",111986,2026-01-03 14:55:41
4109,100320,2025-06-29,,882,2906,2025-09-15 14:55:41
4110,100320,2025-10-23,credit,15807,18713,2025-11-10 14:55:41
4111,100320,2025-03-20,,N/A,"18,713",2025-07-03 14:55:41
4112,100320,2025-07-19,credit,"₹19,614",38327,2025-07-06 14:55:41
4113,100320,2025-06-08,credit,8430,"46,757",2026-01-05 14:55:41
4114,100320,2025-11-29,debit,4579,42178,2025-11-22 14:55:41
4115,100320,2025-05-09,credit,17804,--,2025-07-05 14:55:41
4116,100320,2025-04-18,debit,N/A,47138,2025-12-09 14:55:41
4117,100320,2025-08-03,debit,13418,33720,2025-08-02 14:55:41
4118,100320,2025-10-12,credit,1228,34948,2025-07-22 14:55:41
4119,100320,2025-10-07,credit,10935,45883,2025-11-09 14:55:41
4120,100320,2025-10-07,,"₹11,112",45883,2025-07-19 14:55:41
4121,100320,2025-11-15,,3693,45883,2025-07-30 14:55:41
4122,100320,2025-11-22,credit,9865,55748,2025-12-20 14:55:41
4123,100320,2025-01-20,credit,13525,69273,2025-08-29 14:55:41
4124,100320,2025-06-11,,11096,69273,2025-09-12 14:55:41
4125,100321,2025-11-15,debit,19845,20770,2025-11-19 14:55:41
4126,100321,2025-10-16,credit,14220,34990,2025-08-05 14:55:41
4127,100321,2025-11-29,debit,3368,31622,2025-10-24 14:55:41
4128,100321,2025-02-01,,12456,"31,622",2025-07-28 14:55:41
4129,100321,2025-06-27,debit,3925,--,2025-09-18 14:55:41
4130,100321,2025-06-08,debit,19128,8569,2025-07-10 14:55:41
4131,100321,2025-07-15,credit,13546,22115,2025-09-06 14:55:41
4132,100321,2025-13-40,,6656,22115,2025-11-01 14:55:41
4133,100321,2025-08-19,debit,14846,7269,2025-10-02 14:55:41
4134,100321,2025-09-08,debit,13547,0,2025-09-10 14:55:41
4135,100321,2025-05-30,debit,"5,093",0,2025-12-29 14:55:41
4136,100321,2025-13-40,credit,9682,0,2025-11-14 14:55:41
4137,100321,2025-08-08,credit,14992,13303,2025-11-01 14:55:41
4138,100321,20/04/2025,credit,16330,"29,633",2025-08-14 14:55:41
4139,100321,2025-08-12,,3777,29633,2025-11-30 14:55:41
4140,100321,2025-09-24,debit,436,29197,2026-01-14 14:55:41
4141,100322,22/10/2025,debit,15991,0,2025-10-18 14:55:41
4142,100322,2025-10-27,,11968,0,2026-01-08 14:55:41
4143,100322,2025-08-29,credit,19689,11990,2025-11-17 14:55:41
4144,100322,2025-09-24,credit,12737,24727,2025-11-28 14:55:41
4145,100322,2025-01-13,,19996,24727,2025-11-14 14:55:41
4146,100322,2025-13-40,credit,424,25151,2025-08-13 14:55:41
4147,100322,2025-02-13,,"15,909",25151,2025-07-19 14:55:41
4148,100322,2025-08-23,credit,5650,30801,2025-11-11 14:55:41
4149,100322,2025-03-17,,12843,30801,2025-10-26 14:55:41
4150,100322,2025-03-27,debit,12194,18607,2025-11-25 14:55:41
4151,100322,2025-10-17,debit,6420,12187,2025-08-13 14:55:41
4152,100322,2025-06-02,credit,13989,"26,176",2025-07-21 14:55:41
4153,100322,2025-08-29,debit,562,25614,2025-10-10 14:55:41
4154,100322,2025-02-06,,3116,25614,2025-07-07 14:55:41
4155,100322,2025-07-05,debit,"5,879",19735,2025-12-02 14:55:41
4156,100322,2025-09-25,debit,6873,N/A,2025-10-28 14:55:41
4157,100322,2025-06-04,debit,--,0,2025-10-27 14:55:41
4158,100322,2025-05-20,,14788,--,2025-09-08 14:55:41
4159,100322,2025-11-14,,11115,0,2025-07-04 14:55:41
4160,100322,2025-04-19,credit,₹306,0,2025-07-22 14:55:41
4161,100323,2025-04-19,,8776,24359,2025-11-05 14:55:41
4162,100323,2025-06-20,debit,9654,14705,2025-11-27 14:55:41
4163,100323,2025-03-08,debit,5137,9568,2025-07-25 14:55:41
4164,100323,2025-06-24,credit,2299,11867,2026-01-12 14:55:41
4165,100323,2025-08-11,,19009,--,2025-09-19 14:55:41
4166,100323,2025-07-04,debit,"₹10,714",1153,2025-11-24 14:55:41
4167,100323,2025-03-26,credit,3561,4714,2025-10-03 14:55:41
4168,100323,2025-04-26,credit,6459,11173,2025-12-06 14:55:41
4169,100323,2025-04-30,,4560,11173,2025-09-18 14:55:41
4170,100323,2025-11-28,credit,8938,20111,2025-08-30 14:55:41
4171,100323,2025-01-18,credit,4284,--,2025-12-01 14:55:41
4172,100323,2025-04-01,,13085,24395,2025-11-29 14:55:41
4173,100323,2025-10-17,,6369,24395,2025-11-15 14:55:41
4174,100323,2025-12-28,,3483,24395,2025-07-15 14:55:41
4175,100323,2025-11-25,credit,N/A,,2025-07-28 14:55:41
4176,100323,2025-01-09,,17700,,2025-07-23 14:55:41
4177,100323,2025-09-12,,13044,341470,2025-08-25 14:55:41
4178,100323,2025-03-06,,18817,341470,2025-12-04 14:55:41
4179,100323,2025-12-05,credit,"19,815","361,285",2025-09-13 14:55:41
4180,100323,2025-06-18,,13190,361285,2025-12-06 14:55:41
4181,100324,2025-09-17,,13367,9556,2025-09-01 14:55:41
4182,100324,2025-05-19,credit,--,12036,2025-10-19 14:55:41
4183,100324,2025-02-14,debit,8492,3544,2025-11-04 14:55:41
4184,100324,2025-02-11,credit,11338,14882,2025-08-01 14:55:41
4185,100324,2025-08-26,debit,18984,0,2025-08-30 14:55:41
4186,100324,2025-08-21,,6394,0,2025-12-23 14:55:41
4187,100325,2025-03-28,,3523,22851,2025-12-13 14:55:41
4188,100325,2025-01-04,,"16,983",22851,2025-07-17 14:55:41
4189,100325,2025-11-14,,3982,,2026-01-02 14:55:41
4190,100325,2025-01-09,,2795,22851,2025-08-17 14:55:41
4191,100325,2025-04-24,debit,N/A,14307,2025-07-24 14:55:41
4192,100325,2025-04-24,,--,14307,2026-01-14 14:55:41
4193,100325,2025-03-07,debit,"1,057",13250,2025-07-29 14:55:41
4194,100325,2025-10-21,,13312,13250,2025-09-29 14:55:41
4195,100325,2025-04-02,credit,18825,--,2025-07-05 14:55:41
4196,100325,2025-03-05,debit,5428,26647,2025-08-15 14:55:41
4197,100325,2025-08-29,,701,26647,2025-07-26 14:55:41
4198,100325,2025-02-10,credit,15574,"42,221",2025-10-20 14:55:41
4199,100325,2025-05-04,debit,19813,22408,2025-07-06 14:55:41
4200,100326,2025-08-25,credit,"12,251",49318,2025-11-17 14:55:41
4201,100326,2025-01-05,credit,6306,55624,2025-11-14 14:55:41
4202,100326,2025-02-05,credit,"₹7,929",63553,2025-11-04 14:55:41
4203,100326,2025-12-22,debit,5373,58180,2026-01-13 14:55:41
4204,100326,2025-11-12,credit,6961,65141,2025-10-18 14:55:41
4205,100326,2025-11-25,debit,6622,"58,519",2025-10-02 14:55:41
4206,100326,2025-12-29,credit,10970,N/A,2025-12-14 14:55:41
4207,100326,2025-06-17,,7288,N/A,2025-09-25 14:55:41
4208,100326,2025-10-19,credit,8577,78066,2025-08-06 14:55:41
4209,100326,2025-04-02,credit,411475,489541,2025-12-12 14:55:41
4210,100326,2025-12-22,,"2,700",489541,2026-01-15 14:55:41
4211,100326,2025-08-21,debit,N/A,"488,865",2025-11-10 14:55:41
4212,100326,2025-05-11,credit,₹741,489606,2025-10-04 14:55:41
4213,100326,2025-03-28,debit,N/A,484400,2025-10-29 14:55:41
4214,100326,2025-04-15,debit,16139,468261,2025-08-02 14:55:41
4215,100326,2025-09-04,,6292,"468,261",2025-07-25 14:55:41
4216,100327,2025-13-40,,18580,"₹9,689",2025-09-24 14:55:41
4217,100327,2025-11-26,debit,16058,0,2025-12-24 14:55:41
4218,100327,2025-07-01,credit,10298,3929,2025-11-25 14:55:41
4219,100327,2025-10-27,debit,5122,N/A,2025-09-11 14:55:41
4220,100327,2025-06-11,,13437,0,2025-12-31 14:55:41
4221,100327,2025-13-40,,N/A,0,2025-08-17 14:55:41
4222,100327,2025-10-09,,"11,176",N/A,2025-07-04 14:55:41
4223,100327,2025-09-06,,"2,532",0,2025-12-13 14:55:41
4224,100327,2025-09-29,,12082,0,2025-12-13 14:55:41
4225,100327,2025-03-21,credit,N/A,14234,2025-12-10 14:55:41
4226,100327,2025-10-24,,11975,14234,2025-08-21 14:55:41
4227,100327,2025-08-30,credit,17929,32163,2025-09-27 14:55:41
4228,100328,2025-07-21,credit,N/A,35378,2025-10-05 14:55:41
4229,100328,2025-06-06,debit,8726,N/A,2025-12-09 14:55:41
4230,100328,2025-07-16,,2316,26652,2025-08-13 14:55:41
4231,100328,2025-13-40,,--,"26,652",2025-07-07 14:55:41
4232,100328,2025-05-21,credit,7358,34010,2025-07-08 14:55:41
4233,100328,2025-12-26,,14552,34010,2025-09-23 14:55:41
4234,100328,2025-05-25,,11333,34010,2025-08-19 14:55:41
4235,100328,2025-10-14,,395,34010,2025-12-20 14:55:41
4236,100328,2025-07-30,credit,12578,46588,2026-01-03 14:55:41
4237,100328,2025-09-28,debit,3957,"₹42,631",2025-11-28 14:55:41
4238,100329,2026-01-01,,9842,--,2025-07-15 14:55:41
4239,100329,2025-05-19,credit,10892,43531,2025-09-29 14:55:41
4240,100329,2025-09-11,,"₹2,600",43531,2025-10-04 14:55:41
4241,100329,22/05/2025,debit,--,"39,845",2025-07-03 14:55:41
4242,100329,2025-04-03,,3509,39845,2025-07-26 14:55:41
4243,100329,2025-02-21,,12246,"39,845",2026-01-06 14:55:41
4244,100329,2025-07-10,credit,11270,--,2025-12-24 14:55:41
4245,100329,2025-01-26,,3925,51115,2025-09-13 14:55:41
4246,100329,2025-07-23,credit,4881,55996,2025-08-28 14:55:41
4247,100329,2025-08-29,,15269,N/A,2025-11-20 14:55:41
4248,100329,2025-12-10,debit,"1,697",54299,2025-09-18 14:55:41
4249,100329,2025-01-02,,18378,"54,299",2025-12-28 14:55:41
4250,100329,2025-09-20,credit,10392,64691,2025-11-08 14:55:41
4251,100329,2025-06-09,debit,18782,45909,2025-11-22 14:55:41
4252,100329,2025-13-40,credit,3196,49105,2025-10-17 14:55:41
4253,100330,14/11/2025,debit,N/A,"4,690",2025-10-10 14:55:41
4254,100330,2025-01-04,debit,3682,1008,2025-07-25 14:55:41
4255,100330,2025-03-12,,1214,1008,2025-12-30 14:55:41
4256,100330,2025-10-02,debit,"₹19,011",0,2025-10-26 14:55:41
4257,100330,2025-03-15,debit,--,0,2025-11-28 14:55:41
4258,100330,2025-07-27,credit,1038,0,2025-08-21 14:55:41
4259,100330,01/06/2025,credit,--,,2025-09-27 14:55:41
4260,100330,2025-07-20,debit,17469,0,2025-10-17 14:55:41
4261,100330,2025-10-23,credit,11531,0,2025-10-31 14:55:41
4262,100330,2025-07-08,,15161,0,2025-10-21 14:55:41
4263,100330,2025-12-22,debit,3504,0,2025-07-04 14:55:41
4264,100330,2025-02-28,credit,,0,2025-07-24 14:55:41
4265,100330,2025-09-28,,6483,0,2025-10-05 14:55:41
4266,100331,2025-06-27,debit,"13,996",0,2025-11-30 14:55:41
4267,100331,2025-11-08,,17018,0,2025-07-29 14:55:41
4268,100331,2025-12-21,,,0,2025-12-11 14:55:41
4269,100331,2025-11-06,,16452,₹0,2026-01-01 14:55:41
4270,100331,2025-04-24,,18030,0,2025-09-14 14:55:41
4271,100331,2025-08-05,debit,18358,0,2025-12-21 14:55:41
4272,100331,2025-01-23,debit,"14,377",0,2025-07-29 14:55:41
4273,100331,2025-11-04,credit,"₹10,846",0,2025-11-09 14:55:41
4274,100331,2025-07-23,,2428,0,2025-09-06 14:55:41
4275,100331,2025-05-18,,"₹17,920",0,2025-07-22 14:55:41
4276,100331,2025-08-17,,15765,0,2025-07-18 14:55:41
4277,100331,2025-10-21,,10002,0,2025-11-09 14:55:41
4278,100331,2025-11-21,,15343,0,2025-12-13 14:55:41
4279,100331,2025-13-40,debit,"15,676",0,2025-10-23 14:55:41
4280,100331,2025-08-10,credit,8900,0,2025-07-11 14:55:41
4281,100332,2025-09-23,,"₹12,258","₹29,960",2025-09-05 14:55:41
4282,100332,2025-08-14,debit,--,27116,2025-08-02 14:55:41
4283,100332,2025-13-40,credit,18291,45407,2025-10-30 14:55:41
4284,100332,2025-07-20,credit,10422,55829,2025-07-09 14:55:41
4285,100332,2025-07-31,,5526,,2025-10-31 14:55:41
4286,100332,2025-06-02,debit,13201,42628,2026-01-01 14:55:41
4287,100332,2025-01-23,,10747,"₹42,628",2025-07-18 14:55:41
4288,100332,2025-01-31,debit,18755,23873,2025-08-06 14:55:41
4289,100332,2025-13-40,,16615,23873,2025-09-20 14:55:41
4290,100332,2025-10-23,debit,"4,069",19804,2025-12-07 14:55:41
4291,100332,2025-12-22,debit,4557,15247,2026-01-11 14:55:41
4292,100332,2025-10-31,,"11,453",15247,2025-10-21 14:55:41
4293,100332,2025-07-16,,8006,15247,2025-09-28 14:55:41
4294,100332,2025-04-07,credit,5566,20813,2025-08-26 14:55:41
4295,100332,2025-06-15,credit,15256,36069,2026-01-10 14:55:41
4296,100332,2025-12-08,debit,156325,0,2025-08-15 14:55:41
4297,100332,2025-03-15,credit,15453,0,2025-11-09 14:55:41
4298,100333,2025-06-17,credit,6302,43038,2025-08-27 14:55:41
4299,100333,2025-10-10,,1355,43038,2025-10-21 14:55:41
4300,100333,2025-12-14,,14584,"43,038",2025-12-03 14:55:41
4301,100333,19/08/2025,,8132,43038,2025-10-17 14:55:41
4302,100333,2025-06-28,credit,6215,49253,2025-09-20 14:55:41
4303,100333,2025-07-22,credit,"8,706",57959,2025-09-27 14:55:41
4304,100333,2025-07-29,credit,19342,77301,2025-09-05 14:55:41
4305,100333,2025-04-03,debit,16140,61161,2025-09-10 14:55:41
4306,100333,2025-12-10,debit,14555,,2025-07-26 14:55:41
4307,100333,2025-12-08,debit,15622,30984,2025-11-11 14:55:41
4308,100333,2025-06-20,credit,17608,48592,2026-01-01 14:55:41
4309,100333,2025-02-07,,"₹7,849",48592,2026-01-05 14:55:41
4310,100333,2025-08-10,,16879,48592,2026-01-04 14:55:41
4311,100333,2025-02-23,debit,661,47931,2025-12-21 14:55:41
4312,100333,2025-12-20,debit,--,"35,621",2025-10-11 14:55:41
4313,100333,2025-07-12,debit,5252,30369,2025-11-28 14:55:41
4314,100333,2025-03-01,debit,"17,992",--,2025-07-18 14:55:41
4315,100334,2025-02-12,,"1,844",43762,2025-07-06 14:55:41
4316,100334,2025-05-12,debit,10523,33239,2025-08-05 14:55:41
4317,100334,2025-10-15,credit,"7,700",40939,2025-08-30 14:55:41
4318,100334,2025-11-22,credit,13827,54766,2025-08-20 14:55:41
4319,100334,2025-01-07,,9097,54766,2025-09-23 14:55:41
4320,100334,2025-09-20,debit,11174,N/A,2025-12-12 14:55:41
4321,100334,2025-06-04,debit,17410,26182,2025-10-12 14:55:41
4322,100334,2025-01-16,,N/A,26182,2025-10-01 14:55:41
4323,100334,2025-06-20,,17629,26182,2025-11-02 14:55:41
4324,100334,2025-05-06,credit,4863,31045,2025-12-04 14:55:41
4325,100334,2025-10-28,credit,18783,"49,828",2025-12-02 14:55:41
4326,100335,2025-12-03,credit,4737,28100,2025-10-26 14:55:41
4327,100335,2025-02-26,,--,"28,100",2025-09-24 14:55:41
4328,100335,2025-07-11,credit,1967,,2025-11-17 14:55:41
4329,100335,2025-08-27,,9602,30067,2025-11-09 14:55:41
4330,100335,2025-04-24,credit,2227,32294,2025-08-01 14:55:41
4331,100335,2025-05-13,credit,14833,"47,127",2025-10-22 14:55:41
4332,100335,2025-02-10,,14055,47127,2025-12-10 14:55:41
4333,100336,2025-03-12,,2819,7106,2025-11-28 14:55:41
4334,100336,2025-03-29,,6950,"₹7,106",2025-10-25 14:55:41
4335,100336,2025-12-07,debit,14963,0,2025-07-17 14:55:41
4336,100336,2025-11-29,credit,10034,2177,2025-10-26 14:55:41
4337,100336,2025-08-14,credit,"₹3,578",5755,2025-09-05 14:55:41
4338,100336,2025-04-19,credit,--,7314,2025-09-30 14:55:41
4339,100336,2025-13-40,debit,14205,,2025-08-24 14:55:41
4340,100336,2025-06-28,,11503,0,2025-09-18 14:55:41
4341,100336,2025-04-07,debit,2524,0,2025-08-30 14:55:41
4342,100336,2025-03-26,,18135,0,2025-07-19 14:55:41
4343,100336,2025-10-20,debit,1571,,2025-07-14 14:55:41
4344,100337,2025-07-28,,8952,37909,2025-08-22 14:55:41
4345,100337,2025-13-40,credit,2596,40505,2025-07-26 14:55:41
4346,100337,2025-13-40,credit,--,58320,2025-12-06 14:55:41
4347,100337,2025-10-29,credit,19069,77389,2025-11-04 14:55:41
4348,100337,2025-02-07,debit,"4,018",73371,2025-11-11 14:55:41
4349,100337,01/07/2025,,3464,"73,371",2025-10-27 14:55:41
4350,100337,2025-07-27,,17594,73371,2025-09-20 14:55:41
4351,100337,2025-13-40,credit,14117,--,2025-10-22 14:55:41
4352,100338,2025-08-27,credit,11651,20950,2025-08-15 14:55:41
4353,100338,2025-11-23,,10487,20950,2025-08-08 14:55:41
4354,100338,2025-13-40,debit,13691,7259,2026-01-13 14:55:41
4355,100338,2025-01-08,,3795,N/A,2025-09-14 14:55:41
4356,100338,2025-01-10,debit,--,₹0,2025-08-01 14:55:41
4357,100338,2025-12-21,credit,7513,6700,2025-11-25 14:55:41
4358,100338,2025-05-19,debit,1655,5045,2025-10-02 14:55:41
4359,100338,2025-08-13,credit,,6631,2025-12-17 14:55:41
4360,100338,2025-07-16,credit,8986,15617,2025-11-01 14:55:41
4361,100338,24/10/2025,credit,9544,25161,2025-11-21 14:55:41
4362,100338,2025-06-14,,11591,"25,161",2025-09-12 14:55:41
4363,100339,2025-02-21,,7146,22528,2025-11-29 14:55:41
4364,100339,2025-12-08,,17812,,2025-07-31 14:55:41
4365,100339,2025-10-06,credit,8213,30741,2025-10-30 14:55:41
4366,100339,2025-04-27,credit,13403,"44,144",2025-09-25 14:55:41
4367,100339,2025-09-08,,1445,"44,144",2025-07-16 14:55:41
4368,100339,2025-09-08,credit,6224,50368,2025-12-06 14:55:41
4369,100339,2025-09-05,debit,10474,39894,2026-01-17 14:55:41
4370,100339,2025-01-13,debit,3995,35899,2025-10-06 14:55:41
4371,100339,2025-02-22,credit,18423,54322,2025-10-29 14:55:41
4372,100339,2025-06-06,credit,12030,66352,2025-07-25 14:55:41
4373,100339,2025-02-28,debit,19148,47204,2025-12-24 14:55:41
4374,100339,2025-07-27,credit,15760,62964,2025-11-08 14:55:41
4375,100339,2025-07-16,debit,5756,57208,2025-07-31 14:55:41
4376,100339,2025-06-26,,N/A,57208,2025-07-20 14:55:41
4377,100339,2025-08-25,debit,13494,43714,2026-01-07 14:55:41
4378,100339,2025-06-29,credit,9711,"53,425",2025-07-08 14:55:41
4379,100339,2025-13-40,,5560,53425,2025-11-05 14:55:41
4380,100339,27/10/2025,,6357,53425,2025-09-18 14:55:41
4381,100339,2025-09-10,debit,3273,"50,152",2025-11-22 14:55:41
4382,100340,2025-06-14,debit,8775,12600,2026-01-13 14:55:41
4383,100340,2025-01-16,credit,"3,156",15756,2025-11-08 14:55:41
4384,100340,2025-10-30,credit,"8,564",24320,2025-07-04 14:55:41
4385,100340,2025-03-25,credit,11840,"36,160",2025-07-05 14:55:41
4386,100340,2025-03-18,debit,9656,26504,2025-09-07 14:55:41
4387,100340,2025-06-09,debit,"18,578",7926,2025-11-28 14:55:41
4388,100340,2025-07-24,debit,14720,0,2025-11-04 14:55:41
4389,100340,2025-12-20,credit,19967,13173,2025-11-21 14:55:41
4390,100340,2025-03-10,,"₹12,516",13173,2025-10-13 14:55:41
4391,100340,2025-02-07,credit,12553,25726,2025-08-25 14:55:41
4392,100340,2025-08-24,debit,1078,24648,2025-09-23 14:55:41
4393,100340,2025-06-02,,14100,24648,2025-09-21 14:55:41
4394,100340,2025-09-05,credit,16812,41460,2025-12-14 14:55:41
4395,100340,2025-05-09,debit,7900,33560,2025-12-25 14:55:41
4396,100340,2025-04-01,debit,16543,"17,017",2025-08-31 14:55:41
4397,100340,2025-07-09,debit,334825,0,2025-11-25 14:55:41
4398,100340,2025-05-09,credit,299,0,2025-08-10 14:55:41
4399,100340,2025-01-09,credit,5325,0,2025-10-08 14:55:41
4400,100340,2025-04-23,credit,16979,0,2025-08-21 14:55:41
4401,100340,2025-12-23,,"19,900",0,2025-10-21 14:55:41
4402,100341,2025-06-01,,2780,21090,2025-11-05 14:55:41
4403,100341,2025-07-24,debit,4264,16826,2025-10-29 14:55:41
4404,100341,2025-07-14,credit,8591,25417,2025-08-13 14:55:41
4405,100341,2025-08-03,credit,,38455,2025-07-31 14:55:41
4406,100341,2025-02-13,,"₹8,280",38455,2026-01-01 14:55:41
4407,100341,2025-11-15,credit,,55393,2025-08-24 14:55:41
4408,100341,2025-03-24,,"1,676",55393,2026-01-12 14:55:41
4409,100341,2025-02-11,credit,3628,59021,2025-10-30 14:55:41
4410,100341,2025-11-22,credit,"15,721",74742,2025-12-26 14:55:41
4411,100341,2025-06-27,debit,10031,64711,2025-10-22 14:55:41
4412,100341,2025-02-09,debit,"10,085",,2025-11-28 14:55:41
4413,100341,2025-05-01,,13702,"54,626",2025-11-11 14:55:41
4414,100342,2025-12-01,credit,"2,307",24086,2025-10-09 14:55:41
4415,100342,2025-11-12,debit,15924,8162,2025-10-22 14:55:41
4416,100342,2025-05-23,,14395,8162,2026-01-11 14:55:41
4417,100342,2025-12-10,debit,6633,1529,2025-10-13 14:55:41
4418,100342,2025-11-04,credit,19895,"21,424",2025-12-11 14:55:41
4419,100342,2025-02-14,credit,1331,--,2025-07-02 14:55:41
4420,100342,2025-05-02,,8892,22755,2025-12-08 14:55:41
4421,100342,2025-07-06,credit,3315,26070,2025-08-02 14:55:41
4422,100342,2025-07-21,credit,10614,36684,2025-12-18 14:55:41
4423,100342,2025-12-23,,5732,"₹36,684",2025-07-04 14:55:41
4424,100343,2025-03-31,credit,17632,46655,2025-10-16 14:55:41
4425,100343,2025-09-11,,3125,,2025-08-12 14:55:41
4426,100343,2025-02-19,debit,4808,41847,2025-10-26 14:55:41
4427,100343,2025-05-09,,"7,067",41847,2025-07-08 14:55:41
4428,100343,2025-08-25,,4698,41847,2025-07-18 14:55:41
4429,100344,2025-05-11,credit,8931,47582,2025-09-03 14:55:41
4430,100344,2025-10-04,credit,"₹2,740",50322,2025-12-24 14:55:41
4431,100344,2025-07-13,credit,19791,70113,2025-07-23 14:55:41
4432,100344,2025-12-05,,"₹14,591",70113,2025-12-13 14:55:41
4433,100344,2025-08-11,credit,15043,85156,2025-10-22 14:55:41
4434,100345,2025-03-12,,16097,23436,2025-09-20 14:55:41
4435,100345,2025-02-17,debit,14102,9334,2025-07-31 14:55:41
4436,100345,2025-07-18,,10742,9334,2025-11-02 14:55:41
4437,100345,2025-12-07,,7800,9334,2026-01-16 14:55:41
4438,100345,2025-12-01,,19981,9334,2025-12-18 14:55:41
4439,100345,2025-12-10,debit,1104,8230,2025-09-30 14:55:41
4440,100345,2025-04-07,credit,10055,"₹18,285",2025-11-05 14:55:41
4441,100345,2025-09-02,credit,9432,"₹27,717",2025-09-07 14:55:41
4442,100345,2025-12-18,,199700,27717,2025-08-27 14:55:41
4443,100345,2025-09-19,credit,898,28615,2025-12-02 14:55:41
4444,100345,2025-01-20,,,28615,2025-07-05 14:55:41
4445,100345,2025-11-23,debit,"8,694",--,2025-08-22 14:55:41
4446,100345,2025-10-26,credit,"5,689",25610,2025-08-17 14:55:41
4447,100345,2025-03-12,debit,15391,10219,2025-08-14 14:55:41
4448,100346,2025-03-29,debit,1312,13560,2025-09-20 14:55:41
4449,100346,2025-01-18,credit,7834,21394,2025-10-12 14:55:41
4450,100346,2025-03-18,debit,12692,8702,2025-08-23 14:55:41
4451,100346,2025-12-13,credit,17939,N/A,2025-09-09 14:55:41
4452,100346,2025-07-17,credit,905,27546,2025-11-07 14:55:41
4453,100346,2025-02-23,debit,3803,23743,2025-09-11 14:55:41
4454,100346,2025-05-09,debit,4323,19420,2025-12-11 14:55:41
4455,100346,2025-10-23,debit,16785,2635,2025-08-26 14:55:41
4456,100346,2025-12-20,debit,17926,0,2025-08-02 14:55:41
4457,100346,2025-10-19,,11333,0,2025-12-28 14:55:41
4458,100346,2025-06-05,debit,16475,0,2025-07-21 14:55:41
4459,100346,2025-01-26,credit,12209,0,2025-08-10 14:55:41
4460,100346,2025-04-03,credit,8906,0,2025-07-17 14:55:41
4461,100347,2025-05-08,credit,9115,"₹37,670",2025-12-11 14:55:41
4462,100347,2025-03-02,credit,17302,54972,2025-12-19 14:55:41
4463,100347,2025-12-31,debit,10857,44115,2025-10-01 14:55:41
4464,100347,2025-03-04,debit,7508,"36,607",2026-01-17 14:55:41
4465,100347,2025-10-19,,,36607,2025-12-02 14:55:41
4466,100347,2025-05-20,credit,5407,42014,2025-12-28 14:55:41
4467,100347,2025-11-09,,16619,42014,2026-01-01 14:55:41
4468,100347,2025-11-04,credit,11549,53563,2025-08-06 14:55:41
4469,100347,2025-05-20,debit,19941,"33,622",2025-08-13 14:55:41
4470,100347,2025-09-27,credit,"2,476",36098,2025-08-16 14:55:41
4471,100347,2025-13-40,credit,6447,--,2025-11-05 14:55:41
4472,100347,2025-12-26,credit,"1,778",,2025-09-29 14:55:41
4473,100347,2025-13-40,credit,"₹2,172",46495,2025-12-23 14:55:41
4474,100347,2025-06-17,,"5,515",46495,2025-08-22 14:55:41
4475,100347,2025-12-21,debit,N/A,28831,2025-10-11 14:55:41
4476,100347,2025-06-21,debit,18704,10127,2025-07-05 14:55:41
4477,100347,2025-09-23,,"17,041",10127,2025-10-13 14:55:41
4478,100347,2025-12-28,,"8,008",10127,2025-09-14 14:55:41
4479,100348,2025-08-06,credit,--,39802,2025-08-05 14:55:41
4480,100348,2025-13-40,,4011,39802,2025-08-31 14:55:41
4481,100348,2025-09-16,debit,10392,29410,2026-01-02 14:55:41
4482,100348,2025-12-05,credit,11511,"40,921",2025-11-02 14:55:41
4483,100348,2025-10-08,debit,14632,26289,2025-08-24 14:55:41
4484,100348,2025-11-13,credit,2386,28675,2026-01-12 14:55:41
4485,100348,2025-11-28,debit,10399,18276,2025-12-20 14:55:41
4486,100348,2025-13-40,,15166,18276,2025-07-29 14:55:41
4487,100349,2025-07-26,debit,11885,N/A,2025-11-17 14:55:41
4488,100349,2025-06-15,debit,"19,507",0,2025-12-22 14:55:41
4489,100349,2025-05-24,debit,2113,0,2025-08-11 14:55:41
4490,100349,2025-09-20,credit,3572,0,2025-12-05 14:55:41
4491,100349,2025-11-08,,,0,2025-09-25 14:55:41
4492,100349,2025-08-03,debit,11202,0,2025-11-30 14:55:41
4493,100349,2025-05-15,credit,15024,472,2025-08-29 14:55:41
4494,100349,2025-13-40,,4545,472,2025-11-21 14:55:41
4495,100349,2025-07-25,debit,10321,0,2025-10-14 14:55:41
4496,100349,2025-02-28,credit,11345,1496,2025-07-12 14:55:41
4497,100349,2025-08-25,debit,6534,0,2025-11-18 14:55:41
4498,100349,2025-10-17,credit,3829,0,2025-09-06 14:55:41
4499,100349,2025-02-03,debit,12782,0,2025-12-24 14:55:41
4500,100349,2025-10-11,,"17,026",0,2025-07-22 14:55:41
4501,100349,2025-06-22,debit,16235,0,2025-07-09 14:55:41
4502,100349,2025-04-03,credit,18049,0,2025-12-29 14:55:41
4503,100349,2025-02-08,,10165,0,2025-09-28 14:55:41
4504,100350,2025-06-27,credit,"₹13,666",24531,2025-10-31 14:55:41
4505,100350,2025-12-21,debit,8994,15537,2025-08-12 14:55:41
4506,100350,31/03/2025,credit,₹390,--,2025-09-24 14:55:41
4507,100350,2025-07-18,debit,7670,8257,2025-10-18 14:55:41
4508,100350,2025-11-04,,--,"8,257",2025-08-13 14:55:41
4509,100350,2025-01-06,,"19,153",8257,2026-01-05 14:55:41
4510,100350,2025-13-40,credit,3261,11518,2025-12-29 14:55:41
4511,100350,2025-03-01,credit,"8,798",20316,2025-08-21 14:55:41
4512,100350,2025-07-19,debit,17725,2591,2025-10-18 14:55:41
4513,100350,2025-12-19,,6150,2591,2025-12-02 14:55:41
4514,100350,2025-01-06,credit,N/A,13949,2026-01-12 14:55:41
4515,100350,2025-07-30,,14477,13949,2025-08-18 14:55:41
4516,100350,2025-10-12,,3477,13949,2025-10-22 14:55:41
4517,100350,2025-05-14,debit,8773,"5,176",2026-01-09 14:55:41
4518,100350,2025-05-17,,15453,"₹5,176",2025-07-19 14:55:41
4519,100350,2025-05-20,,18975,5176,2025-11-01 14:55:41
4520,100350,2025-12-08,debit,10370,--,2025-09-21 14:55:41
4521,100351,2025-03-10,debit,2017,"15,807",2025-09-03 14:55:41
4522,100351,2025-07-27,debit,13194,2613,2025-10-16 14:55:41
4523,100351,2025-11-24,credit,11179,13792,2026-01-15 14:55:41
4524,100351,2025-08-29,debit,7334,6458,2025-08-14 14:55:41
4525,100351,2025-04-21,debit,--,0,2025-11-24 14:55:41
4526,100351,2025-11-04,credit,19277,12417,2025-12-27 14:55:41
4527,100351,2025-13-40,,10700,12417,2025-10-23 14:55:41
4528,100352,2025-09-19,credit,"11,528",38166,2025-10-08 14:55:41
4529,100352,2025-11-22,debit,5476,32690,2025-09-21 14:55:41
4530,100352,2025-04-02,debit,7738,24952,2025-10-05 14:55:41
4531,100352,2025-06-30,credit,8999,"33,951",2025-10-11 14:55:41
4532,100352,06/05/2025,,8772,"33,951",2025-12-13 14:55:41
4533,100352,2025-11-13,,17279,33951,2026-01-04 14:55:41
4534,100353,2025-10-12,,17252,4664,2025-12-01 14:55:41
4535,100353,2025-01-22,credit,10317,14981,2026-01-06 14:55:41
4536,100353,16/12/2025,debit,17583,0,2025-11-04 14:55:41
4537,100353,2025-01-11,,434,0,2025-11-03 14:55:41
4538,100353,2025-07-30,credit,12171,9569,2025-11-23 14:55:41
4539,100353,2025-04-08,credit,4072,N/A,2025-10-10 14:55:41
4540,100353,25/04/2025,debit,2216,,2025-08-09 14:55:41
4541,100353,2025-09-22,credit,6212,17637,2025-07-08 14:55:41
4542,100353,2025-04-04,credit,11570,29207,2025-07-13 14:55:41
4543,100353,2025-10-11,debit,--,17480,2026-01-14 14:55:41
4544,100353,2025-09-26,credit,--,30518,2025-08-23 14:55:41
4545,100353,2025-10-25,credit,17635,48153,2025-08-22 14:55:41
4546,100354,2025-07-25,,11358,3040,2025-10-30 14:55:41
4547,100354,18/01/2025,debit,5923,0,2025-07-06 14:55:41
4548,100354,2025-13-40,,14787,0,2026-01-10 14:55:41
4549,100354,2025-12-05,,11653,0,2025-09-26 14:55:41
4550,100354,2025-04-28,,14711,0,2025-10-15 14:55:41
4551,100354,2025-06-29,,1010,0,2025-09-25 14:55:41
4552,100354,2025-11-22,credit,10302,7419,2025-07-08 14:55:41
4553,100354,2025-09-24,debit,16189,0,2025-10-07 14:55:41
4554,100355,2025-10-31,credit,6738,"16,506",2025-11-06 14:55:41
4555,100355,2025-06-08,,15852,16506,2025-08-22 14:55:41
4556,100355,2025-11-26,,3478,16506,2025-09-11 14:55:41
4557,100355,2025-08-29,debit,16267,239,2025-11-07 14:55:41
4558,100355,13/07/2025,debit,18412,₹0,2025-10-08 14:55:41
4559,100355,2025-12-29,credit,3293,0,2025-12-13 14:55:41
4560,100355,2025-09-12,credit,14299,0,2025-11-09 14:55:41
4561,100355,2025-04-16,credit,"₹10,838",--,2025-08-28 14:55:41
4562,100355,2025-13-40,credit,8979,"19,236",2025-12-15 14:55:41
4563,100355,2025-02-12,,15055,"19,236",2025-09-18 14:55:41
4564,100356,2025-05-22,credit,"6,387",--,2025-07-24 14:55:41
4565,100356,2025-05-16,debit,486,45438,2025-08-06 14:55:41
4566,100356,19/08/2025,debit,6526,--,2025-09-21 14:55:41
4567,100356,2025-03-31,debit,3741,35171,2025-08-10 14:55:41
4568,100356,2025-01-02,debit,"₹5,910",29261,2025-07-17 14:55:41
4569,100356,2025-11-29,debit,1034,28227,2025-07-08 14:55:41
4570,100356,2025-13-40,credit,19276,47503,2025-08-03 14:55:41
4571,100356,2025-13-40,,10757,47503,2025-11-07 14:55:41
4572,100357,2025-09-23,credit,13959,44498,2025-08-12 14:55:41
4573,100357,2025-02-26,,9811,44498,2025-10-21 14:55:41
4574,100357,2025-09-10,,5663,44498,2025-07-04 14:55:41
4575,100357,2025-03-09,credit,,61657,2025-09-19 14:55:41
4576,100357,2025-13-40,,15985,61657,2025-11-27 14:55:41
4577,100357,2025-03-18,credit,"₹6,130","₹67,787",2025-11-26 14:55:41
4578,100357,2025-06-14,,7312,"₹67,787",2025-12-12 14:55:41
4579,100357,2025-05-14,credit,8979,"76,766",2025-09-05 14:55:41
4580,100357,2025-12-09,credit,8532,85298,2025-07-30 14:55:41
4581,100358,2025-13-40,,10066,9316,2025-12-28 14:55:41
4582,100358,2025-12-30,credit,"₹16,879","₹26,195",2025-09-25 14:55:41
4583,100358,2025-12-22,debit,6051,20144,2025-12-15 14:55:41
4584,100358,2025-01-16,,1880,20144,2025-09-13 14:55:41
4585,100358,2025-05-12,credit,5937,26081,2025-11-14 14:55:41
4586,100358,07/07/2025,,1910,26081,2025-07-14 14:55:41
4587,100358,2025-01-28,debit,345,25736,2025-11-16 14:55:41
4588,100358,2025-12-08,debit,16026,9710,2025-12-25 14:55:41
4589,100358,2025-06-13,debit,7879,1831,2025-08-20 14:55:41
4590,100358,2025-04-06,credit,17703,19534,2026-01-03 14:55:41
4591,100358,2025-11-02,,9684,19534,2025-07-12 14:55:41
4592,100359,2025-12-14,credit,15319,"26,371",2025-08-13 14:55:41
4593,100359,2025-03-24,debit,4552,21819,2025-09-25 14:55:41
4594,100359,2025-02-11,debit,945,20874,2025-09-22 14:55:41
4595,100359,2025-09-04,credit,12270,33144,2025-07-24 14:55:41
4596,100359,2025-11-08,,18669,"₹33,144",2025-08-10 14:55:41
4597,100359,2026-01-01,,1914,33144,2025-12-14 14:55:41
4598,100359,2025-12-14,,263,33144,2025-09-17 14:55:41
4599,100359,2025-03-04,debit,"10,455",22689,2025-07-03 14:55:41
4600,100360,2025-07-10,debit,6943,6533,2025-07-19 14:55:41
4601,100360,2025-12-23,credit,9065,15598,2025-07-04 14:55:41
4602,100360,2025-09-14,,12159,"₹15,598",2025-08-21 14:55:41
4603,100360,2025-09-05,,"₹1,477",15598,2025-08-23 14:55:41
4604,100360,2025-07-23,credit,"19,138",34736,2025-09-22 14:55:41
4605,100361,2025-13-40,,2283,3641,2025-09-17 14:55:41
4606,100361,2025-11-30,debit,17822,0,2026-01-01 14:55:41
4607,100361,2025-06-30,credit,1585,0,2025-10-24 14:55:41
4608,100361,2025-04-29,credit,3557,₹0,2025-12-04 14:55:41
4609,100361,2025-01-10,credit,5487,0,2025-10-14 14:55:41
4610,100361,2025-12-19,debit,5706,0,2025-12-31 14:55:41
4611,100361,2025-12-26,debit,7461,0,2025-10-03 14:55:41
4612,100361,2025-13-40,,14590,0,2025-10-05 14:55:41
4613,100361,2025-04-08,,10069,0,2025-07-07 14:55:41
4614,100361,2025-11-12,debit,17836,0,2025-09-10 14:55:41
4615,100361,2025-08-08,,9712,₹0,2025-09-12 14:55:41
4616,100362,2025-01-11,debit,8111,18421,2025-12-27 14:55:41
4617,100362,2025-01-13,credit,15998,34419,2025-09-07 14:55:41
4618,100362,2025-03-23,,13589,34419,2026-01-05 14:55:41
4619,100362,2025-04-05,credit,10610,45029,2025-12-07 14:55:41
4620,100362,2025-05-14,,9738,45029,2025-11-06 14:55:41
4621,100362,2025-03-25,debit,17196,27833,2025-07-28 14:55:41
4622,100362,2025-08-25,credit,15129,42962,2025-08-23 14:55:41
4623,100362,2025-03-07,credit,12518,55480,2025-09-24 14:55:41
4624,100362,2025-10-16,credit,10592,66072,2025-08-31 14:55:41
4625,100362,2025-09-11,,--,--,2025-12-07 14:55:41
4626,100362,2025-04-23,debit,18398,--,2025-12-05 14:55:41
4627,100363,2025-02-23,,6746,49241,2025-11-04 14:55:41
4628,100363,2025-12-12,credit,17931,67172,2025-12-06 14:55:41
4629,100363,2025-12-24,credit,2112,69284,2025-09-11 14:55:41
4630,100363,2025-03-03,credit,9756,79040,2025-09-20 14:55:41
4631,100363,2025-01-15,credit,3395,82435,2025-09-18 14:55:41
4632,100363,2025-04-21,debit,13827,68608,2025-07-13 14:55:41
4633,100363,02/11/2025,,12677,"68,608",2025-10-26 14:55:41
4634,100363,2025-03-21,credit,16870,85478,2025-09-08 14:55:41
4635,100363,2025-10-20,debit,1484,83994,2025-08-22 14:55:41
4636,100363,2025-12-23,debit,"1,986",82008,2025-09-24 14:55:41
4637,100363,2025-11-09,,15726,82008,2025-07-21 14:55:41
4638,100363,2025-03-08,credit,11220,93228,2025-12-01 14:55:41
4639,100363,2025-03-29,debit,9017,84211,2026-01-14 14:55:41
4640,100363,2025-01-08,debit,"₹19,093",65118,2025-12-10 14:55:41
4641,100363,2025-07-13,debit,16090,49028,2025-11-27 14:55:41
4642,100364,2025-04-04,debit,16021,12911,2026-01-08 14:55:41
4643,100364,2025-08-28,,4663,12911,2025-11-23 14:55:41
4644,100364,2025-05-28,,"11,860",12911,2025-08-14 14:55:41
4645,100364,2025-06-21,credit,10846,23757,2025-12-03 14:55:41
4646,100364,2025-10-04,credit,"10,948",34705,2025-10-18 14:55:41
4647,100364,2025-02-12,,16177,34705,2025-08-11 14:55:41
4648,100364,2025-10-05,,1713,34705,2025-11-11 14:55:41
4649,100364,2025-12-11,,3637,--,2026-01-01 14:55:41
4650,100364,2025-01-19,,8810,34705,2025-07-27 14:55:41
4651,100364,2025-07-24,credit,"6,083",40788,2025-10-24 14:55:41
4652,100364,2025-06-14,credit,15690,56478,2025-09-30 14:55:41
4653,100364,2025-09-22,,1613,56478,2025-09-10 14:55:41
4654,100364,2025-05-28,,N/A,56478,2025-09-09 14:55:41
4655,100364,2025-06-01,debit,15318,"41,160",2025-07-04 14:55:41
4656,100364,2025-06-26,,11317,41160,2025-10-03 14:55:41
4657,100364,2025-04-30,credit,15483,"56,643",2025-09-30 14:55:41
4658,100364,2025-09-01,debit,1879,54764,2025-10-10 14:55:41
4659,100365,2025-01-31,debit,4321,"32,057",2025-10-08 14:55:41
4660,100365,2025-02-23,debit,9295,22762,2025-10-30 14:55:41
4661,100365,2025-04-14,credit,8023,30785,2025-07-16 14:55:41
4662,100365,2025-04-28,,3113,30785,2025-08-23 14:55:41
4663,100365,2025-09-15,,5896,30785,2025-11-12 14:55:41
4664,100365,2025-13-40,,"3,072",30785,2026-01-07 14:55:41
4665,100365,2025-03-28,,13901,"30,785",2025-10-06 14:55:41
4666,100366,2025-11-17,,19216,46486,2025-07-02 14:55:41
4667,100366,2025-01-03,credit,--,"56,352",2025-08-24 14:55:41
4668,100366,2025-04-15,debit,6844,--,2025-08-19 14:55:41
4669,100366,2025-07-23,,13122,49508,2025-11-24 14:55:41
4670,100366,2025-02-27,,1787,"₹49,508",2025-11-03 14:55:41
4671,100366,2025-13-40,,7443,49508,2025-10-27 14:55:41
4672,100366,2025-10-09,credit,3318,52826,2025-11-21 14:55:41
4673,100366,2025-09-14,debit,5871,"46,955",2025-08-07 14:55:41
4674,100366,2025-06-29,credit,9970,56925,2025-07-26 14:55:41
4675,100366,2025-04-07,credit,15072,"₹71,997",2026-01-09 14:55:41
4676,100366,2025-09-28,debit,13737,58260,2025-12-31 14:55:41
4677,100366,2025-12-04,,18770,58260,2025-10-27 14:55:41
4678,100366,2025-06-23,,"12,171",58260,2025-07-15 14:55:41
4679,100366,2025-06-23,,9701,58260,2025-12-11 14:55:41
4680,100367,2025-03-13,credit,,8207,2025-07-11 14:55:41
4681,100367,2025-01-13,debit,4506,3701,2025-10-05 14:55:41
4682,100367,2025-11-09,debit,"11,789",0,2025-11-02 14:55:41
4683,100367,2025-12-14,debit,14403,N/A,2025-07-10 14:55:41
4684,100367,2025-05-18,debit,"3,300",0,2025-07-14 14:55:41
4685,100367,2025-04-22,,13683,0,2025-07-28 14:55:41
4686,100367,2025-09-11,credit,8075,0,2025-08-27 14:55:41
4687,100368,2025-08-26,debit,,1668,2026-01-16 14:55:41
4688,100368,2025-08-18,debit,4451,0,2025-09-22 14:55:41
4689,100368,08/06/2025,credit,18500,15717,2025-10-23 14:55:41
4690,100368,2025-04-18,debit,17550,0,2025-11-19 14:55:41
4691,100368,2025-02-07,debit,13662,0,2026-01-03 14:55:41
4692,100368,2025-06-18,,"9,871",--,2025-09-13 14:55:41
4693,100368,24/01/2025,credit,842,0,2025-09-01 14:55:41
4694,100368,2025-10-26,,"8,110",,2025-07-15 14:55:41
4695,100368,2025-09-05,debit,16709,0,2025-12-07 14:55:41
4696,100368,2025-08-27,debit,12984,0,2025-11-03 14:55:41
4697,100368,2025-03-15,,5947,0,2025-12-15 14:55:41
4698,100368,2025-08-15,debit,N/A,0,2025-08-14 14:55:41
4699,100368,2025-07-02,credit,"₹6,455",0,2025-11-05 14:55:41
4700,100368,13/01/2025,,7487,0,2025-11-14 14:55:41
4701,100368,2025-10-30,credit,17152,0,2025-09-14 14:55:41
4702,100369,2025-04-23,,15501,14374,2026-01-02 14:55:41
4703,100369,2025-08-12,debit,"₹17,773",0,2025-08-09 14:55:41
4704,100369,2025-11-16,,2422,0,2025-08-07 14:55:41
4705,100369,2025-09-10,,10708,0,2025-08-06 14:55:41
4706,100369,2025-03-07,,N/A,0,2025-09-22 14:55:41
4707,100369,2025-06-13,debit,2774,0,2026-01-06 14:55:41
4708,100369,04/06/2025,,18058,0,2025-12-22 14:55:41
4709,100369,2025-10-13,,"1,101",0,2026-01-15 14:55:41
4710,100369,07/04/2025,debit,"₹16,813",--,2025-12-01 14:55:41
4711,100369,2025-01-26,debit,2466,0,2025-10-22 14:55:41
4712,100369,2025-06-21,credit,13486,0,2025-11-02 14:55:41
4713,100369,2025-02-13,,240,0,2025-07-23 14:55:41
4714,100369,2025-05-08,credit,11344,₹0,2026-01-08 14:55:41
4715,100369,2025-04-15,debit,16869,0,2025-11-26 14:55:41
4716,100369,2025-02-12,debit,"4,711",0,2025-10-08 14:55:41
4717,100369,2025-02-05,credit,17403,0,2025-08-26 14:55:41
4718,100370,2025-01-12,,10668,"₹23,925",2025-12-24 14:55:41
4719,100370,2025-05-31,debit,316,23609,2025-10-18 14:55:41
4720,100370,2025-01-12,debit,9319,14290,2025-12-20 14:55:41
4721,100370,2025-12-17,debit,4456,9834,2025-11-03 14:55:41
4722,100370,2025-05-01,,"9,422",,2025-09-27 14:55:41
4723,100370,2025-05-10,,11561,9834,2025-12-07 14:55:41
4724,100370,2025-09-06,debit,389,9445,2025-12-16 14:55:41
4725,100370,2025-08-19,,6489,9445,2025-12-17 14:55:41
4726,100370,2025-10-30,credit,13490,,2025-07-07 14:55:41
4727,100370,2025-04-10,credit,13827,36762,2025-07-27 14:55:41
4728,100370,2025-05-13,credit,11068,47830,2025-09-22 14:55:41
4729,100371,2025-12-20,debit,"₹18,730",0,2025-09-09 14:55:41
4730,100371,2025-12-01,,6551,0,2026-01-11 14:55:41
4731,100371,2025-04-05,debit,14812,N/A,2025-09-14 14:55:41
4732,100371,2025-04-24,debit,511,0,2025-12-13 14:55:41
4733,100371,2025-02-13,,5448,0,2025-11-24 14:55:41
4734,100371,2025-05-25,credit,1747,0,2025-10-14 14:55:41
4735,100371,2025-04-19,debit,"₹1,277",0,2025-11-28 14:55:41
4736,100371,2025-08-02,,N/A,0,2025-11-01 14:55:41
4737,100371,2025-11-08,,15916,₹0,2025-08-06 14:55:41
4738,100371,2025-06-01,debit,--,0,2025-10-29 14:55:41
4739,100371,2025-03-22,,7048,0,2025-10-02 14:55:41
4740,100371,2025-05-06,debit,6254,0,2025-12-20 14:55:41
4741,100371,2025-03-31,debit,15416,0,2025-12-30 14:55:41
4742,100371,2025-12-13,debit,1235,0,2025-12-24 14:55:41
4743,100371,2025-08-07,debit,9162,0,2025-11-27 14:55:41
4744,100372,2025-08-01,credit,18722,43688,2025-10-24 14:55:41
4745,100372,2025-03-21,credit,7201,50889,2025-08-25 14:55:41
4746,100372,2025-07-30,,12128,50889,2025-11-23 14:55:41
4747,100372,2025-06-03,debit,3398,47491,2025-07-03 14:55:41
4748,100372,2025-10-29,credit,12377,59868,2025-09-18 14:55:41
4749,100372,2025-06-24,,5428,59868,2025-10-09 14:55:41
4750,100372,2025-09-22,debit,14869,44999,2025-09-28 14:55:41
4751,100372,2025-08-20,credit,"112,425","157,424",2025-11-14 14:55:41
4752,100372,2025-12-07,,4888,157424,2025-07-06 14:55:41
4753,100372,2025-01-31,,3932,157424,2026-01-12 14:55:41
4754,100372,2025-05-21,credit,19128,176552,2025-07-23 14:55:41
4755,100372,2025-11-22,debit,4177,172375,2025-12-12 14:55:41
4756,100372,2025-06-09,credit,9920,182295,2025-09-11 14:55:41
4757,100373,2025-08-25,credit,18536,62117,2025-12-26 14:55:41
4758,100373,2025-03-02,credit,1169,63286,2025-07-07 14:55:41
4759,100373,2025-03-20,,11956,63286,2025-12-03 14:55:41
4760,100373,2025-04-28,credit,"11,175",74461,2025-11-10 14:55:41
4761,100373,2025-13-40,,19144,74461,2025-07-30 14:55:41
4762,100373,2025-07-19,debit,5105,69356,2025-11-07 14:55:41
4763,100373,2025-09-16,debit,13254,56102,2025-07-06 14:55:41
4764,100373,2025-12-23,debit,"2,685",53417,2025-08-16 14:55:41
4765,100373,2025-04-16,debit,"₹1,587",51830,2025-07-19 14:55:41
4766,100373,2025-04-19,debit,3121,48709,2026-01-03 14:55:41
4767,100373,2025-08-30,credit,14370,63079,2025-09-11 14:55:41
4768,100374,2025-01-28,,"₹14,310",49395,2025-09-08 14:55:41
4769,100374,2025-11-20,debit,"₹13,468",35927,2025-07-07 14:55:41
4770,100374,2025-08-15,,19970,35927,2025-11-23 14:55:41
4771,100374,2025-01-23,credit,13003,48930,2026-01-12 14:55:41
4772,100374,2025-10-06,,13211,48930,2025-11-05 14:55:41
4773,100374,2025-04-08,debit,,31198,2025-12-30 14:55:41
4774,100375,2025-10-07,credit,15145,"₹51,413",2025-10-04 14:55:41
4775,100375,2025-06-18,debit,10604,40809,2025-07-21 14:55:41
4776,100375,2025-03-01,credit,4884,45693,2025-11-06 14:55:41
4777,100375,2025-04-05,credit,2056,47749,2026-01-10 14:55:41
4778,100375,2025-10-04,debit,18642,"29,107",2025-12-04 14:55:41
4779,100375,2025-06-22,debit,18840,10267,2025-10-21 14:55:41
4780,100375,2025-02-12,credit,19872,30139,2025-12-31 14:55:41
4781,100375,2025-13-40,credit,9565,"39,704",2025-10-27 14:55:41
4782,100375,2025-08-31,,"9,922",39704,2025-09-02 14:55:41
4783,100375,31/07/2025,,14045,"₹39,704",2025-11-21 14:55:41
4784,100375,2025-10-09,credit,831,N/A,2025-09-28 14:55:41
4785,100375,2025-04-13,,13457,40535,2025-08-15 14:55:41
4786,100375,2025-07-07,debit,3058,37477,2026-01-15 14:55:41
4787,100375,10/11/2025,,--,37477,2025-11-18 14:55:41
4788,100375,2025-11-15,debit,16734,20743,2025-11-25 14:55:41
4789,100376,2025-02-03,credit,18535,"22,281",2025-12-11 14:55:41
4790,100376,2025-03-15,,16509,22281,2025-07-07 14:55:41
4791,100376,2025-03-06,credit,16877,39158,2025-11-15 14:55:41
4792,100376,2025-03-13,debit,"19,799",19359,2025-07-10 14:55:41
4793,100376,2025-03-22,credit,19328,"38,687",2025-09-27 14:55:41
4794,100376,2025-11-03,credit,547,39234,2025-12-04 14:55:41
4795,100376,2025-05-04,debit,3172,36062,2026-01-06 14:55:41
4796,100376,2025-12-19,debit,6863,29199,2025-11-06 14:55:41
4797,100376,2025-10-09,debit,15536,13663,2025-09-19 14:55:41
4798,100377,2025-04-07,,13865,47000,2025-07-20 14:55:41
4799,100377,2025-02-16,credit,3263,50263,2025-12-10 14:55:41
4800,100377,2025-11-01,,6065,50263,2025-10-26 14:55:41
4801,100377,2025-06-14,credit,16748,67011,2025-10-16 14:55:41
4802,100377,2025-10-17,credit,12435,79446,2025-12-26 14:55:41
4803,100377,2025-01-09,debit,4321,75125,2025-09-27 14:55:41
4804,100377,2025-08-15,debit,--,70768,2025-12-19 14:55:41
4805,100377,2025-12-15,credit,"10,738",81506,2025-09-17 14:55:41
4806,100377,2025-01-09,credit,4851,N/A,2026-01-11 14:55:41
4807,100377,2025-08-29,debit,2909,83448,2025-09-04 14:55:41
4808,100377,2025-09-18,debit,1370,82078,2025-07-19 14:55:41
4809,100377,2025-02-28,,16682,82078,2025-11-05 14:55:41
4810,100377,2025-11-18,debit,7822,"74,256",2026-01-06 14:55:41
4811,100377,2025-13-40,debit,18141,56115,2025-10-22 14:55:41
4812,100377,2025-08-10,credit,19936,"76,051",2025-08-18 14:55:41
4813,100377,2025-02-03,,8440,76051,2025-08-13 14:55:41
4814,100377,24/12/2025,,12685,76051,2025-08-02 14:55:41
4815,100377,2025-03-23,credit,519,76570,2025-07-29 14:55:41
4816,100377,2025-12-24,credit,"14,942",91512,2025-10-08 14:55:41
4817,100378,2025-07-10,,"₹3,457","₹45,778",2025-07-15 14:55:41
4818,100378,2025-09-18,credit,9196,"54,974",2025-10-02 14:55:41
4819,100378,2025-02-22,,1221,"₹54,974",2025-11-17 14:55:41
4820,100378,2025-11-08,,--,54974,2025-08-13 14:55:41
4821,100378,2025-06-15,credit,3533,58507,2025-12-23 14:55:41
4822,100378,2025-12-06,credit,8568,"67,075",2025-08-24 14:55:41
4823,100378,2025-12-30,debit,17885,"49,190",2025-09-18 14:55:41
4824,100378,2025-05-18,credit,17584,66774,2025-11-12 14:55:41
4825,100378,2025-04-29,debit,2856,63918,2025-10-30 14:55:41
4826,100378,2025-11-23,debit,19382,"44,536",2025-07-20 14:55:41
4827,100378,2025-05-28,debit,15546,28990,2025-07-11 14:55:41
4828,100379,2025-06-28,debit,2838,0,2025-10-19 14:55:41
4829,100379,2025-04-08,,7770,0,2025-08-25 14:55:41
4830,100379,2025-09-20,credit,12951,11488,2025-11-26 14:55:41
4831,100379,2025-05-16,,570,"11,488",2025-07-26 14:55:41
4832,100379,2025-04-25,,,11488,2025-09-20 14:55:41
4833,100379,2025-08-13,credit,2554,14042,2025-11-05 14:55:41
4834,100379,2025-13-40,debit,7188,6854,2025-10-19 14:55:41
4835,100379,2025-09-22,credit,7710,"14,564",2025-11-19 14:55:41
4836,100379,2025-12-02,credit,19245,33809,2025-12-12 14:55:41
4837,100380,2025-07-15,credit,"₹11,625",32782,2025-11-24 14:55:41
4838,100380,2025-11-21,,"17,992",--,2025-07-06 14:55:41
4839,100380,2025-13-40,debit,2184,"₹30,598",2025-11-04 14:55:41
4840,100380,2025-07-15,debit,11434,19164,2025-11-18 14:55:41
4841,100380,2025-05-08,credit,1154,20318,2025-10-26 14:55:41
4842,100380,2025-02-18,debit,7921,12397,2025-11-10 14:55:41
4843,100380,2025-01-25,,18982,12397,2025-08-06 14:55:41
4844,100380,2025-02-04,,"₹6,815",12397,2025-07-17 14:55:41
4845,100381,2025-04-30,credit,N/A,18925,2025-07-05 14:55:41
4846,100381,2025-06-28,,13003,18925,2025-08-05 14:55:41
4847,100381,2025-08-22,,"3,829",18925,2025-07-09 14:55:41
4848,100381,2025-04-08,,"₹14,250",18925,2025-12-21 14:55:41
4849,100381,2025-09-21,credit,14873,33798,2025-08-22 14:55:41
4850,100381,2025-11-07,credit,12371,46169,2025-11-19 14:55:41
4851,100381,2025-04-15,debit,N/A,38413,2025-08-04 14:55:41
4852,100381,2025-11-09,debit,"17,581",20832,2025-10-09 14:55:41
4853,100381,2025-05-04,credit,1828,22660,2025-11-11 14:55:41
4854,100381,2025-11-06,credit,13169,,2025-11-15 14:55:41
4855,100381,2025-03-28,,,35829,2025-08-21 14:55:41
4856,100381,2025-11-11,,13017,N/A,2025-07-20 14:55:41
4857,100381,2025-06-23,debit,5568,30261,2025-10-04 14:55:41
4858,100381,2025-02-12,,17848,30261,2025-12-26 14:55:41
4859,100381,2025-02-04,,3222,"₹30,261",2025-08-06 14:55:41
4860,100381,2025-08-19,debit,"19,523",10738,2025-07-05 14:55:41
4861,100381,2025-04-27,credit,14697,25435,2025-09-28 14:55:41
4862,100381,2025-07-25,credit,9153,34588,2026-01-08 14:55:41
4863,100382,2025-12-30,credit,"18,404",33022,2025-10-16 14:55:41
4864,100382,2025-04-25,,6265,33022,2025-10-11 14:55:41
4865,100382,2025-11-27,,17434,"₹33,022",2025-07-26 14:55:41
4866,100382,2025-13-40,,15347,33022,2026-01-17 14:55:41
4867,100382,2025-06-01,debit,8753,--,2025-08-05 14:55:41
4868,100382,2025-12-01,credit,12912,37181,2026-01-07 14:55:41
4869,100382,2025-10-22,credit,18861,56042,2025-07-14 14:55:41
4870,100382,2025-13-40,debit,7758,"₹48,284",2026-01-15 14:55:41
4871,100382,2025-08-21,debit,"12,251","₹36,033",2025-09-09 14:55:41
4872,100382,2025-09-15,,1867,36033,2026-01-16 14:55:41
4873,100383,2025-01-08,debit,16038,24102,2025-10-07 14:55:41
4874,100383,2025-13-40,credit,"12,444","36,546",2025-08-06 14:55:41
4875,100383,2025-10-16,credit,4943,41489,2025-12-27 14:55:41
4876,100383,2025-08-01,debit,3230,38259,2025-10-06 14:55:41
4877,100383,2025-09-13,credit,9988,N/A,2025-11-28 14:55:41
4878,100383,12/12/2025,,17306,N/A,2025-08-17 14:55:41
4879,100383,2025-07-28,debit,19074,29173,2025-10-29 14:55:41
4880,100383,2025-05-16,credit,15175,44348,2025-08-12 14:55:41
4881,100383,2025-05-19,debit,10927,33421,2025-09-19 14:55:41
4882,100383,2025-13-40,credit,"14,271",47692,2026-01-06 14:55:41
4883,100383,2025-13-40,debit,18847,"28,845",2026-01-14 14:55:41
4884,100383,2025-05-09,,"₹14,293","₹28,845",2025-12-02 14:55:41
4885,100383,2025-11-06,debit,3523,25322,2025-08-10 14:55:41
4886,100383,2025-01-13,credit,12030,37352,2025-11-30 14:55:41
4887,100383,2025-07-27,debit,8751,28601,2025-10-03 14:55:41
4888,100383,2025-10-15,credit,14022,42623,2025-12-03 14:55:41
4889,100383,2025-09-20,,15996,42623,2025-11-29 14:55:41
4890,100383,2025-02-21,debit,6638,35985,2025-10-16 14:55:41
4891,100383,2025-10-24,,9703,35985,2025-08-23 14:55:41
4892,100383,09/10/2025,credit,18287,"54,272",2025-08-22 14:55:41
4893,100384,2025-02-24,credit,14035,58083,2025-09-03 14:55:41
4894,100384,2025-08-29,,"10,492","₹58,083",2025-09-16 14:55:41
4895,100384,2025-01-21,debit,6461,"51,622",2025-07-24 14:55:41
4896,100384,2025-06-25,credit,8447,60069,2025-08-25 14:55:41
4897,100384,2025-08-26,,,"60,069",2025-11-13 14:55:41
4898,100384,2025-04-11,credit,13891,73960,2026-01-15 14:55:41
4899,100384,2025-03-11,credit,"4,822",78782,2025-10-10 14:55:41
4900,100384,2025-07-13,credit,6425,"85,207",2025-12-06 14:55:41
4901,100385,2025-08-14,,9462,19659,2025-12-27 14:55:41
4902,100385,2025-05-10,credit,"11,123",30782,2025-11-21 14:55:41
4903,100385,2025-10-26,debit,18957,11825,2025-12-19 14:55:41
4904,100385,2025-01-26,credit,10931,22756,2025-09-06 14:55:41
4905,100385,2025-03-06,debit,5313,17443,2025-10-25 14:55:41
4906,100385,2025-04-28,credit,12779,30222,2025-10-28 14:55:41
4907,100385,2025-10-11,,19162,30222,2025-07-06 14:55:41
4908,100386,2025-05-11,,"10,748",3000,2025-09-12 14:55:41
4909,100386,2025-06-03,credit,1342,4342,2025-08-24 14:55:41
4910,100386,2025-03-02,,14671,4342,2025-09-12 14:55:41
4911,100386,2025-05-05,credit,"12,632",16974,2025-07-15 14:55:41
4912,100386,2025-10-02,debit,13936,3038,2025-09-04 14:55:41
4913,100386,2025-07-30,,11623,"₹3,038",2025-08-18 14:55:41
4914,100386,2025-04-20,credit,13232,16270,2025-10-23 14:55:41
4915,100386,2025-02-24,credit,8987,25257,2025-07-26 14:55:41
4916,100386,2025-02-05,credit,9048,34305,2025-09-24 14:55:41
4917,100386,2025-06-14,,11920,34305,2025-09-07 14:55:41
4918,100386,2025-11-05,,"1,638",34305,2025-09-04 14:55:41
4919,100386,2025-11-08,,19139,34305,2026-01-17 14:55:41
4920,100386,2025-03-17,debit,"19,198",15107,2025-07-28 14:55:41
4921,100386,2025-02-24,,"17,448",15107,2025-09-12 14:55:41
4922,100386,2025-10-01,,"3,162",15107,2025-10-10 14:55:41
4923,100386,2025-08-28,debit,2186,12921,2025-12-23 14:55:41
4924,100386,2025-03-16,,"₹14,908",12921,2025-12-13 14:55:41
4925,100386,2025-09-25,,16887,12921,2025-12-28 14:55:41
4926,100386,2025-09-07,debit,"₹6,010","6,911",2025-10-26 14:55:41
4927,100387,29/11/2025,,11685,,2025-07-25 14:55:41
4928,100387,2025-10-02,credit,315,21633,2025-09-14 14:55:41
4929,100387,2025-11-15,,11172,,2025-11-30 14:55:41
4930,100387,2025-03-31,credit,10281,,2025-11-01 14:55:41
4931,100387,2025-02-23,credit,2668,34582,2025-11-26 14:55:41
4932,100387,2025-06-09,credit,13305,"47,887",2025-11-14 14:55:41
4933,100387,2025-03-24,,14446,47887,2025-08-14 14:55:41
4934,100387,15/09/2025,,6794,"47,887",2025-07-11 14:55:41
4935,100387,2025-09-18,debit,6445,41442,2025-09-19 14:55:41
4936,100387,2025-01-19,credit,10171,51613,2025-07-21 14:55:41
4937,100387,2025-12-25,credit,4440,56053,2025-07-25 14:55:41
4938,100387,2025-05-25,credit,11139,--,2025-11-11 14:55:41
4939,100387,2025-11-17,debit,18919,48273,2025-09-14 14:55:41
4940,100388,2025-09-10,credit,8579,25905,2025-11-15 14:55:41
4941,100388,2025-06-07,credit,13091,,2025-10-08 14:55:41
4942,100388,2025-03-19,debit,"8,467",30529,2025-07-31 14:55:41
4943,100388,2025-07-16,credit,"14,273",44802,2025-07-29 14:55:41
4944,100388,2025-03-22,debit,N/A,--,2025-11-09 14:55:41
4945,100388,2025-01-26,debit,"₹9,934","₹16,306",2025-10-29 14:55:41
4946,100388,2025-08-06,credit,13147,,2025-12-07 14:55:41
4947,100388,2025-07-22,debit,534,"28,919",2025-07-21 14:55:41
4948,100388,2025-09-29,credit,15345,44264,2025-09-19 14:55:41
4949,100389,2025-04-02,debit,5733,--,2025-09-14 14:55:41
4950,100389,2025-02-25,credit,16736,31999,2025-08-29 14:55:41
4951,100389,2025-11-09,,19870,31999,2025-07-24 14:55:41
4952,100389,2025-07-29,,18269,31999,2025-11-03 14:55:41
4953,100389,2025-10-15,debit,N/A,16326,2025-11-10 14:55:41
4954,100389,2025-01-17,debit,"5,433",10893,2025-11-29 14:55:41
4955,100389,2025-12-25,,"13,941",10893,2025-12-16 14:55:41
4956,100389,2025-09-06,,13998,"10,893",2025-08-22 14:55:41
4957,100389,2025-03-13,credit,N/A,16039,2025-07-05 14:55:41
4958,100389,2025-10-15,credit,7029,23068,2025-11-27 14:55:41
4959,100390,2025-11-30,credit,"5,530",30478,2025-11-22 14:55:41
4960,100390,2025-07-02,,12123,30478,2025-10-29 14:55:41
4961,100390,2025-01-13,,,30478,2025-10-29 14:55:41
4962,100390,2025-11-26,debit,7118,23360,2025-09-09 14:55:41
4963,100390,2025-03-22,debit,"₹16,227",7133,2025-07-31 14:55:41
4964,100390,2025-03-25,,6161,7133,2025-10-20 14:55:41
4965,100390,2025-12-04,,3296,7133,2025-10-16 14:55:41
4966,100390,2025-12-13,,6361,"7,133",2025-11-22 14:55:41
4967,100390,2025-07-14,debit,N/A,0,2025-11-03 14:55:41
4968,100390,2025-08-10,debit,18132,0,2026-01-01 14:55:41
4969,100390,2025-06-19,debit,"13,272",0,2025-10-31 14:55:41
4970,100390,2025-07-10,debit,,0,2025-09-19 14:55:41
4971,100391,2025-11-16,debit,3343,41963,2025-09-01 14:55:41
4972,100391,2025-03-19,debit,19813,22150,2026-01-14 14:55:41
4973,100391,2025-10-29,,14203,22150,2025-12-09 14:55:41
4974,100391,2025-05-31,debit,13030,9120,2025-08-29 14:55:41
4975,100391,2025-06-02,debit,"7,616",1504,2025-11-01 14:55:41
4976,100391,2025-10-23,debit,11579,0,2026-01-01 14:55:41
4977,100391,07/08/2025,,15010,₹0,2025-10-01 14:55:41
4978,100391,2025-11-30,credit,4299,0,2025-10-06 14:55:41
4979,100391,2025-02-17,debit,9508,0,2025-09-06 14:55:41
4980,100391,2025-12-23,debit,12208,0,2025-12-28 14:55:41
4981,100392,2025-04-28,debit,"₹1,476",22880,2025-07-04 14:55:41
4982,100392,27/06/2025,credit,3052,25932,2025-11-07 14:55:41
4983,100392,2025-01-27,credit,"₹4,063",29995,2025-08-13 14:55:41
4984,100392,2025-08-04,debit,5526,24469,2025-11-17 14:55:41
4985,100392,2025-04-03,debit,N/A,17455,2025-11-29 14:55:41
4986,100392,2025-09-15,credit,"4,339",21794,2025-10-01 14:55:41
4987,100392,2025-07-10,debit,19365,,2025-12-08 14:55:41
4988,100392,2025-10-07,credit,19435,"21,864",2025-11-08 14:55:41
4989,100392,2025-09-08,,"3,722",21864,2025-12-06 14:55:41
4990,100392,2025-04-14,credit,1234,23098,2025-10-24 14:55:41
4991,100392,2025-03-19,credit,,27426,2025-07-17 14:55:41
4992,100392,2025-09-03,,"₹15,003",27426,2025-08-02 14:55:41
4993,100392,19/04/2025,debit,122900,0,2025-12-04 14:55:41
4994,100392,2025-09-14,credit,9394,0,2025-08-01 14:55:41
4995,100392,2025-12-11,,4160,0,2025-12-21 14:55:41
4996,100392,2025-01-22,debit,12965,0,2025-08-15 14:55:41
4997,100392,2025-12-13,,3347,0,2025-10-01 14:55:41
4998,100392,2025-12-27,credit,--,0,2026-01-01 14:55:41
4999,100392,2025-03-14,credit,7986,0,2025-11-18 14:55:41
5000,100392,2025-05-15,debit,18243,0,2025-07-08 14:55:41
5001,100393,2025-12-24,debit,10095,7948,2025-10-30 14:55:41
5002,100393,2025-02-28,,15505,"7,948",2025-10-08 14:55:41
5003,100393,2025-04-25,credit,N/A,"₹15,875",2025-08-20 14:55:41
5004,100393,2025-13-40,credit,"₹1,506",17381,2025-07-21 14:55:41
5005,100393,2025-10-13,debit,5116,12265,2025-07-15 14:55:41
5006,100393,2025-04-26,,17736,12265,2025-12-26 14:55:41
5007,100393,30/08/2025,credit,19892,32157,2026-01-09 14:55:41
5008,100393,2025-10-16,debit,19392,"₹12,765",2025-09-27 14:55:41
5009,100393,2025-13-40,debit,N/A,0,2025-07-15 14:55:41
5010,100394,2025-06-10,credit,1989,36825,2025-08-10 14:55:41
5011,100394,2025-03-24,credit,8870,45695,2025-07-18 14:55:41
5012,100394,2025-08-11,credit,--,"57,219",2025-10-11 14:55:41
5013,100394,2025-05-24,,N/A,--,2025-10-23 14:55:41
5014,100394,2025-03-03,debit,"7,388",49831,2025-10-13 14:55:41
5015,100394,2025-06-27,credit,16968,66799,2025-09-24 14:55:41
5016,100394,2025-01-03,,N/A,66799,2025-11-28 14:55:41
5017,100394,2025-05-17,credit,2149,"68,948",2025-10-16 14:55:41
5018,100394,2025-07-12,,"6,321",68948,2025-08-03 14:55:41
5019,100394,2025-03-23,,260,68948,2025-07-08 14:55:41
5020,100394,2025-02-07,credit,"14,536",83484,2025-09-29 14:55:41
5021,100394,2025-07-17,debit,3226,80258,2025-07-14 14:55:41
5022,100395,03/08/2025,credit,3395,,2025-08-22 14:55:41
5023,100395,2025-12-31,credit,4201,19450,2025-10-25 14:55:41
5024,100395,2025-05-08,credit,2445,"21,895",2025-12-28 14:55:41
5025,100395,2025-08-26,credit,18806,40701,2025-11-25 14:55:41
5026,100395,2025-13-40,debit,4810,,2025-08-20 14:55:41
5027,100395,2025-09-06,,15237,35891,2025-08-15 14:55:41
5028,100396,2025-07-12,credit,"19,434",30210,2025-12-31 14:55:41
5029,100396,2025-08-25,,8757,30210,2025-10-18 14:55:41
5030,100396,2025-03-30,,7504,30210,2025-10-17 14:55:41
5031,100396,2025-02-03,credit,--,47630,2025-09-06 14:55:41
5032,100396,2025-05-22,,10852,47630,2025-08-18 14:55:41
5033,100396,2025-12-13,debit,564,47066,2025-09-13 14:55:41
5034,100396,2025-06-20,credit,16958,64024,2025-10-15 14:55:41
5035,100396,2025-05-22,debit,17371,46653,2025-12-18 14:55:41
5036,100396,2025-03-20,credit,17246,63899,2025-07-05 14:55:41
5037,100396,17/02/2025,debit,18543,45356,2025-07-29 14:55:41
5038,100396,2025-05-29,,"3,964",45356,2025-12-19 14:55:41
5039,100396,2025-13-40,debit,,26285,2025-08-13 14:55:41
5040,100396,2025-09-04,,9102,26285,2025-12-07 14:55:41
5041,100396,2025-07-30,debit,"4,110",22175,2025-09-15 14:55:41
5042,100396,2025-12-20,,1001,22175,2025-11-26 14:55:41
5043,100396,2025-05-21,credit,10994,33169,2025-12-19 14:55:41
5044,100397,2025-07-30,,19782,N/A,2025-11-22 14:55:41
5045,100397,2025-03-06,debit,16462,0,2025-09-16 14:55:41
5046,100397,2025-01-29,debit,7736,0,2025-11-09 14:55:41
5047,100397,2025-02-27,,12518,0,2025-11-23 14:55:41
5048,100397,2025-03-26,,8746,0,2025-11-02 14:55:41
5049,100397,2025-12-23,debit,255850,0,2025-10-22 14:55:41
5050,100397,2025-09-22,credit,"13,205",0,2025-08-05 14:55:41
5051,100397,2025-13-40,debit,N/A,,2025-12-06 14:55:41
5052,100397,2025-01-16,debit,14226,--,2025-09-30 14:55:41
5053,100397,2025-07-29,,1762,₹0,2025-07-05 14:55:41
5054,100397,2025-08-10,,9070,0,2025-10-17 14:55:41
5055,100397,2025-02-09,,10371,0,2025-12-18 14:55:41
5056,100398,2025-08-25,debit,N/A,37187,2025-11-21 14:55:41
5057,100398,2025-04-29,debit,,23630,2025-10-24 14:55:41
5058,100398,2025-02-18,debit,19000,4630,2025-09-03 14:55:41
5059,100398,08/05/2025,credit,--,"15,398",2025-09-06 14:55:41
5060,100398,2025-13-40,,"19,038","₹15,398",2025-11-23 14:55:41
5061,100398,2025-05-12,debit,19097,0,2025-07-16 14:55:41
5062,100398,2025-05-15,,12831,--,2025-10-06 14:55:41
5063,100398,2025-09-03,credit,"8,336","4,637",2025-10-12 14:55:41
5064,100398,2025-03-20,credit,--,14157,2025-12-18 14:55:41
5065,100398,22/11/2025,,,"14,157",2025-12-14 14:55:41
5066,100398,2025-12-07,,16671,"14,157",2025-10-03 14:55:41
5067,100398,2025-12-01,credit,"14,964",29121,2025-09-18 14:55:41
5068,100398,2025-08-23,,12238,29121,2025-11-11 14:55:41
5069,100398,27/03/2025,credit,5192,34313,2026-01-08 14:55:41
5070,100399,2025-10-24,credit,19059,40170,2025-10-14 14:55:41
5071,100399,2025-07-09,credit,9949,50119,2026-01-03 14:55:41
5072,100399,2025-09-19,,"13,360",50119,2025-11-09 14:55:41
5073,100399,2025-06-11,debit,18748,31371,2025-12-31 14:55:41
5074,100399,2025-13-40,credit,1687,,2025-11-03 14:55:41
5075,100399,2025-02-16,debit,--,,2025-12-11 14:55:41
5076,100399,2025-08-25,credit,6277,N/A,2025-12-13 14:55:41
5077,100399,2025-02-14,,19825,38296,2025-12-20 14:55:41
5078,100399,2025-05-04,debit,5084,33212,2025-11-24 14:55:41
5079,100399,2025-02-06,,14769,33212,2025-07-11 14:55:41
5080,100399,2025-12-17,debit,5543,27669,2025-08-12 14:55:41
5081,100399,2025-03-04,debit,9055,"18,614",2025-09-13 14:55:41
5082,100399,2025-05-28,credit,274,18888,2025-11-11 14:55:41
5083,100399,2025-06-03,debit,5253,13635,2025-08-22 14:55:41
5084,100399,2025-13-40,debit,"16,118",,2025-08-31 14:55:41
5085,100399,2025-08-09,credit,18969,"16,486",2025-07-21 14:55:41
5086,100399,2025-04-04,,12945,16486,2025-07-16 14:55:41
5087,100399,2025-02-02,,18313,16486,2025-12-23 14:55:41
5088,100399,2025-05-03,debit,N/A,6195,2026-01-04 14:55:41
5089,100399,2025-05-23,credit,19516,25711,2025-11-21 14:55:41
5090,100400,2025-03-06,credit,9008,16733,2025-07-02 14:55:41
5091,100400,2025-07-20,credit,13130,29863,2025-10-04 14:55:41
5092,100400,2025-04-13,debit,19973,9890,2025-11-30 14:55:41
5093,100400,23/10/2025,credit,8750,18640,2025-11-29 14:55:41
5094,100400,2025-11-18,credit,2618,21258,2026-01-07 14:55:41
5095,100400,2025-09-09,debit,6464,"14,794",2025-09-25 14:55:41
5096,100400,2025-10-15,,17125,14794,2026-01-15 14:55:41
5097,100400,2025-08-03,debit,14285,509,2025-09-29 14:55:41
5098,100400,2025-11-03,,7205,509,2025-08-15 14:55:41
5099,100401,2025-01-29,debit,10190,8468,2025-09-06 14:55:41
5100,100401,2025-12-04,credit,17083,25551,2025-10-15 14:55:41
5101,100401,2025-13-40,credit,11218,36769,2026-01-13 14:55:41
5102,100401,05/04/2025,credit,"₹1,356","₹38,125",2025-10-07 14:55:41
5103,100401,2025-02-27,debit,7707,30418,2025-08-10 14:55:41
5104,100401,2025-12-28,debit,"12,550",17868,2025-10-31 14:55:41
5105,100401,2025-09-12,debit,301,"17,567",2026-01-04 14:55:41
5106,100401,2025-04-03,,13078,17567,2025-11-12 14:55:41
5107,100402,2025-13-40,credit,12385,39899,2025-12-31 14:55:41
5108,100402,2025-04-30,debit,5931,33968,2025-11-13 14:55:41
5109,100402,2025-06-08,,,33968,2026-01-11 14:55:41
5110,100402,2025-04-02,credit,2567,"36,535",2025-12-14 14:55:41
5111,100402,2025-10-27,debit,15629,"₹20,906",2025-09-11 14:55:41
5112,100402,2025-02-18,debit,5948,14958,2025-07-20 14:55:41
5113,100402,2025-01-30,,9612,14958,2025-11-27 14:55:41
5114,100402,2025-02-27,debit,2496,12462,2025-08-10 14:55:41
5115,100402,2025-10-19,,2668,12462,2025-09-24 14:55:41
5116,100402,2025-06-08,credit,10242,22704,2025-07-06 14:55:41
5117,100402,2025-01-25,,17284,--,2025-12-05 14:55:41
5118,100402,2025-10-08,debit,5307,17397,2025-10-31 14:55:41
5119,100402,20/07/2025,credit,9851,27248,2025-11-15 14:55:41
5120,100402,2025-01-09,credit,--,39648,2025-10-20 14:55:41
5121,100402,2025-10-28,debit,--,21736,2025-10-04 14:55:41
5122,100402,2025-09-19,,18309,21736,2025-08-02 14:55:41
5123,100403,2025-06-16,,8867,"12,315",2025-10-07 14:55:41
5124,100403,2025-02-23,credit,3038,15353,2025-09-16 14:55:41
5125,100403,2025-09-20,credit,N/A,25138,2025-07-20 14:55:41
5126,100403,2025-05-22,debit,4212,20926,2025-12-31 14:55:41
5127,100403,25/12/2025,debit,16838,4088,2025-08-26 14:55:41
5128,100403,2025-07-21,debit,11202,₹0,2025-11-14 14:55:41
5129,100403,2025-04-22,debit,1936,0,2025-12-08 14:55:41
5130,100403,2025-03-31,,4312,0,2025-12-23 14:55:41
5131,100403,2025-12-29,debit,2865,0,2025-10-24 14:55:41
5132,100403,2025-01-07,credit,17207,5292,2025-08-16 14:55:41
5133,100404,2025-08-28,,13237,2245,2025-08-19 14:55:41
5134,100404,2025-10-31,debit,10985,₹0,2026-01-12 14:55:41
5135,100404,2025-12-07,,"15,249",0,2025-07-27 14:55:41
5136,100404,2025-09-07,credit,14080,5340,2025-09-29 14:55:41
5137,100404,2025-10-08,,11008,5340,2025-10-15 14:55:41
5138,100404,2025-09-23,debit,15538,0,2025-11-05 14:55:41
5139,100404,2025-02-13,,12248,0,2025-08-31 14:55:41
5140,100404,2025-02-17,credit,12668,2470,2025-11-09 14:55:41
5141,100404,2025-01-30,,10698,2470,2025-09-22 14:55:41
5142,100404,2025-12-24,debit,"18,921",0,2025-07-07 14:55:41
5143,100405,2025-07-18,,6634,45981,2025-11-22 14:55:41
5144,100405,2025-11-23,,"11,773",45981,2025-08-10 14:55:41
5145,100405,2025-13-40,,2232,45981,2025-11-30 14:55:41
5146,100405,2025-10-04,credit,9882,55863,2025-07-23 14:55:41
5147,100405,2025-08-06,credit,--,74519,2025-10-18 14:55:41
5148,100405,2025-08-08,credit,4092,78611,2025-09-26 14:55:41
5149,100405,2025-03-12,credit,14371,,2025-08-23 14:55:41
5150,100405,2025-01-10,credit,15168,108150,2025-07-25 14:55:41
5151,100405,2025-09-18,,17124,"₹108,150",2025-12-17 14:55:41
5152,100405,28/01/2025,debit,19170,"₹88,980",2025-07-06 14:55:41
5153,100406,2025-04-20,debit,"17,338",11779,2025-12-06 14:55:41
5154,100406,2025-13-40,,18441,11779,2025-09-15 14:55:41
5155,100406,2025-10-16,debit,"15,800",0,2025-12-04 14:55:41
5156,100406,2025-05-27,credit,3059,0,2026-01-12 14:55:41
5157,100406,2025-07-27,debit,"8,851",0,2025-07-31 14:55:41
5158,100406,18/03/2025,debit,984,0,2025-08-31 14:55:41
5159,100406,2025-05-24,credit,"₹1,161",0,2026-01-07 14:55:41
5160,100407,2025-01-14,,4526,23627,2025-10-08 14:55:41
5161,100407,2025-10-12,credit,19694,43321,2025-08-03 14:55:41
5162,100407,2025-13-40,credit,5794,49115,2025-10-24 14:55:41
5163,100407,2025-07-29,debit,15330,33785,2025-12-13 14:55:41
5164,100407,2025-10-07,,9979,33785,2025-11-09 14:55:41
5165,100407,2025-02-13,credit,14387,48172,2025-12-19 14:55:41
5166,100407,2025-02-24,credit,13616,"61,788",2025-10-07 14:55:41
5167,100407,2025-03-26,debit,6135,55653,2025-10-12 14:55:41
5168,100407,2025-13-40,credit,"₹1,339",N/A,2025-11-02 14:55:41
5169,100407,2025-06-27,debit,17603,39389,2025-07-20 14:55:41
5170,100407,2025-03-31,debit,"₹15,205",24184,2025-08-28 14:55:41
5171,100407,2025-01-20,debit,,22425,2025-07-14 14:55:41
5172,100407,2025-02-08,,2696,22425,2025-12-30 14:55:41
5173,100407,2025-02-17,credit,9323,31748,2025-08-01 14:55:41
5174,100408,2025-03-10,,N/A,40159,2025-09-21 14:55:41
5175,100408,2025-04-24,,8883,40159,2025-08-25 14:55:41
5176,100408,2025-03-08,debit,14784,25375,2026-01-10 14:55:41
5177,100408,2025-09-15,,--,25375,2025-07-21 14:55:41
5178,100408,2025-07-07,debit,10284,"15,091",2025-12-25 14:55:41
5179,100408,2025-01-24,debit,6994,8097,2025-09-17 14:55:41
5180,100408,2025-11-03,debit,10536,0,2025-10-13 14:55:41
5181,100408,2025-08-15,debit,19042,₹0,2025-07-06 14:55:41
5182,100408,2025-05-24,credit,7163,0,2025-07-11 14:55:41
5183,100408,2025-13-40,credit,9496,₹0,2026-01-14 14:55:41
5184,100408,2025-10-21,,6479,0,2025-07-06 14:55:41
5185,100408,2025-10-16,credit,14043,"9,221",2025-12-27 14:55:41
5186,100408,2025-04-28,debit,13724,0,2025-09-02 14:55:41
5187,100408,2025-05-12,credit,757,0,2025-08-02 14:55:41
5188,100409,2025-05-21,debit,3878,"₹18,319",2025-11-02 14:55:41
5189,100409,2025-03-19,,1628,"18,319",2025-12-23 14:55:41
5190,100409,2025-12-25,credit,11992,30311,2025-08-24 14:55:41
5191,100409,2025-05-19,credit,14599,44910,2026-01-06 14:55:41
5192,100409,2025-02-15,credit,15613,60523,2025-10-19 14:55:41
5193,100409,2025-04-14,debit,2520,58003,2025-08-22 14:55:41
5194,100409,2025-02-07,,13910,58003,2025-12-23 14:55:41
5195,100409,2025-06-01,debit,--,39682,2025-12-04 14:55:41
5196,100409,2025-04-18,,8635,39682,2025-09-21 14:55:41
5197,100409,2025-04-13,,3714,39682,2025-12-01 14:55:41
5198,100409,2025-05-12,,12690,"₹39,682",2025-07-24 14:55:41
5199,100410,2025-06-22,credit,,25743,2025-11-04 14:55:41
5200,100410,2025-02-28,,112400,25743,2025-09-24 14:55:41
5201,100410,2025-11-14,credit,"14,148","₹39,891",2025-07-26 14:55:41
5202,100410,2025-13-40,credit,8213,48104,2025-09-11 14:55:41
5203,100410,2025-01-03,debit,11663,36441,2025-11-17 14:55:41
5204,100410,2025-13-40,,N/A,36441,2025-08-14 14:55:41
5205,100410,2025-06-24,credit,"15,905","52,346",2025-08-26 14:55:41
5206,100410,2025-12-17,,17529,52346,2025-12-23 14:55:41
5207,100410,2025-04-21,,13451,52346,2025-10-24 14:55:41
5208,100410,2025-01-13,credit,2803,55149,2025-07-11 14:55:41
5209,100411,2025-05-14,credit,14779,"₹53,136",2025-09-09 14:55:41
5210,100411,2025-06-30,debit,12257,40879,2025-08-02 14:55:41
5211,100411,2025-06-07,debit,15430,25449,2025-09-06 14:55:41
5212,100411,2025-03-24,,19496,25449,2025-10-26 14:55:41
5213,100411,2025-07-28,,17142,25449,2025-08-11 14:55:41
5214,100411,2025-07-21,,N/A,25449,2025-12-13 14:55:41
5215,100411,2025-08-30,,16659,25449,2025-07-18 14:55:41
5216,100411,2025-01-09,credit,4190,29639,2025-10-17 14:55:41
5217,100411,2025-09-02,,19766,29639,2025-10-04 14:55:41
5218,100411,2025-05-27,,"₹4,458",29639,2025-08-08 14:55:41
5219,100411,29/10/2025,debit,3825,25814,2025-08-22 14:55:41
5220,100411,2025-13-40,,"9,485",25814,2025-07-23 14:55:41
5221,100412,2025-02-16,,"₹19,583",14046,2025-12-14 14:55:41
5222,100412,2025-09-23,debit,--,"₹5,249",2026-01-10 14:55:41
5223,100412,2025-06-17,,3198,5249,2025-12-07 14:55:41
5224,100412,2025-12-13,debit,10220,0,2025-10-01 14:55:41
5225,100412,2025-04-29,debit,11403,0,2026-01-07 14:55:41
5226,100412,2025-04-10,debit,,0,2025-07-14 14:55:41
5227,100412,2025-01-05,credit,12262,0,2025-09-26 14:55:41
5228,100412,2025-11-15,,11047,0,2025-12-02 14:55:41
5229,100412,2025-07-12,credit,8871,--,2025-10-17 14:55:41
5230,100412,2025-10-19,,17004,525,2025-08-17 14:55:41
5231,100413,2025-01-19,credit,12159,44786,2025-10-29 14:55:41
5232,100413,2025-03-12,credit,1446,46232,2025-08-23 14:55:41
5233,100413,2025-13-40,,18655,46232,2025-09-23 14:55:41
5234,100413,2025-11-21,debit,"7,261",38971,2025-07-13 14:55:41
5235,100413,2025-07-03,debit,14295,24676,2025-10-04 14:55:41
5236,100413,2025-06-29,,14065,24676,2025-09-12 14:55:41
5237,100413,2025-09-10,credit,7958,32634,2025-07-31 14:55:41
5238,100413,2025-03-08,debit,"₹16,956",15678,2026-01-12 14:55:41
5239,100413,2025-02-05,,18277,15678,2025-10-10 14:55:41
5240,100413,2025-08-18,credit,,31021,2025-07-06 14:55:41
5241,100413,2025-10-16,,5855,31021,2025-08-20 14:55:41
5242,100413,2025-12-11,,18738,31021,2026-01-05 14:55:41
5243,100413,2025-12-06,debit,1850,"29,171",2025-10-27 14:55:41
5244,100413,2025-05-29,debit,3685,25486,2025-11-12 14:55:41
5245,100413,2025-03-13,debit,18554,6932,2025-11-20 14:55:41
5246,100413,2025-09-22,,N/A,6932,2025-08-08 14:55:41
5247,100413,2025-03-06,debit,4375,2557,2026-01-03 14:55:41
5248,100413,2025-10-10,,14048,"2,557",2025-11-23 14:55:41
5249,100413,2025-07-17,debit,15520,,2026-01-04 14:55:41
5250,100414,2025-08-04,debit,"1,116",46515,2025-07-23 14:55:41
5251,100414,2025-12-05,debit,9389,37126,2025-07-08 14:55:41
5252,100414,2025-06-15,credit,3517,40643,2025-07-30 14:55:41
5253,100414,2025-03-22,debit,2829,37814,2025-12-22 14:55:41
5254,100414,2025-10-10,,4566,37814,2025-12-04 14:55:41
5255,100414,2025-10-03,credit,13634,51448,2025-08-14 14:55:41
5256,100415,2025-11-20,debit,14587,"19,884",2025-08-25 14:55:41
5257,100415,2025-08-09,debit,18720,1164,2025-08-05 14:55:41
5258,100415,2025-11-09,debit,183300,0,2025-09-11 14:55:41
5259,100415,2025-11-03,,--,0,2025-09-18 14:55:41
5260,100415,2025-06-09,,12854,0,2025-08-28 14:55:41
5261,100415,2025-02-09,credit,16834,0,2025-08-31 14:55:41
5262,100415,2025-10-05,credit,"7,377",,2025-08-03 14:55:41
5263,100415,2025-05-23,,8490,0,2025-10-20 14:55:41
5264,100415,2025-03-11,credit,2306,,2025-11-09 14:55:41
5265,100415,2025-12-19,,4520,0,2025-10-22 14:55:41
5266,100415,2025-06-04,debit,5856,0,2025-09-01 14:55:41
5267,100415,2025-12-02,debit,14006,0,2025-12-08 14:55:41
5268,100415,2025-07-09,debit,14277,0,2025-08-26 14:55:41
5269,100415,2025-05-29,,"18,502",0,2025-07-19 14:55:41
5270,100415,2025-10-31,,1536,,2025-12-05 14:55:41
5271,100415,2025-06-14,,6530,0,2025-10-25 14:55:41
5272,100415,2025-06-11,credit,11568,,2025-11-11 14:55:41
5273,100416,2025-03-11,credit,19455,51452,2025-12-28 14:55:41
5274,100416,2025-13-40,credit,3354,54806,2025-07-27 14:55:41
5275,100416,2025-12-09,,12110,54806,2026-01-06 14:55:41
5276,100416,2025-07-09,credit,14552,69358,2025-12-15 14:55:41
5277,100416,2025-05-20,,13056,69358,2025-08-08 14:55:41
5278,100416,2025-09-12,credit,7058,--,2025-07-12 14:55:41
5279,100416,2025-08-13,credit,19959,96375,2025-11-20 14:55:41
5280,100416,2025-09-27,,2124,96375,2025-11-04 14:55:41
5281,100416,2025-01-03,,13412,96375,2025-11-17 14:55:41
5282,100416,2025-02-07,,2727,96375,2025-11-02 14:55:41
5283,100416,2025-09-03,,10860,96375,2025-10-20 14:55:41
5284,100416,2025-05-27,debit,"13,788",82587,2025-08-04 14:55:41
5285,100416,2025-02-20,debit,7268,75319,2025-11-05 14:55:41
5286,100416,2025-09-08,credit,1941,77260,2025-09-27 14:55:41
5287,100416,2025-03-07,credit,"4,547",,2025-07-29 14:55:41
5288,100416,2025-01-15,,17742,81807,2025-07-31 14:55:41
5289,100416,2025-11-19,debit,,79899,2026-01-02 14:55:41
5290,100416,2025-05-02,credit,18598,--,2025-10-01 14:55:41
5291,100417,2025-04-27,debit,10525,19638,2025-07-13 14:55:41
5292,100417,2025-01-20,credit,17541,37179,2025-07-25 14:55:41
5293,100417,2025-02-05,debit,16464,"₹20,715",2025-08-16 14:55:41
5294,100417,2025-06-14,credit,"₹13,496","34,211",2025-09-10 14:55:41
5295,100417,2025-12-25,,"15,750",34211,2025-10-29 14:55:41
5296,100417,2025-08-26,credit,8275,42486,2025-11-25 14:55:41
5297,100417,2025-02-17,credit,794,43280,2025-12-12 14:55:41
5298,100417,2025-11-26,debit,18783,24497,2025-07-28 14:55:41
5299,100417,2025-06-26,,2830,,2025-09-30 14:55:41
5300,100417,2025-01-16,credit,1344,"25,841",2025-09-10 14:55:41
5301,100417,2025-07-13,credit,17540,43381,2025-09-30 14:55:41
5302,100417,2025-02-28,debit,"11,885",31496,2026-01-03 14:55:41
5303,100417,2025-08-27,debit,"6,845",24651,2025-08-02 14:55:41
5304,100417,19/07/2025,credit,17422,"42,073",2025-12-08 14:55:41
5305,100417,2025-02-12,,8068,"42,073",2026-01-08 14:55:41
5306,100417,2025-11-30,credit,16768,58841,2025-09-20 14:55:41
5307,100417,2025-08-26,debit,14475,44366,2026-01-12 14:55:41
5308,100418,2025-03-13,credit,15888,,2025-09-13 14:55:41
5309,100418,2025-10-28,debit,,38324,2025-11-13 14:55:41
5310,100418,2025-07-05,credit,4628,42952,2025-12-16 14:55:41
5311,100418,2025-06-25,credit,8695,51647,2025-10-29 14:55:41
5312,100418,2025-08-10,credit,N/A,"59,553",2025-08-10 14:55:41
5313,100418,2025-02-26,credit,4258,63811,2025-10-02 14:55:41
5314,100418,2025-12-20,,1973,63811,2025-07-16 14:55:41
5315,100418,2025-13-40,credit,,67851,2025-07-14 14:55:41
5316,100418,2025-09-05,,18877,67851,2025-09-07 14:55:41
5317,100418,2025-11-07,credit,18624,,2025-07-07 14:55:41
5318,100418,2025-09-20,credit,18611,105086,2025-12-18 14:55:41
5319,100418,2025-13-40,debit,17216,87870,2025-08-27 14:55:41
5320,100418,2025-10-06,,15008,87870,2025-08-28 14:55:41
5321,100418,2025-01-28,credit,9357,N/A,2025-08-23 14:55:41
5322,100419,2025-09-22,debit,1125,17687,2025-12-11 14:55:41
5323,100419,2025-09-07,debit,8577,9110,2025-08-29 14:55:41
5324,100419,2025-01-20,credit,10068,19178,2025-10-07 14:55:41
5325,100419,2025-12-12,,3731,19178,2025-09-05 14:55:41
5326,100419,2025-02-25,debit,1971,17207,2025-11-08 14:55:41
5327,100419,2025-08-05,debit,18769,--,2025-11-23 14:55:41
5328,100419,2025-12-17,debit,"2,107",0,2025-08-19 14:55:41
5329,100419,2025-02-15,,9747,0,2026-01-02 14:55:41
5330,100419,2025-11-08,,"11,681",₹0,2026-01-14 14:55:41
5331,100419,2025-03-28,,7214,,2025-10-20 14:55:41
5332,100419,2025-07-01,credit,6024,2355,2025-11-01 14:55:41
5333,100419,2025-08-12,credit,9090,11445,2025-10-08 14:55:41
5334,100419,2025-02-04,,3783,11445,2025-12-15 14:55:41
5335,100419,2025-04-21,debit,"19,808",0,2025-11-19 14:55:41
5336,100419,2025-01-26,credit,14092,"5,729",2025-10-01 14:55:41
5337,100419,2025-05-10,credit,"6,595",12324,2025-10-23 14:55:41
5338,100419,2025-02-27,,6737,12324,2025-11-20 14:55:41
5339,100420,2025-03-11,,16152,48523,2025-09-10 14:55:41
5340,100420,2025-05-13,credit,"₹4,960","₹53,483",2025-10-28 14:55:41
5341,100420,2025-03-20,debit,7001,46482,2025-09-06 14:55:41
5342,100420,2025-11-19,debit,15590,"₹30,892",2025-11-04 14:55:41
5343,100420,2025-12-24,credit,3158,34050,2025-07-11 14:55:41
5344,100420,2025-02-11,,18082,34050,2025-08-30 14:55:41
5345,100420,2025-09-16,,4339,34050,2025-07-03 14:55:41
5346,100420,2025-02-27,,9067,"₹34,050",2025-11-22 14:55:41
5347,100420,2025-11-03,debit,14361,19689,2025-10-07 14:55:41
5348,100420,2025-04-12,debit,9377,10312,2025-07-24 14:55:41
5349,100420,2025-08-18,credit,14889,25201,2025-07-25 14:55:41
5350,100420,2025-11-05,,"₹1,047",25201,2025-12-11 14:55:41
5351,100420,2025-06-20,debit,9058,16143,2025-08-19 14:55:41
5352,100420,2025-12-07,,₹863,16143,2025-09-03 14:55:41
5353,100420,2025-02-13,credit,--,29279,2026-01-09 14:55:41
5354,100420,2025-03-08,,15196,29279,2026-01-08 14:55:41
5355,100420,2025-05-26,credit,2422,31701,2025-07-23 14:55:41
5356,100420,2025-06-21,debit,"13,549",18152,2025-10-10 14:55:41
5357,100420,2025-10-22,credit,N/A,37405,2025-08-07 14:55:41
5358,100420,2025-12-28,debit,"19,256",18149,2025-09-03 14:55:41
5359,100421,2025-09-14,,19089,2073,2026-01-14 14:55:41
5360,100421,2025-04-08,debit,4469,0,2025-12-10 14:55:41
5361,100421,2025-12-29,debit,8744,0,2025-11-29 14:55:41
5362,100421,2025-04-03,credit,10978,0,2025-08-01 14:55:41
5363,100421,2025-10-13,credit,12466,"12,304",2025-08-25 14:55:41
5364,100421,2025-04-26,debit,7437,4867,2025-07-20 14:55:41
5365,100421,2025-12-14,,"₹17,034",4867,2025-08-02 14:55:41
5366,100421,2025-03-23,,18293,4867,2025-07-04 14:55:41
5367,100421,2025-09-10,credit,17531,22398,2025-12-03 14:55:41
5368,100421,2025-01-08,debit,4693,17705,2026-01-05 14:55:41
5369,100422,2025-04-06,credit,"9,017",21637,2025-11-18 14:55:41
5370,100422,2025-04-09,debit,"17,713",3924,2025-10-05 14:55:41
5371,100422,2025-03-18,,7762,"3,924",2025-11-30 14:55:41
5372,100422,2025-01-05,credit,"₹17,574",21498,2025-08-19 14:55:41
5373,100422,2025-01-22,,"12,766",21498,2025-11-07 14:55:41
5374,100423,2025-05-12,credit,"12,720",40429,2025-12-14 14:55:41
5375,100423,2025-05-29,credit,7551,47980,2026-01-11 14:55:41
5376,100423,2025-04-03,credit,5379,53359,2025-12-14 14:55:41
5377,100423,05/10/2025,debit,16822,36537,2025-12-13 14:55:41
5378,100423,2025-05-19,,"2,979","36,537",2025-08-22 14:55:41
5379,100423,2025-12-17,credit,80225,116762,2025-12-03 14:55:41
5380,100423,2025-12-06,,3109,116762,2025-07-19 14:55:41
5381,100423,2025-11-29,debit,4203,112559,2025-09-15 14:55:41
5382,100423,2025-01-13,,3676,112559,2025-11-08 14:55:41
5383,100423,2025-04-19,,3934,"112,559",2026-01-17 14:55:41
5384,100423,2025-06-05,,18544,112559,2025-12-11 14:55:41
5385,100424,2025-01-15,,--,42272,2025-08-05 14:55:41
5386,100424,2025-10-17,credit,15129,"₹57,401",2025-08-07 14:55:41
5387,100424,2025-06-30,debit,"15,414",41987,2025-12-12 14:55:41
5388,100424,2025-11-13,debit,,32906,2025-10-27 14:55:41
5389,100424,2025-05-09,,5609,"32,906",2026-01-13 14:55:41
5390,100425,2025-09-19,debit,18258,18661,2025-07-19 14:55:41
5391,100425,2025-03-12,,4819,"18,661",2025-12-25 14:55:41
5392,100425,2025-07-20,,"8,578",18661,2025-12-06 14:55:41
5393,100425,2025-10-05,debit,17185,1476,2025-07-10 14:55:41
5394,100425,2025-04-07,,14580,"1,476",2025-09-28 14:55:41
5395,100425,2025-08-26,,"₹3,348",1476,2025-10-29 14:55:41
5396,100425,2025-04-26,debit,11974,0,2025-10-03 14:55:41
5397,100425,2025-09-17,,"6,662",0,2025-09-11 14:55:41
5398,100425,2025-03-21,credit,12102,1604,2026-01-04 14:55:41
5399,100425,2025-07-04,debit,11880,0,2025-07-23 14:55:41
5400,100425,2025-11-08,debit,1338,0,2025-11-01 14:55:41
5401,100425,2025-12-28,,18658,0,2025-10-28 14:55:41
5402,100425,2025-11-06,credit,6182,0,2025-08-24 14:55:41
5403,100425,2025-10-27,debit,N/A,₹0,2025-10-24 14:55:41
5404,100425,2025-08-25,debit,5288,0,2025-07-12 14:55:41
5405,100425,2025-05-24,,10711,0,2025-09-26 14:55:41
5406,100425,2025-13-40,debit,9540,0,2026-01-01 14:55:41
5407,100425,2025-06-23,,18671,₹0,2025-08-19 14:55:41
5408,100426,2025-03-24,credit,3650,29628,2025-10-15 14:55:41
5409,100426,2025-11-20,debit,187325,0,2025-10-28 14:55:41
5410,100426,2025-01-22,credit,11616,0,2025-07-08 14:55:41
5411,100426,2025-07-27,,9562,0,2025-11-25 14:55:41
5412,100426,2025-03-17,,16729,0,2025-09-18 14:55:41
5413,100426,2025-05-16,,"₹3,524",0,2025-10-03 14:55:41
5414,100426,2025-06-12,debit,13372,0,2025-12-19 14:55:41
5415,100426,2025-02-14,credit,14042,0,2025-12-01 14:55:41
5416,100426,2025-10-28,,13525,0,2025-09-11 14:55:41
5417,100426,2025-02-13,debit,13817,0,2025-09-25 14:55:41
5418,100426,2025-02-06,debit,7271,0,2025-09-19 14:55:41
5419,100426,2025-08-07,debit,"12,753",0,2025-11-26 14:55:41
5420,100426,2025-10-09,,3470,0,2025-07-17 14:55:41
5421,100426,2025-11-19,,2014,0,2025-09-13 14:55:41
5422,100427,2025-07-21,debit,"14,260",16349,2025-12-05 14:55:41
5423,100427,2025-03-09,,"₹14,324",16349,2025-12-26 14:55:41
5424,100427,2025-07-30,debit,11230,5119,2025-07-27 14:55:41
5425,100427,2025-01-24,debit,5402,0,2025-10-14 14:55:41
5426,100427,2025-08-01,credit,8681,8398,2025-09-19 14:55:41
5427,100427,2025-08-03,debit,--,7280,2025-12-16 14:55:41
5428,100427,2025-05-12,,8561,7280,2025-12-26 14:55:41
5429,100427,2025-05-20,,6224,"7,280",2025-10-22 14:55:41
5430,100427,2025-09-03,,2526,7280,2026-01-14 14:55:41
5431,100427,2025-05-04,,3996,"7,280",2025-11-15 14:55:41
5432,100427,2025-12-10,credit,"17,658",24938,2025-10-08 14:55:41
5433,100427,2025-13-40,credit,10278,35216,2026-01-01 14:55:41
5434,100427,2025-04-11,credit,17977,53193,2025-07-24 14:55:41
5435,100427,2025-01-16,debit,2001,51192,2025-08-08 14:55:41
5436,100427,13/12/2025,credit,6793,57985,2025-10-02 14:55:41
5437,100427,2025-01-08,debit,17073,40912,2025-11-11 14:55:41
5438,100428,30/09/2025,,8493,24607,2025-09-22 14:55:41
5439,100428,2025-04-22,,"₹19,859",24607,2025-07-08 14:55:41
5440,100428,2025-05-16,,9005,24607,2025-10-22 14:55:41
5441,100428,2025-08-14,credit,2237,"₹26,844",2025-11-08 14:55:41
5442,100428,2025-13-40,debit,17161,9683,2025-11-24 14:55:41
5443,100428,2025-02-27,credit,17136,26819,2025-12-26 14:55:41
5444,100428,2025-05-06,credit,6709,33528,2025-08-24 14:55:41
5445,100428,2025-06-21,debit,1499,"₹32,029",2025-07-21 14:55:41
5446,100428,2025-04-16,credit,--,46267,2025-11-17 14:55:41
5447,100428,2025-04-11,credit,"12,312","58,579",2025-09-15 14:55:41
5448,100428,2025-03-08,credit,7382,N/A,2025-07-05 14:55:41
5449,100428,2025-12-09,,"₹16,949",65961,2025-10-26 14:55:41
5450,100428,2025-05-01,credit,1841,,2025-07-29 14:55:41
5451,100428,2025-01-22,,19010,67802,2025-08-20 14:55:41
5452,100428,2025-05-24,debit,16348,51454,2025-08-04 14:55:41
5453,100428,2025-08-07,credit,8257,"59,711",2025-12-28 14:55:41
5454,100428,2025-12-18,credit,N/A,66892,2025-09-11 14:55:41
5455,100428,2025-04-29,credit,17976,84868,2025-07-10 14:55:41
5456,100428,2025-03-08,credit,13318,,2025-12-14 14:55:41
5457,100428,12/10/2025,debit,3466,94720,2025-12-08 14:55:41
5458,100429,2025-05-08,,12568,N/A,2025-07-27 14:55:41
5459,100429,2025-07-18,debit,16009,5467,2026-01-11 14:55:41
5460,100429,2025-04-18,debit,679,4788,2025-11-10 14:55:41
5461,100429,2025-12-07,debit,752,4036,2025-07-13 14:55:41
5462,100429,29/06/2025,debit,5566,0,2025-12-04 14:55:41
5463,100429,2025-10-26,debit,"7,848",0,2025-08-19 14:55:41
5464,100429,2025-05-17,,16941,0,2026-01-05 14:55:41
5465,100430,2025-08-29,debit,7412,40478,2025-07-05 14:55:41
5466,100430,2025-08-06,credit,1144,"41,622",2025-08-16 14:55:41
5467,100430,2025-06-22,debit,17421,24201,2025-11-23 14:55:41
5468,100430,22/09/2025,,471,24201,2025-08-09 14:55:41
5469,100430,2025-12-20,debit,16433,7768,2025-07-31 14:55:41
5470,100431,2025-11-20,,10359,23591,2025-11-11 14:55:41
5471,100431,28/05/2025,,418,"23,591",2025-11-27 14:55:41
5472,100431,2026-01-01,credit,11556,35147,2025-11-13 14:55:41
5473,100431,2025-02-04,,9361,"35,147",2025-09-12 14:55:41
5474,100431,2025-12-13,debit,10430,"24,717",2025-11-29 14:55:41
5475,100431,2025-07-31,credit,9262,33979,2025-07-09 14:55:41
5476,100432,2025-13-40,debit,7825,28750,2025-07-02 14:55:41
5477,100432,2025-03-17,credit,3844,32594,2025-11-08 14:55:41
5478,100432,2025-10-24,,9978,32594,2025-08-18 14:55:41
5479,100432,2025-04-16,,5399,32594,2025-09-03 14:55:41
5480,100432,2025-01-31,,,,2025-12-06 14:55:41
5481,100432,2025-12-21,,16898,--,2025-12-02 14:55:41
5482,100432,2025-04-09,,16237,32594,2025-12-14 14:55:41
5483,100432,2025-07-20,,14821,32594,2025-09-26 14:55:41
5484,100432,2025-03-04,debit,6837,25757,2025-10-07 14:55:41
5485,100432,2025-08-27,,"₹13,124",25757,2025-08-28 14:55:41
5486,100432,2025-05-25,,"₹8,997",25757,2025-11-21 14:55:41
5487,100432,2025-10-13,,17966,25757,2026-01-02 14:55:41
5488,100432,2025-09-19,debit,18176,7581,2025-08-13 14:55:41
5489,100432,2025-09-12,debit,15523,0,2025-08-27 14:55:41
5490,100432,2025-06-10,debit,7164,0,2025-11-27 14:55:41
5491,100432,2025-04-15,debit,--,0,2025-12-24 14:55:41
5492,100432,2025-06-04,debit,9589,₹0,2025-12-13 14:55:41
5493,100432,2025-05-01,debit,19256,0,2025-09-30 14:55:41
5494,100432,2025-13-40,,9246,0,2025-12-06 14:55:41
5495,100432,2025-06-11,credit,"16,928",0,2025-09-30 14:55:41
5496,100433,2025-02-04,,4330,10973,2025-12-09 14:55:41
5497,100433,2025-03-22,,1447,10973,2025-08-07 14:55:41
5498,100433,2025-09-12,credit,"6,414",17387,2025-10-14 14:55:41
5499,100433,2025-07-07,debit,11776,5611,2025-07-03 14:55:41
5500,100433,2025-10-13,debit,6945,0,2025-07-25 14:55:41
5501,100433,2025-10-13,debit,13420,0,2025-12-28 14:55:41
5502,100433,2025-09-08,debit,16744,₹0,2025-09-30 14:55:41
5503,100433,2025-11-06,credit,"15,486",0,2025-12-28 14:55:41
5504,100433,2025-07-26,credit,,75938,2025-12-31 14:55:41
5505,100433,2025-05-31,credit,14428,90366,2026-01-03 14:55:41
5506,100433,2025-08-17,credit,17957,108323,2025-11-26 14:55:41
5507,100433,2025-01-29,credit,--,123592,2025-08-04 14:55:41
5508,100433,2025-05-03,credit,9213,,2025-10-15 14:55:41
5509,100433,29/12/2025,,"₹5,341",--,2025-12-14 14:55:41
5510,100433,2025-02-19,credit,"₹9,673",142478,2026-01-10 14:55:41
5511,100433,2025-11-01,,13110,142478,2025-08-20 14:55:41
5512,100434,2025-07-07,,2461,13589,2025-07-14 14:55:41
5513,100434,2025-09-27,,17549,13589,2025-09-12 14:55:41
5514,100434,2025-04-22,credit,18814,"₹32,403",2025-08-06 14:55:41
5515,100434,2025-11-14,credit,"15,189",47592,2025-10-28 14:55:41
5516,100434,2025-05-26,credit,11192,N/A,2025-11-27 14:55:41
5517,100434,2025-11-15,credit,15824,74608,2025-12-18 14:55:41
5518,100434,2025-02-24,credit,15592,90200,2025-07-09 14:55:41
5519,100434,2025-04-16,,"12,740",90200,2025-11-01 14:55:41
5520,100434,2025-11-08,debit,4777,85423,2025-10-08 14:55:41
5521,100434,2025-12-20,,"₹11,514",85423,2025-12-18 14:55:41
5522,100434,2025-03-24,debit,"19,584",65839,2025-08-18 14:55:41
5523,100434,2025-01-25,credit,"₹19,198",85037,2025-10-30 14:55:41
5524,100434,2025-01-28,credit,"19,910",104947,2025-07-21 14:55:41
5525,100434,2025-01-13,debit,8718,96229,2025-09-12 14:55:41
5526,100434,2025-03-09,debit,7495,,2025-07-17 14:55:41
5527,100435,2025-10-08,credit,9851,18170,2025-07-12 14:55:41
5528,100435,2025-06-18,credit,11126,"29,296",2025-10-02 14:55:41
5529,100435,25/03/2025,debit,549,"28,747",2025-08-17 14:55:41
5530,100435,2025-13-40,,"₹12,105",28747,2025-11-11 14:55:41
5531,100435,2025-11-12,,17385,28747,2025-07-17 14:55:41
5532,100435,2025-05-30,debit,2299,26448,2025-09-06 14:55:41
5533,100435,2025-07-18,debit,251,26197,2025-10-03 14:55:41
5534,100435,2025-03-13,,16295,26197,2025-09-22 14:55:41
5535,100435,2025-11-22,,6536,26197,2025-08-30 14:55:41
5536,100435,2025-11-30,credit,12636,38833,2026-01-08 14:55:41
5537,100435,2025-11-15,credit,5475,"44,308",2025-09-15 14:55:41
5538,100435,2025-09-15,credit,13855,"58,163",2025-12-02 14:55:41
5539,100436,2025-07-27,credit,--,57048,2025-12-09 14:55:41
5540,100436,2025-10-15,credit,"₹7,766",--,2025-08-06 14:55:41
5541,100436,2025-02-14,,14672,N/A,2025-11-28 14:55:41
5542,100436,2025-13-40,,"3,708","₹64,814",2025-10-01 14:55:41
5543,100436,2025-02-06,,"₹3,105",64814,2025-09-17 14:55:41
5544,100436,2025-09-28,,"2,204","64,814",2025-11-28 14:55:41
5545,100436,2025-12-17,debit,11674,"53,140",2025-08-07 14:55:41
5546,100436,2025-04-03,credit,"11,603","64,743",2025-07-16 14:55:41
5547,100436,2025-13-40,,1121,64743,2025-10-27 14:55:41
5548,100436,2025-12-26,debit,--,"61,028",2025-12-06 14:55:41
5549,100437,2025-13-40,,6154,"22,725",2025-08-28 14:55:41
5550,100437,2025-13-40,,3303,22725,2025-12-25 14:55:41
5551,100437,2025-07-10,credit,10128,32853,2025-09-13 14:55:41
5552,100437,2025-07-30,credit,1580,34433,2025-10-23 14:55:41
5553,100437,2025-02-04,credit,15521,N/A,2025-09-18 14:55:41
5554,100437,2025-11-14,,2033,49954,2025-10-31 14:55:41
5555,100437,2025-01-08,,2494,49954,2025-10-13 14:55:41
5556,100437,2025-05-20,credit,12294,"₹62,248",2025-09-24 14:55:41
5557,100437,31/08/2025,credit,14700,76948,2025-09-21 14:55:41
5558,100437,2025-12-31,debit,3588,,2025-11-26 14:55:41
5559,100437,2025-06-29,credit,"₹18,610",91970,2025-09-20 14:55:41
5560,100437,2025-01-06,,15500,91970,2025-09-30 14:55:41
5561,100437,02/02/2025,,10607,"91,970",2025-09-05 14:55:41
5562,100437,2025-06-04,debit,7965,84005,2025-12-04 14:55:41
5563,100437,2025-04-22,,11466,84005,2025-11-19 14:55:41
5564,100437,2025-12-26,,10169,N/A,2025-08-12 14:55:41
5565,100437,2025-08-26,debit,15072,68933,2025-12-18 14:55:41
5566,100437,2025-07-21,credit,"₹2,115",71048,2025-07-29 14:55:41
5567,100437,2025-09-15,debit,2411,68637,2025-09-05 14:55:41
5568,100438,2025-13-40,credit,19017,"₹57,478",2025-11-02 14:55:41
5569,100438,2025-01-28,,375,"57,478",2025-11-09 14:55:41
5570,100438,2025-07-17,,328425,57478,2025-12-02 14:55:41
5571,100438,2025-07-10,,5325,57478,2025-08-27 14:55:41
5572,100438,2025-08-16,,,57478,2025-10-04 14:55:41
5573,100438,2025-02-24,debit,N/A,42605,2026-01-09 14:55:41
5574,100438,2025-01-09,debit,N/A,35054,2025-12-17 14:55:41
5575,100438,28/09/2025,debit,9447,25607,2025-11-26 14:55:41
5576,100438,2025-08-20,,9825,25607,2026-01-04 14:55:41
5577,100438,2025-09-01,credit,10799,36406,2025-11-22 14:55:41
5578,100439,2025-10-04,credit,"2,009",31595,2025-10-28 14:55:41
5579,100439,2025-07-28,credit,1773,33368,2025-07-19 14:55:41
5580,100439,2025-06-11,,15353,33368,2025-12-12 14:55:41
5581,100439,2025-01-15,debit,19706,13662,2025-08-06 14:55:41
5582,100439,2025-05-15,,5049,13662,2025-08-08 14:55:41
5583,100439,2025-09-11,,6686,"13,662",2025-08-19 14:55:41
5584,100439,2025-12-22,debit,14135,0,2025-09-05 14:55:41
5585,100439,2025-05-04,debit,12576,0,2025-10-19 14:55:41
5586,100439,2025-01-30,debit,11478,0,2025-09-02 14:55:41
5587,100440,2025-01-31,,6662,18435,2025-09-07 14:55:41
5588,100440,2025-12-20,debit,"19,650",0,2025-09-28 14:55:41
5589,100440,2025-12-17,credit,"10,471",9256,2025-10-01 14:55:41
5590,100440,2025-04-15,credit,54950,64206,2025-11-04 14:55:41
5591,100440,2025-01-03,credit,4214,--,2025-08-05 14:55:41
5592,100440,2025-05-16,,14783,68420,2025-09-13 14:55:41
5593,100440,2025-12-16,debit,"₹1,629",66791,2025-11-12 14:55:41
5594,100440,2025-02-11,credit,"₹10,490",77281,2025-12-02 14:55:41
5595,100440,2025-03-02,,505,77281,2025-10-03 14:55:41
5596,100440,2025-05-10,credit,9488,"86,769",2025-09-26 14:55:41
5597,100440,2025-08-21,credit,14103,--,2025-12-07 14:55:41
5598,100440,2025-10-11,,14806,100872,2025-07-11 14:55:41
5599,100440,2025-03-12,credit,8327,109199,2025-10-13 14:55:41
5600,100440,2025-05-05,,1767,109199,2025-12-03 14:55:41
5601,100440,2025-01-10,debit,2960,106239,2025-07-19 14:55:41
5602,100440,2025-07-29,debit,17218,89021,2025-08-27 14:55:41
5603,100440,2025-09-02,debit,N/A,79675,2025-08-24 14:55:41
5604,100440,2025-13-40,debit,18734,--,2025-10-07 14:55:41
5605,100441,2025-04-01,,"₹3,239",48911,2025-11-05 14:55:41
5606,100441,2025-04-06,,18582,--,2026-01-15 14:55:41
5607,100441,2025-10-28,,12372,48911,2025-12-19 14:55:41
5608,100441,2025-01-20,debit,"7,800",41111,2025-08-27 14:55:41
5609,100441,2025-03-15,credit,19871,60982,2025-08-11 14:55:41
5610,100441,2025-10-03,credit,19124,80106,2025-09-11 14:55:41
5611,100441,02/03/2025,,10352,80106,2025-12-19 14:55:41
5612,100442,2025-05-20,debit,"15,005",1220,2025-11-11 14:55:41
5613,100442,20/09/2025,credit,1160,"2,380",2025-12-05 14:55:41
5614,100442,2025-07-11,credit,18583,20963,2025-10-10 14:55:41
5615,100442,18/09/2025,debit,864,20099,2026-01-15 14:55:41
5616,100442,2025-07-08,debit,1005,19094,2025-12-10 14:55:41
5617,100443,2025-02-09,,12020,2566,2025-09-02 14:55:41
5618,100443,2025-10-29,credit,--,22236,2025-12-28 14:55:41
5619,100443,2025-09-10,debit,1683,"₹20,553",2025-07-15 14:55:41
5620,100443,2025-04-20,credit,7529,28082,2025-10-13 14:55:41
5621,100443,2025-03-13,,"₹9,350",--,2025-10-01 14:55:41
5622,100443,2025-13-40,credit,16634,44716,2025-10-13 14:55:41
5623,100443,2025-12-19,,"₹7,305",44716,2025-10-19 14:55:41
5624,100443,2025-06-07,,"9,116","44,716",2025-09-10 14:55:41
5625,100443,2025-12-24,credit,17093,61809,2025-07-14 14:55:41
5626,100443,2025-12-05,credit,9374,71183,2025-08-16 14:55:41
5627,100443,2025-03-25,credit,17001,88184,2025-07-05 14:55:41
5628,100443,2025-10-09,credit,1070,89254,2025-10-15 14:55:41
5629,100443,2025-05-23,debit,11459,77795,2025-08-17 14:55:41
5630,100443,2025-08-27,credit,16231,94026,2025-11-14 14:55:41
5631,100443,2025-04-15,debit,11766,82260,2025-09-13 14:55:41
5632,100443,2025-02-18,credit,19671,101931,2025-11-23 14:55:41
5633,100443,2025-13-40,debit,11549,90382,2025-09-26 14:55:41
5634,100443,2025-09-03,credit,15890,106272,2025-11-21 14:55:41
5635,100443,23/07/2025,credit,"₹12,387",118659,2025-07-03 14:55:41
5636,100443,2025-05-06,,8732,118659,2025-08-01 14:55:41
5637,100444,2025-01-18,credit,15112,24782,2025-07-03 14:55:41
5638,100444,2025-13-40,,13106,24782,2025-11-20 14:55:41
5639,100444,2025-09-05,credit,13738,38520,2025-07-10 14:55:41
5640,100444,21/08/2025,debit,"14,264",24256,2025-12-28 14:55:41
5641,100444,2025-01-11,credit,17419,,2025-08-25 14:55:41
5642,100444,2025-08-16,debit,6438,35237,2025-11-30 14:55:41
5643,100444,2025-12-06,credit,"2,008",,2025-10-08 14:55:41
5644,100444,2025-04-12,credit,5825,43070,2025-12-23 14:55:41
5645,100444,2025-07-14,debit,10328,32742,2025-10-11 14:55:41
5646,100445,2025-06-21,,5024,28056,2025-12-10 14:55:41
5647,100445,2025-13-40,credit,,N/A,2025-07-11 14:55:41
5648,100445,2025-09-29,,17611,45526,2025-11-10 14:55:41
5649,100445,2025-05-07,credit,903,46429,2025-12-23 14:55:41
5650,100445,2025-11-17,,467,46429,2025-12-11 14:55:41
5651,100445,2025-08-05,credit,"14,334",60763,2025-07-10 14:55:41
5652,100445,15/10/2025,,--,60763,2026-01-07 14:55:41
5653,100445,2025-07-06,credit,386,61149,2025-11-01 14:55:41
5654,100445,2025-12-14,credit,9424,70573,2025-09-22 14:55:41
5655,100445,2025-07-28,debit,"8,099",62474,2025-08-18 14:55:41
5656,100445,30/12/2025,,9324,62474,2025-09-18 14:55:41
5657,100445,2025-09-05,,6053,62474,2025-11-20 14:55:41
5658,100445,24/08/2025,debit,1495,60979,2025-11-22 14:55:41
5659,100446,2025-10-26,credit,345100,395056,2025-07-11 14:55:41
5660,100446,2026-01-01,debit,7523,--,2025-08-02 14:55:41
5661,100446,2025-07-11,,8763,387533,2025-11-24 14:55:41
5662,100446,2025-11-12,,"₹18,066",387533,2025-12-04 14:55:41
5663,100446,2025-04-18,credit,"₹11,233",398766,2025-11-20 14:55:41
5664,100446,2025-03-10,credit,"13,890",412656,2025-11-29 14:55:41
5665,100446,2025-07-06,debit,12995,"399,661",2025-12-21 14:55:41
5666,100446,2025-03-20,debit,4271,"395,390",2025-08-13 14:55:41
5667,100446,2025-09-21,,6751,"₹395,390",2025-11-12 14:55:41
5668,100446,2025-09-23,credit,5115,400505,2025-08-27 14:55:41
5669,100446,2025-11-20,,3566,400505,2025-12-19 14:55:41
5670,100446,2025-09-10,,12509,400505,2025-10-01 14:55:41
5671,100446,2025-08-09,,5364,400505,2025-08-30 14:55:41
5672,100446,2025-09-01,debit,9945,390560,2025-07-19 14:55:41
5673,100447,2025-07-15,credit,9848,--,2025-11-29 14:55:41
5674,100447,2025-07-18,,8298,41506,2025-12-29 14:55:41
5675,100447,2025-03-09,,8849,41506,2025-10-29 14:55:41
5676,100447,2025-12-03,debit,2224,"₹39,282",2025-09-23 14:55:41
5677,100447,2025-04-10,credit,1755,41037,2025-09-15 14:55:41
5678,100447,2025-01-11,,"₹1,115",41037,2025-11-15 14:55:41
5679,100447,2025-06-09,credit,,59915,2025-09-15 14:55:41
5680,100447,2025-03-06,credit,12790,72705,2025-09-29 14:55:41
5681,100447,2025-07-16,debit,14385,"58,320",2025-07-03 14:55:41
5682,100447,2025-06-16,credit,"₹13,275",71595,2025-09-18 14:55:41
5683,100447,2025-09-06,credit,9131,"₹80,726",2025-08-28 14:55:41
5684,100447,2025-09-29,debit,"2,148",78578,2025-10-05 14:55:41
5685,100447,2025-04-17,debit,15758,62820,2025-10-27 14:55:41
5686,100447,2025-11-28,credit,7217,70037,2026-01-03 14:55:41
5687,100447,2025-01-21,,16521,70037,2026-01-06 14:55:41
5688,100448,2025-13-40,debit,,26440,2026-01-12 14:55:41
5689,100448,2025-06-22,,7948,26440,2025-11-10 14:55:41
5690,100448,2025-11-09,credit,12938,39378,2025-08-27 14:55:41
5691,100448,2025-08-03,,5864,39378,2025-07-02 14:55:41
5692,100448,2025-05-15,,11498,39378,2025-09-28 14:55:41
5693,100448,2025-04-30,debit,7832,31546,2025-12-28 14:55:41
5694,100448,2025-10-18,credit,4241,35787,2025-12-04 14:55:41
5695,100448,19/05/2025,,7394,35787,2025-09-09 14:55:41
5696,100448,2025-06-05,,"9,157",--,2025-08-29 14:55:41
5697,100448,2025-11-11,credit,12050,47837,2025-08-20 14:55:41
5698,100448,2025-02-19,debit,1156,46681,2025-10-21 14:55:41
5699,100448,2025-02-02,debit,1204,45477,2025-08-30 14:55:41
5700,100448,2025-13-40,debit,"2,393",43084,2025-10-25 14:55:41
5701,100448,2025-01-11,,₹818,43084,2025-07-04 14:55:41
5702,100448,2025-08-05,debit,369450,0,2025-10-22 14:55:41
5703,100448,15/03/2025,debit,14500,0,2025-10-14 14:55:41
5704,100448,2025-03-12,,1163,0,2025-12-10 14:55:41
5705,100448,07/12/2025,debit,16555,0,2025-09-04 14:55:41
5706,100449,2025-01-13,,9210,36364,2026-01-07 14:55:41
5707,100449,2025-11-30,credit,"₹14,951","₹51,315",2025-12-14 14:55:41
5708,100449,2025-04-04,,1532,51315,2025-08-21 14:55:41
5709,100449,2025-07-21,,5718,"51,315",2025-07-25 14:55:41
5710,100449,2025-05-12,debit,"1,100",50215,2025-12-16 14:55:41
5711,100449,2025-10-30,,7938,50215,2026-01-01 14:55:41
5712,100449,2025-04-06,credit,2799,53014,2025-09-24 14:55:41
5713,100449,2025-01-06,debit,18926,34088,2025-07-20 14:55:41
5714,100449,2025-01-10,debit,1367,32721,2025-07-20 14:55:41
5715,100449,2025-09-22,debit,"11,565",21156,2025-11-25 14:55:41
5716,100449,2025-12-24,,"16,925",21156,2025-09-04 14:55:41
5717,100449,2025-05-25,credit,14678,"35,834",2025-09-03 14:55:41
5718,100449,2025-09-07,credit,13905,N/A,2025-12-11 14:55:41
5719,100450,2025-03-01,debit,5862,356,2025-09-21 14:55:41
5720,100450,2025-03-30,,3630,356,2025-09-23 14:55:41
5721,100450,2025-02-08,,"18,437",356,2025-08-01 14:55:41
5722,100450,06/07/2025,debit,,0,2025-09-13 14:55:41
5723,100450,2025-02-06,debit,4617,0,2025-10-25 14:55:41
5724,100450,2025-04-19,,3267,0,2025-08-19 14:55:41
5725,100451,2025-03-31,,3985,47827,2025-11-03 14:55:41
5726,100451,2025-05-22,,4944,47827,2025-10-07 14:55:41
5727,100451,2025-07-29,debit,4284,"43,543",2025-08-24 14:55:41
5728,100451,2025-09-02,credit,14719,58262,2025-09-18 14:55:41
5729,100451,2025-11-09,debit,11057,"47,205",2025-10-02 14:55:41
5730,100451,2025-02-07,debit,12807,34398,2025-07-22 14:55:41
5731,100451,2025-04-29,,15845,34398,2025-10-08 14:55:41
5732,100451,2025-06-27,,7377,"34,398",2026-01-10 14:55:41
5733,100451,07/11/2025,credit,5923,40321,2025-09-29 14:55:41
5734,100451,18/12/2025,credit,84400,"124,721",2025-07-25 14:55:41
5735,100451,2025-10-31,credit,5642,130363,2025-09-09 14:55:41
5736,100451,2025-07-05,,12540,130363,2025-10-09 14:55:41
5737,100451,2025-03-01,,13875,130363,2025-11-30 14:55:41
5738,100452,2025-04-12,debit,11474,"15,147",2025-09-02 14:55:41
5739,100452,31/12/2025,credit,15122,30269,2025-10-04 14:55:41
5740,100452,22/12/2025,,10123,30269,2025-11-22 14:55:41
5741,100452,2025-01-24,credit,13641,43910,2025-12-02 14:55:41
5742,100452,2025-08-17,credit,9159,53069,2025-12-23 14:55:41
5743,100452,2025-06-27,credit,16439,"69,508",2025-10-24 14:55:41
5744,100452,2025-08-01,debit,17447,--,2025-10-17 14:55:41
5745,100452,2025-03-29,,6402,52061,2025-12-13 14:55:41
5746,100452,2025-09-25,,19328,52061,2025-11-06 14:55:41
5747,100452,2025-08-15,credit,"₹10,455",62516,2025-11-02 14:55:41
5748,100452,2025-12-07,credit,19512,"₹82,028",2025-07-15 14:55:41
5749,100452,2025-13-40,credit,18789,100817,2025-12-20 14:55:41
5750,100453,2025-12-31,debit,--,"45,674",2025-08-23 14:55:41
5751,100453,2025-04-26,debit,15182,"₹30,492",2025-11-09 14:55:41
5752,100453,2025-07-20,debit,7047,"₹23,445",2025-09-15 14:55:41
5753,100453,2025-04-01,credit,19399,42844,2026-01-03 14:55:41
5754,100453,2025-09-21,,8488,42844,2025-10-16 14:55:41
5755,100453,2025-07-19,credit,12169,"55,013",2025-10-16 14:55:41
5756,100453,2025-11-11,credit,10472,65485,2025-10-30 14:55:41
5757,100453,2025-03-04,credit,"₹5,573",71058,2025-10-02 14:55:41
5758,100453,2025-04-24,credit,"4,960",76018,2025-11-04 14:55:41
5759,100453,2025-12-11,debit,"₹9,945",66073,2026-01-06 14:55:41
5760,100453,2025-02-26,,15853,66073,2026-01-12 14:55:41
5761,100453,2025-05-12,,2864,66073,2025-10-18 14:55:41
5762,100453,2025-03-26,debit,10736,55337,2025-12-27 14:55:41
5763,100453,2025-05-04,credit,1363,56700,2025-12-05 14:55:41
5764,100453,2025-03-31,,16793,56700,2025-09-23 14:55:41
5765,100453,2025-02-11,credit,2888,59588,2025-07-03 14:55:41
5766,100453,28/07/2025,debit,3793,55795,2025-09-05 14:55:41
5767,100453,2025-03-31,debit,12640,43155,2025-08-01 14:55:41
5768,100454,2025-01-29,debit,7251,0,2025-12-30 14:55:41
5769,100454,2025-03-14,credit,11810,,2025-10-06 14:55:41
5770,100454,2025-08-24,credit,3780,12028,2025-08-29 14:55:41
5771,100454,2025-03-16,debit,16197,0,2025-10-27 14:55:41
5772,100454,2025-06-29,,3900,0,2025-11-15 14:55:41
5773,100454,2025-02-25,debit,8923,0,2025-07-22 14:55:41
5774,100454,2025-09-28,,4313,0,2025-07-15 14:55:41
5775,100454,2025-07-04,,16780,0,2025-07-16 14:55:41
5776,100454,2025-04-21,debit,16632,0,2025-07-15 14:55:41
5777,100454,2025-07-21,credit,425,0,2025-10-29 14:55:41
5778,100454,2025-06-30,credit,18773,0,2025-09-20 14:55:41
5779,100454,23/03/2025,debit,--,0,2026-01-10 14:55:41
5780,100454,11/03/2025,credit,11350,0,2025-09-22 14:55:41
5781,100454,2025-13-40,credit,16101,6662,2025-09-28 14:55:41
5782,100454,2025-13-40,debit,"₹8,422",0,2025-07-02 14:55:41
5783,100454,2025-13-40,,16453,0,2025-10-04 14:55:41
5784,100454,2025-11-01,credit,,935,2025-09-30 14:55:41
5785,100454,2025-11-01,,12142,935,2025-12-11 14:55:41
5786,100454,2025-04-28,debit,10763,0,2025-12-01 14:55:41
5787,100454,2025-01-07,credit,15985,6157,2026-01-03 14:55:41
5788,100455,2025-13-40,,8682,"30,617",2025-07-09 14:55:41
5789,100455,2025-11-24,credit,1611,"32,228",2025-10-31 14:55:41
5790,100455,2025-09-27,debit,16425,"15,803",2025-07-22 14:55:41
5791,100455,2025-02-21,debit,"12,317",3486,2025-08-23 14:55:41
5792,100455,2025-05-08,,6185,3486,2025-11-08 14:55:41
5793,100455,02/02/2025,debit,6607,0,2025-09-30 14:55:41
5794,100455,2025-11-25,credit,4721,1600,2025-08-18 14:55:41
5795,100455,2025-08-05,debit,4604,0,2025-09-21 14:55:41
5796,100455,2025-12-04,credit,10096,7092,2025-07-15 14:55:41
5797,100455,14/10/2025,debit,3586,3506,2025-07-24 14:55:41
5798,100455,2025-10-27,credit,12699,16205,2025-12-04 14:55:41
5799,100456,07/09/2025,credit,8413,37505,2025-08-02 14:55:41
5800,100456,2025-11-06,credit,"8,521","₹46,026",2025-07-07 14:55:41
5801,100456,2025-04-30,debit,"₹10,934","35,092",2025-12-27 14:55:41
5802,100456,2025-04-05,,2292,35092,2025-11-24 14:55:41
5803,100456,2025-05-29,credit,5592,40684,2025-08-27 14:55:41
5804,100456,21/07/2025,debit,,--,2025-11-01 14:55:41
5805,100456,2025-02-10,,"4,099",--,2025-12-25 14:55:41
5806,100456,2025-06-22,debit,8532,30529,2025-08-05 14:55:41
5807,100456,2025-13-40,debit,11925,18604,2025-09-09 14:55:41
5808,100456,2025-11-14,credit,8465,"27,069",2025-12-21 14:55:41
5809,100456,2025-09-15,debit,9808,17261,2025-07-05 14:55:41
5810,100456,2025-02-25,credit,5687,22948,2025-10-01 14:55:41
5811,100456,2025-04-01,,10607,22948,2025-07-11 14:55:41
5812,100456,2025-11-22,,14854,22948,2025-07-06 14:55:41
5813,100456,2025-01-31,debit,13651,9297,2025-12-11 14:55:41
5814,100456,2025-01-18,,"17,933",9297,2025-12-03 14:55:41
5815,100456,2025-05-08,,10899,"9,297",2025-10-26 14:55:41
5816,100456,2025-01-06,credit,6871,16168,2025-12-10 14:55:41
5817,100456,2025-11-15,debit,"16,996",0,2025-10-26 14:55:41
5818,100456,2025-02-18,debit,12065,0,2025-11-06 14:55:41
5819,100457,2025-12-28,,2262,27774,2025-07-23 14:55:41
5820,100457,2025-12-07,,₹425,,2025-10-29 14:55:41
5821,100457,2025-02-02,debit,12524,15250,2025-07-06 14:55:41
5822,100457,2025-12-23,debit,"3,384","11,866",2026-01-09 14:55:41
5823,100457,2025-01-02,credit,9255,21121,2025-08-03 14:55:41
5824,100457,2025-08-18,,373,"21,121",2025-08-01 14:55:41
5825,100457,2025-01-05,debit,5313,--,2025-09-05 14:55:41
5826,100457,2025-03-02,debit,14880,928,2025-09-27 14:55:41
5827,100457,2025-02-10,,1839,928,2026-01-07 14:55:41
5828,100457,2025-10-02,credit,7385,8313,2025-08-10 14:55:41
5829,100457,2025-09-10,debit,2129,6184,2025-07-25 14:55:41
5830,100457,18/09/2025,debit,6917,0,2025-07-29 14:55:41
5831,100457,2025-02-03,debit,4686,0,2025-09-29 14:55:41
5832,100457,2025-06-02,credit,"7,652",2233,2025-10-01 14:55:41
5833,100458,2025-03-15,debit,"₹18,485",16021,2025-08-11 14:55:41
5834,100458,2025-02-02,,--,"16,021",2025-12-18 14:55:41
5835,100458,2025-12-28,credit,14258,30279,2026-01-01 14:55:41
5836,100458,2025-03-10,credit,--,49493,2026-01-16 14:55:41
5837,100458,2025-09-12,credit,15603,"₹65,096",2025-11-17 14:55:41
5838,100458,2025-10-20,,14237,N/A,2025-12-23 14:55:41
5839,100458,2025-01-06,,15678,65096,2025-07-17 14:55:41
5840,100458,2025-13-40,debit,"₹8,509",56587,2025-09-28 14:55:41
5841,100458,2025-04-13,credit,5258,61845,2025-09-01 14:55:41
5842,100458,2025-06-10,debit,"₹9,239","₹52,606",2025-11-14 14:55:41
5843,100458,2025-07-07,debit,"₹18,817",33789,2026-01-15 14:55:41
5844,100458,2025-05-22,credit,3658,37447,2025-09-09 14:55:41
5845,100458,2025-03-10,,16718,37447,2025-07-12 14:55:41
5846,100459,2025-01-31,debit,591,"28,844",2025-08-21 14:55:41
5847,100459,2025-08-06,,14914,28844,2025-11-11 14:55:41
5848,100459,2025-08-28,debit,"8,686",20158,2025-12-25 14:55:41
5849,100459,2025-12-11,credit,4363,24521,2025-09-26 14:55:41
5850,100459,2025-11-22,debit,11963,12558,2025-09-16 14:55:41
5851,100459,2025-05-25,,19358,12558,2025-09-18 14:55:41
5852,100459,2025-06-02,credit,5366,17924,2025-07-07 14:55:41
5853,100459,2025-05-28,debit,9589,8335,2025-10-17 14:55:41
5854,100459,2025-06-30,,16589,8335,2025-08-26 14:55:41
5855,100459,2025-02-02,credit,8975,17310,2025-08-28 14:55:41
5856,100459,2025-12-28,,3637,17310,2025-09-03 14:55:41
5857,100459,2025-03-17,,"₹2,886",17310,2025-07-07 14:55:41
5858,100459,29/11/2025,debit,13948,3362,2025-07-28 14:55:41
5859,100459,2025-01-17,credit,19897,"23,259",2025-12-12 14:55:41
5860,100459,2025-02-19,credit,2010,25269,2025-08-01 14:55:41
5861,100459,2025-09-04,credit,513,25782,2025-08-28 14:55:41
5862,100459,2025-01-31,,12669,"25,782",2025-08-11 14:55:41
5863,100459,2025-07-14,credit,4984,30766,2025-11-08 14:55:41
5864,100460,2025-10-19,,10387,18531,2026-01-14 14:55:41
5865,100460,2025-09-26,,17371,18531,2025-10-05 14:55:41
5866,100460,2025-11-27,,2065,18531,2025-11-25 14:55:41
5867,100460,2025-13-40,,13464,"₹18,531",2025-09-15 14:55:41
5868,100460,2025-03-12,credit,609,19140,2025-12-07 14:55:41
5869,100460,2025-09-04,credit,10436,"29,576",2025-10-24 14:55:41
5870,100460,2025-09-17,,"16,041",29576,2025-07-24 14:55:41
5871,100460,2025-08-23,credit,6375,35951,2025-09-18 14:55:41
5872,100460,2025-10-13,credit,6848,42799,2025-11-14 14:55:41
5873,100460,2025-07-10,credit,3090,"₹45,889",2025-08-07 14:55:41
5874,100460,2025-11-11,,15304,"45,889",2025-12-12 14:55:41
5875,100460,2025-12-14,credit,"13,190",59079,2025-08-08 14:55:41
5876,100460,2025-10-20,,18753,59079,2025-09-01 14:55:41
5877,100460,2025-09-28,,,59079,2025-07-16 14:55:41
5878,100460,2025-02-04,debit,11843,47236,2025-08-17 14:55:41
5879,100460,2025-11-18,credit,,"58,947",2026-01-04 14:55:41
5880,100461,2025-09-02,debit,1861,"12,272",2025-11-15 14:55:41
5881,100461,2025-03-01,,11299,12272,2025-07-21 14:55:41
5882,100461,2025-13-40,,11500,12272,2025-10-11 14:55:41
5883,100461,2025-09-16,,17596,12272,2025-09-27 14:55:41
5884,100461,2025-06-13,credit,"14,400",26672,2026-01-01 14:55:41
5885,100461,20/09/2025,,617,26672,2025-11-19 14:55:41
5886,100461,2025-03-05,debit,5553,"21,119",2025-08-30 14:55:41
5887,100461,2025-04-16,,12569,21119,2025-07-25 14:55:41
5888,100461,2025-03-30,debit,15171,5948,2025-10-28 14:55:41
5889,100461,2025-11-10,,16873,5948,2025-11-03 14:55:41
5890,100461,2025-05-27,,4098,5948,2025-11-26 14:55:41
5891,100461,2025-12-13,credit,--,9748,2025-07-27 14:55:41
5892,100461,2025-09-10,credit,"₹19,356",29104,2026-01-04 14:55:41
5893,100461,2025-13-40,debit,,24083,2025-08-07 14:55:41
5894,100461,2025-07-08,debit,N/A,22766,2025-11-17 14:55:41
5895,100461,2025-01-03,credit,1970,24736,2025-10-05 14:55:41
5896,100461,2025-03-18,,9225,24736,2025-09-14 14:55:41
5897,100461,2025-10-03,,--,24736,2026-01-10 14:55:41
5898,100461,2025-01-28,,19880,24736,2025-12-26 14:55:41
5899,100462,2025-02-19,debit,7076,5070,2025-09-22 14:55:41
5900,100462,2025-02-07,debit,"₹16,217",0,2025-11-16 14:55:41
5901,100462,2025-05-23,debit,"₹8,607",0,2025-09-17 14:55:41
5902,100462,2025-09-23,credit,"₹12,923",--,2025-08-04 14:55:41
5903,100462,14/08/2025,credit,"15,854","₹9,023",2025-10-29 14:55:41
5904,100463,2025-05-27,credit,2900,8105,2026-01-06 14:55:41
5905,100463,2025-07-20,debit,,0,2026-01-01 14:55:41
5906,100463,2025-13-40,debit,"11,974",0,2025-09-21 14:55:41
5907,100463,2025-03-20,credit,16963,2356,2025-08-10 14:55:41
5908,100463,2025-05-06,,,2356,2025-11-26 14:55:41
5909,100463,2025-03-18,debit,"₹2,374",0,2025-12-25 14:55:41
5910,100463,2025-03-04,debit,12459,0,2025-11-15 14:55:41
5911,100463,2025-09-17,debit,4237,0,2026-01-11 14:55:41
5912,100463,2025-02-06,credit,"6,142",₹0,2025-07-23 14:55:41
5913,100464,2025-03-03,credit,4683,50888,2025-07-21 14:55:41
5914,100464,2025-08-14,,1026,50888,2025-08-18 14:55:41
5915,100464,2025-12-24,debit,18019,"32,869",2025-11-02 14:55:41
5916,100464,2025-09-08,credit,16290,49159,2025-11-14 14:55:41
5917,100464,2025-03-20,,8778,49159,2025-12-23 14:55:41
5918,100464,2025-10-01,,349425,49159,2025-11-27 14:55:41
5919,100464,2025-01-28,,"5,105",,2025-10-21 14:55:41
5920,100464,2025-08-20,credit,"17,884",67043,2025-07-12 14:55:41
5921,100464,2025-11-18,credit,"9,529",76572,2025-08-21 14:55:41
5922,100464,2025-11-08,,13259,"76,572",2025-10-10 14:55:41
5923,100464,2025-04-02,,3549,76572,2026-01-08 14:55:41
5924,100464,2025-05-30,credit,2917,79489,2025-07-22 14:55:41
5925,100464,22/07/2025,,17097,79489,2025-09-18 14:55:41
5926,100464,2025-06-19,,9598,79489,2025-08-12 14:55:41
5927,100464,2025-07-09,debit,15785,"63,704",2026-01-05 14:55:41
5928,100464,2025-12-23,credit,13799,77503,2025-09-29 14:55:41
5929,100464,11/06/2025,,--,77503,2025-07-23 14:55:41
5930,100464,2025-10-21,debit,8466,69037,2025-12-21 14:55:41
5931,100465,2025-01-30,debit,6536,41981,2025-07-05 14:55:41
5932,100465,2025-09-13,credit,8671,50652,2025-07-06 14:55:41
5933,100465,2025-08-30,debit,"12,149",38503,2025-10-18 14:55:41
5934,100465,2025-12-14,debit,12144,26359,2025-07-31 14:55:41
5935,100465,2025-13-40,credit,454,26813,2025-11-16 14:55:41
5936,100465,2025-12-08,debit,868,25945,2025-09-22 14:55:41
5937,100465,2025-12-06,debit,516,25429,2025-08-03 14:55:41
5938,100465,2025-05-28,credit,6588,"₹32,017",2025-08-31 14:55:41
5939,100465,2025-02-20,,15649,32017,2025-12-17 14:55:41
5940,100465,2025-09-26,,8154,32017,2025-11-12 14:55:41
5941,100465,2025-11-19,debit,"16,556",15461,2025-07-07 14:55:41
5942,100465,2025-02-02,debit,,0,2025-12-25 14:55:41
5943,100465,2025-03-01,,15317,₹0,2026-01-04 14:55:41
5944,100465,2025-03-14,credit,"8,274",5426,2025-07-07 14:55:41
5945,100465,2025-12-10,credit,18319,N/A,2025-09-06 14:55:41
5946,100465,2025-12-10,,7728,23745,2025-08-09 14:55:41
5947,100465,2025-10-28,,19935,23745,2026-01-14 14:55:41
5948,100465,2025-11-12,debit,2391,21354,2025-12-02 14:55:41
5949,100465,2025-01-28,credit,13801,35155,2025-11-03 14:55:41
5950,100465,2025-09-30,,1669,35155,2025-12-12 14:55:41
5951,100466,2025-08-06,credit,6609,36635,2026-01-13 14:55:41
5952,100466,2025-08-19,credit,"3,918",,2025-11-09 14:55:41
5953,100466,2025-10-29,credit,16359,56912,2025-07-29 14:55:41
5954,100466,2025-02-22,credit,--,73632,2025-12-06 14:55:41
5955,100466,05/04/2025,debit,12241,"61,391",2025-12-14 14:55:41
5956,100466,2025-04-24,,16808,"61,391",2026-01-10 14:55:41
5957,100466,09/01/2025,,10309,61391,2025-11-14 14:55:41
5958,100466,2025-07-31,,11360,61391,2025-07-16 14:55:41
5959,100466,2025-09-19,,2625,61391,2025-10-16 14:55:41
5960,100466,13/09/2025,debit,18879,42512,2025-09-01 14:55:41
5961,100466,2025-01-27,debit,19306,23206,2025-11-21 14:55:41
5962,100466,2025-01-15,debit,5721,17485,2025-07-14 14:55:41
5963,100466,2025-07-13,credit,10585,28070,2025-08-03 14:55:41
5964,100467,2025-02-21,debit,6295,26218,2025-12-13 14:55:41
5965,100467,2025-04-14,,14033,26218,2025-08-30 14:55:41
5966,100467,2025-13-40,,,26218,2025-10-27 14:55:41
5967,100467,2025-06-11,debit,17737,"₹8,481",2025-11-27 14:55:41
5968,100467,2025-12-01,,11278,8481,2026-01-02 14:55:41
5969,100467,2025-10-28,,16179,8481,2025-07-20 14:55:41
5970,100467,2025-02-14,credit,625,9106,2025-07-06 14:55:41
5971,100467,06/01/2025,credit,421,9527,2025-12-08 14:55:41
5972,100467,2025-03-12,credit,9671,19198,2025-09-06 14:55:41
5973,100467,2025-06-02,,"10,561","₹19,198",2025-08-27 14:55:41
5974,100468,29/01/2025,credit,17497,65827,2025-12-11 14:55:41
5975,100468,2025-10-20,credit,5443,71270,2025-12-16 14:55:41
5976,100468,2025-03-11,credit,18683,89953,2025-12-19 14:55:41
5977,100468,2025-08-30,,14074,89953,2025-08-13 14:55:41
5978,100468,2025-10-13,credit,5911,"₹95,864",2026-01-15 14:55:41
5979,100468,2025-07-01,credit,3323,99187,2025-12-29 14:55:41
5980,100468,2025-11-21,,17079,,2025-08-15 14:55:41
5981,100468,2025-10-15,credit,"3,992",103179,2025-12-17 14:55:41
5982,100468,2025-08-25,,2086,103179,2025-11-05 14:55:41
5983,100469,2025-04-12,debit,5526,0,2026-01-13 14:55:41
5984,100469,2025-06-03,,4542,0,2025-08-30 14:55:41
5985,100469,2025-10-10,debit,"7,427",0,2025-11-28 14:55:41
5986,100469,2026-01-01,debit,"₹13,984",0,2025-10-22 14:55:41
5987,100469,2025-09-01,debit,7070,0,2025-09-25 14:55:41
5988,100469,2025-05-03,,7708,0,2025-08-23 14:55:41
5989,100469,2025-08-31,,9183,0,2026-01-17 14:55:41
5990,100469,2025-03-13,credit,4244,,2025-11-20 14:55:41
5991,100469,2025-12-01,,4721,0,2025-12-02 14:55:41
5992,100469,2025-08-12,credit,"₹2,097",0,2025-09-05 14:55:41
5993,100469,2025-01-14,debit,19315,0,2025-12-13 14:55:41
5994,100469,2025-07-22,credit,16071,₹0,2025-10-24 14:55:41
5995,100469,2025-12-06,debit,5457,0,2025-07-21 14:55:41
5996,100469,2025-07-23,,3141,N/A,2026-01-04 14:55:41
5997,100469,2025-11-30,,"14,480",0,2025-09-02 14:55:41
5998,100470,2025-06-14,debit,4490,,2026-01-11 14:55:41
5999,100470,27/02/2025,credit,5878,--,2025-12-28 14:55:41
6000,100470,2025-11-07,credit,"16,280",38290,2025-12-30 14:55:41
6001,100470,2025-12-24,,14204,38290,2025-12-29 14:55:41
6002,100470,2025-09-24,,16236,"38,290",2025-12-27 14:55:41
6003,100470,2025-07-01,debit,569,37721,2025-11-22 14:55:41
6004,100470,2025-02-14,,16486,37721,2025-07-04 14:55:41
6005,100470,2025-04-05,credit,4871,42592,2026-01-11 14:55:41
6006,100470,2025-08-17,debit,5145,37447,2025-10-05 14:55:41
6007,100470,2025-11-06,credit,4203,41650,2025-07-21 14:55:41
6008,100470,2025-09-25,debit,4853,36797,2025-07-28 14:55:41
6009,100470,2025-05-26,credit,4583,41380,2025-11-27 14:55:41
6010,100470,2025-13-40,debit,19364,22016,2025-11-25 14:55:41
6011,100470,28/02/2025,credit,12342,34358,2026-01-15 14:55:41
6012,100470,2025-04-27,,15059,34358,2025-07-08 14:55:41
6013,100470,2025-10-04,credit,16301,50659,2026-01-12 14:55:41
6014,100470,2025-08-24,,927,--,2025-12-14 14:55:41
6015,100470,2025-02-10,debit,13704,"36,955",2025-10-18 14:55:41
6016,100470,2025-10-22,debit,13133,23822,2025-11-03 14:55:41
6017,100470,2025-08-27,debit,12656,11166,2025-11-15 14:55:41
6018,100471,2025-04-05,credit,8750,17594,2025-07-17 14:55:41
6019,100471,2025-05-11,credit,8475,26069,2025-08-17 14:55:41
6020,100471,2025-02-14,,19984,26069,2025-12-03 14:55:41
6021,100471,2025-03-15,debit,N/A,,2025-07-20 14:55:41
6022,100471,2025-09-05,debit,7368,311,2025-08-10 14:55:41
6023,100471,2025-10-15,debit,5339,0,2025-12-26 14:55:41
6024,100471,19/01/2025,credit,14969,9941,2025-12-31 14:55:41
6025,100471,2025-10-26,credit,12810,22751,2025-11-18 14:55:41
6026,100471,2025-11-26,debit,"₹15,411",7340,2025-07-31 14:55:41
6027,100471,2025-04-09,,253550,"7,340",2025-12-25 14:55:41
6028,100471,2025-01-12,,15880,7340,2025-09-03 14:55:41
6029,100471,2025-07-16,debit,11778,0,2025-09-27 14:55:41
6030,100471,2025-06-05,debit,N/A,0,2025-10-15 14:55:41
6031,100471,2025-10-24,debit,8842,0,2025-09-17 14:55:41
6032,100471,2025-10-20,,18295,0,2025-11-28 14:55:41
6033,100471,2025-07-07,credit,131550,104966,2025-07-10 14:55:41
6034,100471,2025-01-30,credit,9578,114544,2025-12-15 14:55:41
6035,100471,2025-09-24,credit,N/A,133152,2025-11-28 14:55:41
6036,100472,2025-02-17,credit,"₹17,563",20869,2025-12-13 14:55:41
6037,100472,2025-08-19,,917,"20,869",2025-11-29 14:55:41
6038,100472,2025-12-05,debit,3003,17866,2025-08-17 14:55:41
6039,100472,14/08/2025,debit,12948,--,2025-07-14 14:55:41
6040,100472,2025-10-06,credit,18920,23838,2025-08-15 14:55:41
6041,100472,2025-06-18,debit,"₹4,329",19509,2025-10-07 14:55:41
6042,100472,2025-10-07,,19285,19509,2025-10-04 14:55:41
6043,100473,2025-08-22,,6829,46466,2026-01-09 14:55:41
6044,100473,2025-09-24,debit,19799,"₹26,667",2025-11-23 14:55:41
6045,100473,2025-13-40,,10165,26667,2025-09-06 14:55:41
6046,100473,2025-01-28,debit,4011,"₹22,656",2025-10-13 14:55:41
6047,100473,2025-03-06,,357,22656,2025-10-27 14:55:41
6048,100473,2025-10-12,,902,22656,2025-09-25 14:55:41
6049,100473,2025-12-08,,,22656,2025-10-08 14:55:41
6050,100473,04/01/2025,,2838,--,2025-12-23 14:55:41
6051,100473,2025-12-30,,2203,"22,656",2025-08-24 14:55:41
6052,100473,2025-04-04,credit,4737,27393,2025-07-26 14:55:41
6053,100473,2025-01-26,credit,18641,"46,034",2025-07-14 14:55:41
6054,100473,2025-08-27,credit,6027,52061,2025-12-24 14:55:41
6055,100473,2025-04-26,,18834,52061,2025-08-15 14:55:41
6056,100473,2025-10-04,debit,8208,43853,2025-09-30 14:55:41
6057,100473,2025-13-40,,19630,43853,2025-08-19 14:55:41
6058,100473,2025-08-19,debit,4512,39341,2025-12-04 14:55:41
6059,100473,2025-01-15,credit,6269,45610,2025-07-15 14:55:41
6060,100474,2025-12-18,credit,2537,44440,2025-12-08 14:55:41
6061,100474,2025-04-23,credit,18137,62577,2025-08-21 14:55:41
6062,100474,2025-13-40,credit,11229,73806,2025-10-20 14:55:41
6063,100474,2025-07-16,debit,"₹2,682",71124,2025-07-21 14:55:41
6064,100474,2025-01-10,,₹729,71124,2025-11-20 14:55:41
6065,100475,2025-12-14,credit,7460,30023,2025-12-14 14:55:41
6066,100475,2025-08-06,debit,"1,482",28541,2025-08-04 14:55:41
6067,100475,2025-11-11,credit,12897,41438,2026-01-04 14:55:41
6068,100475,2025-07-19,debit,19052,22386,2026-01-07 14:55:41
6069,100475,2025-01-16,debit,"₹11,563",10823,2025-12-13 14:55:41
6070,100475,2025-09-07,credit,"7,140",17963,2025-09-12 14:55:41
6071,100475,2025-06-24,,6702,17963,2025-09-26 14:55:41
6072,100476,2025-03-07,credit,"17,809",61195,2025-12-21 14:55:41
6073,100476,2025-11-07,,4616,61195,2025-08-19 14:55:41
6074,100476,2025-05-07,,,61195,2025-09-23 14:55:41
6075,100476,2025-07-04,credit,13176,--,2025-07-08 14:55:41
6076,100476,2025-10-05,credit,12462,N/A,2026-01-13 14:55:41
6077,100476,2025-11-18,debit,,"85,971",2025-07-18 14:55:41
6078,100476,2025-01-03,credit,--,104444,2025-10-03 14:55:41
6079,100476,30/06/2025,credit,510,104954,2025-11-11 14:55:41
6080,100476,2025-09-13,,5360,104954,2025-12-10 14:55:41
6081,100476,2025-10-05,,3343,104954,2025-10-30 14:55:41
6082,100476,2025-06-17,credit,19019,123973,2025-12-20 14:55:41
6083,100476,2025-01-17,credit,6253,130226,2025-08-24 14:55:41
6084,100476,2025-11-11,debit,3644,126582,2025-10-18 14:55:41
6085,100476,2025-10-11,credit,16654,143236,2025-08-01 14:55:41
6086,100477,2025-03-20,debit,5082,39363,2025-09-07 14:55:41
6087,100477,2025-05-30,credit,13780,53143,2025-11-18 14:55:41
6088,100477,2025-09-12,,215,53143,2026-01-08 14:55:41
6089,100477,2025-02-07,debit,2407,50736,2025-08-01 14:55:41
6090,100477,2025-10-02,,17249,N/A,2025-10-06 14:55:41
6091,100477,2025-09-02,debit,4786,45950,2025-11-05 14:55:41
6092,100478,2025-02-06,credit,15289,42487,2025-07-11 14:55:41
6093,100478,2025-02-05,,"2,928",42487,2025-08-04 14:55:41
6094,100478,2025-07-07,credit,12853,55340,2025-09-01 14:55:41
6095,100478,2025-04-23,credit,7711,63051,2026-01-07 14:55:41
6096,100478,2025-10-27,credit,"₹11,981",75032,2026-01-02 14:55:41
6097,100478,2025-07-15,,11723,75032,2025-08-06 14:55:41
6098,100478,2025-05-29,credit,1887,76919,2025-10-21 14:55:41
6099,100478,2025-03-11,,5814,76919,2025-09-02 14:55:41
6100,100478,2025-02-09,credit,14052,90971,2025-12-07 14:55:41
6101,100478,2025-09-27,,8273,90971,2025-10-16 14:55:41
6102,100478,2025-04-24,credit,16560,107531,2025-12-01 14:55:41
6103,100478,2025-04-18,,17669,107531,2025-07-05 14:55:41
6104,100478,2025-13-40,,4655,107531,2025-09-07 14:55:41
6105,100478,2025-03-12,debit,15562,"91,969",2025-07-11 14:55:41
6106,100479,2025-09-14,,"₹14,037",28734,2025-08-13 14:55:41
6107,100479,2025-12-30,,9231,28734,2025-10-19 14:55:41
6108,100479,2025-09-08,debit,19844,8890,2025-11-05 14:55:41
6109,100479,2025-05-09,,6828,8890,2025-09-29 14:55:41
6110,100479,2025-02-05,debit,9102,0,2025-09-13 14:55:41
6111,100479,2025-02-09,,8672,0,2025-12-28 14:55:41
6112,100479,2025-11-12,debit,"15,066",₹0,2025-10-12 14:55:41
6113,100479,2025-01-16,debit,"₹8,293",0,2025-09-21 14:55:41
6114,100479,2025-12-26,debit,"6,441",N/A,2025-11-07 14:55:41
6115,100479,2025-12-15,credit,"4,440",0,2025-11-13 14:55:41
6116,100479,2025-04-25,,--,0,2025-09-07 14:55:41
6117,100480,2025-05-17,debit,1865,19717,2025-09-15 14:55:41
6118,100480,2025-01-04,,4804,19717,2025-08-05 14:55:41
6119,100480,2025-07-21,debit,1770,17947,2025-12-27 14:55:41
6120,100480,2025-03-24,,18476,17947,2025-07-14 14:55:41
6121,100480,2025-10-08,debit,5849,12098,2025-09-02 14:55:41
6122,100480,2025-09-30,,2605,12098,2025-11-07 14:55:41
6123,100480,2025-09-24,credit,4623,16721,2025-07-28 14:55:41
6124,100480,2025-03-29,,15974,N/A,2025-08-28 14:55:41
6125,100480,2025-05-20,credit,15313,32034,2026-01-03 14:55:41
6126,100480,2025-10-08,credit,18932,50966,2025-08-14 14:55:41
6127,100480,2025-05-16,,18393,50966,2025-08-09 14:55:41
6128,100480,2025-04-22,credit,17815,68781,2025-12-12 14:55:41
6129,100480,2025-09-27,credit,15921,N/A,2025-08-31 14:55:41
6130,100480,2025-05-19,credit,7230,91932,2025-08-13 14:55:41
6131,100480,2025-05-08,credit,12782,104714,2025-11-08 14:55:41
6132,100480,2025-12-12,,13639,104714,2025-12-12 14:55:41
6133,100481,2025-02-21,,13550,47172,2025-07-31 14:55:41
6134,100481,2025-05-09,credit,11868,59040,2025-09-09 14:55:41
6135,100481,2025-13-40,credit,13277,72317,2025-11-18 14:55:41
6136,100481,2025-06-10,credit,19173,91490,2025-12-13 14:55:41
6137,100481,2025-10-05,credit,1951,93441,2025-12-12 14:55:41
6138,100481,2025-02-15,debit,"₹10,004",83437,2025-12-25 14:55:41
6139,100481,2025-11-25,credit,17782,N/A,2025-11-12 14:55:41
6140,100481,2025-11-25,,19104,101219,2025-07-29 14:55:41
6141,100482,2025-10-01,debit,--,0,2025-07-02 14:55:41
6142,100482,2025-02-22,,18088,0,2026-01-02 14:55:41
6143,100482,2025-10-10,,9949,0,2025-07-04 14:55:41
6144,100482,2025-01-29,debit,10665,0,2025-10-23 14:55:41
6145,100482,2025-07-06,debit,6565,0,2025-11-21 14:55:41
6146,100482,2025-07-25,debit,14029,0,2025-07-02 14:55:41
6147,100482,2025-03-23,credit,N/A,0,2025-08-22 14:55:41
6148,100482,2025-12-14,debit,13704,0,2025-12-13 14:55:41
6149,100483,2025-13-40,debit,13122,0,2025-08-09 14:55:41
6150,100483,2025-01-08,credit,17209,6747,2025-10-11 14:55:41
6151,100483,2025-07-08,credit,"11,485","₹18,232",2026-01-04 14:55:41
6152,100483,2025-05-10,,15755,18232,2025-12-04 14:55:41
6153,100483,2025-06-03,debit,N/A,13937,2025-12-30 14:55:41
6154,100483,2025-05-30,,"8,040",13937,2025-12-01 14:55:41
6155,100483,2025-10-31,debit,"1,373","12,564",2025-08-23 14:55:41
6156,100483,17/03/2025,credit,"2,626",15190,2025-09-11 14:55:41
6157,100483,2025-10-25,credit,570,15760,2025-09-29 14:55:41
6158,100483,21/05/2025,credit,14106,29866,2025-08-20 14:55:41
6159,100483,2025-05-03,debit,11363,18503,2025-12-11 14:55:41
6160,100483,2025-10-11,credit,16720,35223,2025-12-01 14:55:41
6161,100484,2025-01-20,credit,13078,47457,2025-08-28 14:55:41
6162,100484,15/12/2025,debit,3073,"44,384",2025-10-02 14:55:41
6163,100484,2025-12-06,,--,44384,2025-07-04 14:55:41
6164,100484,2025-09-24,credit,5682,50066,2025-11-24 14:55:41
6165,100484,2025-09-07,credit,1587,51653,2025-10-10 14:55:41
6166,100484,2025-02-05,,14326,,2025-08-11 14:55:41
6167,100484,2025-03-31,debit,10085,41568,2025-09-26 14:55:41
6168,100484,2025-01-02,debit,7392,34176,2026-01-08 14:55:41
6169,100484,2025-06-01,debit,16249,17927,2025-09-07 14:55:41
6170,100484,2025-12-30,credit,--,34119,2026-01-01 14:55:41
6171,100484,2025-01-21,debit,6598,27521,2025-07-16 14:55:41
6172,100484,2025-06-06,credit,17767,45288,2025-11-08 14:55:41
6173,100485,15/08/2025,debit,19626,13401,2026-01-04 14:55:41
6174,100485,2025-10-31,credit,8553,21954,2025-10-11 14:55:41
6175,100485,2025-09-01,credit,2538,"24,492",2025-12-20 14:55:41
6176,100485,2025-01-29,,3798,24492,2025-10-26 14:55:41
6177,100485,2025-03-21,,3571,24492,2025-11-12 14:55:41
6178,100485,2025-06-03,credit,15418,39910,2025-08-12 14:55:41
6179,100485,2025-10-12,debit,"₹19,291",20619,2025-12-11 14:55:41
6180,100485,2025-11-11,credit,6716,N/A,2025-07-14 14:55:41
6181,100485,2025-11-05,debit,,9647,2025-12-27 14:55:41
6182,100485,2025-06-23,,"13,267","9,647",2025-10-15 14:55:41
6183,100486,2025-12-18,,1879,45155,2025-09-16 14:55:41
6184,100486,2025-04-07,,3639,45155,2025-11-24 14:55:41
6185,100486,2025-01-14,,14128,45155,2025-07-02 14:55:41
6186,100486,2025-05-06,debit,"₹19,371",25784,2025-08-01 14:55:41
6187,100486,2025-03-29,credit,19089,44873,2025-12-20 14:55:41
6188,100486,2025-02-17,debit,18011,"₹26,862",2025-09-19 14:55:41
6189,100487,2025-11-11,credit,11024,"13,360",2026-01-04 14:55:41
6190,100487,2025-06-30,debit,12154,1206,2026-01-14 14:55:41
6191,100487,2025-01-31,,10844,"₹1,206",2025-10-21 14:55:41
6192,100487,2025-04-15,,--,--,2025-12-04 14:55:41
6193,100487,2025-04-13,credit,4821,,2025-10-07 14:55:41
6194,100487,2025-05-04,credit,4776,"10,803",2025-08-04 14:55:41
6195,100488,2025-05-16,debit,,27455,2025-12-18 14:55:41
6196,100488,2025-08-17,,18428,27455,2025-09-04 14:55:41
6197,100488,2025-04-17,credit,N/A,37165,2025-11-02 14:55:41
6198,100488,2025-01-22,credit,2610,N/A,2025-12-27 14:55:41
6199,100488,20/04/2025,debit,"10,888",28887,2025-10-14 14:55:41
6200,100488,2025-02-28,debit,7943,20944,2025-11-05 14:55:41
6201,100488,2025-13-40,,14978,--,2025-11-17 14:55:41
6202,100488,2025-05-18,,,20944,2025-12-16 14:55:41
6203,100488,2025-11-13,,4479,20944,2025-08-16 14:55:41
6204,100488,2025-01-09,credit,19449,"40,393",2025-08-25 14:55:41
6205,100488,2025-11-20,,8866,40393,2025-08-28 14:55:41
6206,100488,2025-07-04,,12646,40393,2025-12-25 14:55:41
6207,100488,2025-08-16,credit,"7,110",47503,2025-11-04 14:55:41
6208,100488,2025-03-28,credit,7147,"54,650",2025-11-20 14:55:41
6209,100488,2025-02-02,,1848,54650,2025-07-09 14:55:41
6210,100488,2025-04-13,,257,N/A,2025-07-04 14:55:41
6211,100488,2025-13-40,credit,--,55500,2025-09-29 14:55:41
6212,100488,2025-12-29,credit,7501,63001,2025-11-19 14:55:41
6213,100488,2025-13-40,credit,11687,74688,2026-01-14 14:55:41
6214,100488,2025-10-29,debit,12715,61973,2025-11-16 14:55:41
6215,100489,2025-05-14,,18167,,2025-09-12 14:55:41
6216,100489,2025-07-22,,10360,32836,2025-08-20 14:55:41
6217,100489,2025-08-31,,18583,32836,2025-09-21 14:55:41
6218,100489,2025-10-29,debit,6340,26496,2025-07-03 14:55:41
6219,100489,2025-09-18,debit,13686,12810,2025-12-31 14:55:41
6220,100489,28/01/2025,credit,9599,22409,2025-07-20 14:55:41
6221,100489,2025-07-09,debit,18793,3616,2025-12-14 14:55:41
6222,100489,2025-09-24,debit,689,2927,2025-08-30 14:55:41
6223,100489,2025-05-25,credit,7793,"₹10,720",2025-10-04 14:55:41
6224,100489,2025-12-23,credit,14145,24865,2025-10-11 14:55:41
6225,100489,2025-03-16,debit,N/A,15256,2025-07-31 14:55:41
6226,100489,2025-08-20,credit,7704,22960,2025-07-25 14:55:41
6227,100489,2025-08-23,,6284,22960,2025-11-07 14:55:41
6228,100489,2025-08-20,credit,"10,533",33493,2025-07-14 14:55:41
6229,100489,2025-08-06,,16233,,2025-08-08 14:55:41
6230,100489,2025-11-24,credit,965,"₹34,458",2025-11-03 14:55:41
6231,100489,2025-03-17,credit,4949,39407,2025-09-09 14:55:41
6232,100490,2025-10-03,credit,9526,46071,2025-10-25 14:55:41
6233,100490,2025-12-26,credit,6107,52178,2026-01-02 14:55:41
6234,100490,2025-11-15,credit,N/A,60558,2025-07-04 14:55:41
6235,100490,2025-03-16,,2737,"₹60,558",2025-08-02 14:55:41
6236,100490,2025-09-06,debit,14289,46269,2025-10-08 14:55:41
6237,100490,2025-10-14,debit,17547,"₹28,722",2025-12-28 14:55:41
6238,100491,2025-03-10,debit,17196,29371,2025-09-17 14:55:41
6239,100491,2025-08-23,debit,14775,14596,2025-10-11 14:55:41
6240,100491,2025-02-27,credit,13861,28457,2025-09-16 14:55:41
6241,100491,2025-03-11,credit,5970,34427,2025-08-09 14:55:41
6242,100491,2025-06-15,,13591,34427,2025-11-07 14:55:41
6243,100491,2025-02-26,,4427,34427,2025-12-28 14:55:41
6244,100491,2025-09-25,credit,11428,45855,2025-12-18 14:55:41
6245,100491,2025-06-07,credit,17955,63810,2025-07-29 14:55:41
6246,100491,2025-10-30,credit,"1,368",65178,2025-11-01 14:55:41
6247,100491,2025-11-15,,4687,65178,2025-10-19 14:55:41
6248,100491,2025-03-12,debit,2189,62989,2025-09-17 14:55:41
6249,100491,2025-03-16,credit,"₹13,164",76153,2025-12-15 14:55:41
6250,100491,2025-04-05,credit,9459,85612,2025-07-04 14:55:41
6251,100491,2025-12-21,,"₹2,814",85612,2025-08-11 14:55:41
6252,100491,2025-11-16,credit,3299,--,2025-07-29 14:55:41
6253,100491,2025-01-10,credit,14774,N/A,2025-12-05 14:55:41
6254,100491,2025-11-09,,16250,103685,2025-08-03 14:55:41
6255,100491,2025-12-23,credit,12262,115947,2025-10-11 14:55:41
6256,100491,2025-06-24,,783,"115,947",2025-12-08 14:55:41
6257,100491,2025-04-28,debit,16184,99763,2025-09-19 14:55:41
6258,100492,15/04/2025,,13662,"₹46,558",2025-12-18 14:55:41
6259,100492,2025-03-15,,16225,46558,2025-09-04 14:55:41
6260,100492,2025-13-40,,18771,46558,2025-11-17 14:55:41
6261,100492,2025-04-19,credit,"₹15,754",62312,2025-12-07 14:55:41
6262,100492,2025-07-25,debit,1915,60397,2025-07-22 14:55:41
6263,100492,2025-09-05,debit,14148,"46,249",2025-12-09 14:55:41
6264,100492,2025-01-24,debit,9513,36736,2025-08-28 14:55:41
6265,100493,2025-08-16,debit,8901,0,2025-12-15 14:55:41
6266,100493,2025-11-30,credit,8241,7344,2025-09-02 14:55:41
6267,100493,2025-07-17,credit,16430,23774,2025-09-03 14:55:41
6268,100493,2025-13-40,credit,"13,197",36971,2025-10-19 14:55:41
6269,100493,2025-07-27,credit,214075,251046,2025-09-28 14:55:41
6270,100493,2025-09-05,credit,7584,N/A,2025-12-21 14:55:41
6271,100493,2025-11-06,,"₹17,423",,2025-09-09 14:55:41
6272,100493,2025-05-25,debit,6521,252109,2025-10-09 14:55:41
6273,100493,2025-11-19,debit,3901,248208,2025-07-03 14:55:41
6274,100493,2025-12-17,credit,--,266518,2025-07-28 14:55:41
6275,100493,2025-03-12,debit,"₹1,416","265,102",2025-08-31 14:55:41
6276,100493,2025-11-20,,14758,265102,2025-09-27 14:55:41
6277,100493,2025-09-08,,15443,,2025-08-10 14:55:41
6278,100493,2025-09-16,credit,"19,957",285059,2025-08-12 14:55:41
6279,100493,2025-09-19,,17922,285059,2025-07-02 14:55:41
6280,100494,2025-11-25,credit,14340,45836,2026-01-17 14:55:41
6281,100494,10/02/2025,,9990,45836,2025-11-26 14:55:41
6282,100494,2025-01-05,credit,12009,57845,2025-08-03 14:55:41
6283,100494,2025-06-01,credit,"11,027",68872,2025-09-26 14:55:41
6284,100494,2025-06-05,credit,"14,986",83858,2025-10-18 14:55:41
6285,100494,2025-10-21,,4052,83858,2025-10-16 14:55:41
6286,100494,2025-12-13,,13537,83858,2025-07-18 14:55:41
6287,100494,2025-10-22,,898,"83,858",2025-11-17 14:55:41
6288,100494,2025-06-11,,"18,552",83858,2025-12-01 14:55:41
6289,100494,08/06/2025,debit,16463,N/A,2025-08-09 14:55:41
6290,100494,2025-03-22,,13403,67395,2025-07-16 14:55:41
6291,100494,20/11/2025,,"5,457",67395,2025-12-14 14:55:41
6292,100494,2025-01-23,credit,15178,N/A,2025-10-19 14:55:41
6293,100494,2025-08-26,credit,10168,92741,2025-07-08 14:55:41
6294,100494,2025-01-11,credit,11319,104060,2025-09-26 14:55:41
6295,100494,2025-04-24,,16201,104060,2025-12-14 14:55:41
6296,100494,2025-07-22,credit,12478,116538,2025-11-18 14:55:41
6297,100495,2025-10-21,debit,19706,0,2026-01-14 14:55:41
6298,100495,2025-05-08,debit,16122,0,2025-10-10 14:55:41
6299,100495,2025-01-26,credit,N/A,0,2025-07-18 14:55:41
6300,100495,2025-02-18,credit,17617,8564,2025-08-23 14:55:41
6301,100495,2025-05-27,debit,"1,844",6720,2025-09-07 14:55:41
6302,100495,2025-03-21,debit,"₹15,388",--,2026-01-10 14:55:41
6303,100495,2025-08-21,credit,11543,2875,2025-11-14 14:55:41
6304,100495,02/01/2025,credit,13881,16756,2025-07-31 14:55:41
6305,100495,2025-12-31,debit,1226,"15,530",2025-10-19 14:55:41
6306,100495,2025-06-14,credit,892,16422,2025-11-05 14:55:41
6307,100495,2025-05-15,,3654,16422,2026-01-12 14:55:41
6308,100495,2025-07-21,credit,,28188,2025-09-16 14:55:41
6309,100495,2025-09-20,,"14,692",28188,2026-01-15 14:55:41
6310,100495,2025-07-25,credit,4801,32989,2025-10-24 14:55:41
6311,100495,2025-08-28,,9436,32989,2025-08-26 14:55:41
6312,100496,2025-01-10,,10299,27789,2025-10-02 14:55:41
6313,100496,2025-07-04,debit,"₹12,657",15132,2025-08-28 14:55:41
6314,100496,2025-02-07,,3328,15132,2025-12-27 14:55:41
6315,100496,2025-11-04,,"₹14,910",15132,2025-11-10 14:55:41
6316,100496,2025-07-23,,13680,"15,132",2025-11-06 14:55:41
6317,100496,2025-09-25,debit,7564,"₹7,568",2025-09-23 14:55:41
6318,100496,2025-05-05,,8189,7568,2025-10-12 14:55:41
6319,100496,2025-06-12,,"9,409",7568,2025-12-15 14:55:41
6320,100496,2025-09-12,,11156,7568,2025-08-18 14:55:41
6321,100496,2025-13-40,,"7,395",7568,2025-12-12 14:55:41
6322,100496,2025-04-21,,--,7568,2025-10-28 14:55:41
6323,100496,2025-08-18,debit,5107,2461,2025-11-25 14:55:41
6324,100497,27/09/2025,debit,146800,0,2025-10-28 14:55:41
6325,100497,2025-01-26,,19426,N/A,2025-10-05 14:55:41
6326,100497,2025-11-11,debit,"16,303",0,2025-10-18 14:55:41
6327,100497,2025-09-07,debit,"₹5,220",₹0,2025-07-07 14:55:41
6328,100497,2025-10-19,debit,3956,0,2025-09-28 14:55:41
6329,100497,2025-09-13,,5000,0,2025-09-30 14:55:41
6330,100497,2025-12-05,credit,17504,0,2025-07-04 14:55:41
6331,100497,2025-11-08,credit,638,0,2025-10-14 14:55:41
6332,100498,2025-06-13,credit,3974,35243,2025-11-13 14:55:41
6333,100498,05/06/2025,debit,1144,34099,2025-08-23 14:55:41
6334,100498,2025-06-13,debit,8101,25998,2025-07-31 14:55:41
6335,100498,2025-13-40,credit,10656,36654,2025-12-07 14:55:41
6336,100498,2025-04-10,debit,"7,195",29459,2025-12-03 14:55:41
6337,100498,2025-11-17,credit,9642,"₹39,101",2025-07-18 14:55:41
6338,100498,2025-04-24,,9757,39101,2026-01-15 14:55:41
6339,100498,2025-05-06,,11025,39101,2025-12-24 14:55:41
6340,100498,2025-04-11,debit,1367,37734,2025-09-24 14:55:41
6341,100498,2025-02-07,debit,13726,24008,2025-09-30 14:55:41
6342,100498,2025-13-40,debit,7876,16132,2025-11-30 14:55:41
6343,100498,2025-13-40,credit,17361,--,2025-11-06 14:55:41
6344,100498,2025-07-02,debit,"16,357",17136,2025-11-21 14:55:41
6345,100498,2025-03-23,credit,19152,--,2026-01-16 14:55:41
6346,100498,2025-02-05,,2968,36288,2025-09-15 14:55:41
6347,100498,2025-03-02,debit,19556,16732,2025-10-08 14:55:41
6348,100498,2025-03-22,credit,14961,31693,2025-10-21 14:55:41
6349,100498,2025-07-05,debit,9570,22123,2025-08-17 14:55:41
6350,100498,2025-06-01,,2647,"₹22,123",2025-12-24 14:55:41
6351,100499,2025-09-16,debit,9200,14853,2025-09-25 14:55:41
6352,100499,2025-06-06,,"₹18,908",14853,2025-09-12 14:55:41
6353,100499,2025-05-16,debit,14349,504,2025-11-18 14:55:41
6354,100499,2025-04-02,debit,10656,N/A,2025-10-06 14:55:41
6355,100499,2025-04-11,debit,1266,0,2025-07-27 14:55:41
6356,100499,2025-02-13,,--,0,2025-08-29 14:55:41
6357,100499,2025-03-20,debit,2965,0,2025-12-02 14:55:41
6358,100499,2025-03-04,,10959,0,2025-09-16 14:55:41
6359,100499,15/01/2025,credit,"9,746",₹0,2025-09-02 14:55:41
6360,100499,2025-10-02,debit,10310,0,2025-09-06 14:55:41
6361,100499,2025-02-25,,15423,0,2025-09-17 14:55:41
6362,100499,2025-03-26,,8495,₹0,2026-01-01 14:55:41
6363,100499,2025-12-08,debit,17890,0,2025-12-07 14:55:41
6364,100499,2025-01-27,,1939,0,2025-12-21 14:55:41
6365,100499,2025-02-22,debit,1299,0,2025-09-19 14:55:41
6366,100499,2025-06-04,,"₹1,815",0,2025-09-12 14:55:41
